{
"type": "FeatureCollection",
"name": "paradas",
"crs": { "type": "name", "properties": { "name": "urn:ogc:def:crs:OGC:1.3:CRS84" } },
"features": [
{ "type": "Feature", "properties": { "id_linea": "L1", "capa": "TRANSMETRO - Línea 1", "orden": 1, "nombre": "San Sebastián - Líneas 1 y 2", "id_ruta": "L1", "sistema": "transmetro" }, "geometry": { "type": "Point", "coordinates": [ -90.51309, 14.645822, 0.0 ] } },
{ "type": "Feature", "properties": { "id_linea": "L1", "capa": "TRANSMETRO - Línea 1", "orden": 2, "nombre": "Gómez Carrillo", "id_ruta": "L1", "sistema": "transmetro" }, "geometry": { "type": "Point", "coordinates": [ -90.515788, 14.634535, 0.0 ] } },
{ "type": "Feature", "properties": { "id_linea": "L1", "capa": "TRANSMETRO - Línea 1", "orden": 3, "nombre": "San Agustín", "id_ruta": "L1", "sistema": "transmetro" }, "geometry": { "type": "Point", "coordinates": [ -90.515297, 14.638467, 0.0 ] } },
{ "type": "Feature", "properties": { "id_linea": "L1", "capa": "TRANSMETRO - Línea 1", "orden": 4, "nombre": "Parque Centenario", "id_ruta": "L1", "sistema": "transmetro" }, "geometry": { "type": "Point", "coordinates": [ -90.514804, 14.642065, 0.0 ] } },
{ "type": "Feature", "properties": { "id_linea": "L1", "capa": "TRANSMETRO - Línea 1", "orden": 5, "nombre": "Mercado Central", "id_ruta": "L1", "sistema": "transmetro" }, "geometry": { "type": "Point", "coordinates": [ -90.511501, 14.642337, 0.0 ] } },
{ "type": "Feature", "properties": { "id_linea": "L1", "capa": "TRANSMETRO - Línea 1", "orden": 6, "nombre": "Correos", "id_ruta": "L1", "sistema": "transmetro" }, "geometry": { "type": "Point", "coordinates": [ -90.512248, 14.637162, 0.0 ] } },
{ "type": "Feature", "properties": { "id_linea": "L1", "capa": "TRANSMETRO - Línea 1", "orden": 7, "nombre": "Beatas de Belén", "id_ruta": "L1", "sistema": "transmetro" }, "geometry": { "type": "Point", "coordinates": [ -90.512679, 14.633918, 0.0 ] } },
{ "type": "Feature", "properties": { "id_linea": "L1", "capa": "TRANSMETRO - Línea 1", "orden": 8, "nombre": "Paseo de las Letras", "id_ruta": "L1", "sistema": "transmetro" }, "geometry": { "type": "Point", "coordinates": [ -90.513335, 14.629904, 0.0 ] } },
{ "type": "Feature", "properties": { "id_linea": "L1", "capa": "TRANSMETRO - Línea 1", "orden": 9, "nombre": "Centro Cívico", "id_ruta": "L1", "sistema": "transmetro" }, "geometry": { "type": "Point", "coordinates": [ -90.514819, 14.627727, 0.0 ] } },
{ "type": "Feature", "properties": { "id_linea": "L1", "capa": "TRANSMETRO - Línea 1", "orden": 10, "nombre": "Sur 2", "id_ruta": "L1", "sistema": "transmetro" }, "geometry": { "type": "Point", "coordinates": [ -90.516288, 14.631314, 0.0 ] } },
{ "type": "Feature", "properties": { "id_linea": "L12", "capa": "TRANSMETRO - Línea 12", "orden": 1, "nombre": "Plaza Municipal", "id_ruta": "L12", "sistema": "transmetro" }, "geometry": { "type": "Point", "coordinates": [ -90.51581, 14.627598, 0.0 ] } },
{ "type": "Feature", "properties": { "id_linea": "L12", "capa": "TRANSMETRO - Línea 12", "orden": 2, "nombre": "Plaza Barrios", "id_ruta": "L12", "sistema": "transmetro" }, "geometry": { "type": "Point", "coordinates": [ -90.512264, 14.630161, 0.0 ] } },
{ "type": "Feature", "properties": { "id_linea": "L12", "capa": "TRANSMETRO - Línea 12", "orden": 3, "nombre": "Plaza El Amate", "id_ruta": "L12", "sistema": "transmetro" }, "geometry": { "type": "Point", "coordinates": [ -90.516836, 14.631332, 0.0 ] } },
{ "type": "Feature", "properties": { "id_linea": "L12", "capa": "TRANSMETRO - Línea 12", "orden": 4, "nombre": "Don Bosco", "id_ruta": "L12", "sistema": "transmetro" }, "geometry": { "type": "Point", "coordinates": [ -90.522144, 14.625061, 0.0 ] } },
{ "type": "Feature", "properties": { "id_linea": "L12", "capa": "TRANSMETRO - Línea 12", "orden": 5, "nombre": "Bolívar - Dir. Plaza Barrios", "id_ruta": "L12", "sistema": "transmetro" }, "geometry": { "type": "Point", "coordinates": [ -90.527815, 14.619062, 0.0 ] } },
{ "type": "Feature", "properties": { "id_linea": "L12", "capa": "TRANSMETRO - Línea 12", "orden": 6, "nombre": "Bolívar - Dir. Centra Sur", "id_ruta": "L12", "sistema": "transmetro" }, "geometry": { "type": "Point", "coordinates": [ -90.527253, 14.619842, 0.0 ] } },
{ "type": "Feature", "properties": { "id_linea": "L12", "capa": "TRANSMETRO - Línea 12", "orden": 7, "nombre": "Santa Cecilia", "id_ruta": "L12", "sistema": "transmetro" }, "geometry": { "type": "Point", "coordinates": [ -90.533122, 14.614573, 0.0 ] } },
{ "type": "Feature", "properties": { "id_linea": "L12", "capa": "TRANSMETRO - Línea 12", "orden": 8, "nombre": "Trébol", "id_ruta": "L12", "sistema": "transmetro" }, "geometry": { "type": "Point", "coordinates": [ -90.535721, 14.61267, 0.0 ] } },
{ "type": "Feature", "properties": { "id_linea": "L12", "capa": "TRANSMETRO - Línea 12", "orden": 9, "nombre": "Mariscal - Dir. Centra Sur", "id_ruta": "L12", "sistema": "transmetro" }, "geometry": { "type": "Point", "coordinates": [ -90.544066, 14.605749, 0.0 ] } },
{ "type": "Feature", "properties": { "id_linea": "L12", "capa": "TRANSMETRO - Línea 12", "orden": 10, "nombre": "Mariscal - Dir. Plaza Barrios", "id_ruta": "L12", "sistema": "transmetro" }, "geometry": { "type": "Point", "coordinates": [ -90.545099, 14.604719, 0.0 ] } },
{ "type": "Feature", "properties": { "id_linea": "L12", "capa": "TRANSMETRO - Línea 12", "orden": 11, "nombre": "Reformita - Dir. Centra Sur", "id_ruta": "L12", "sistema": "transmetro" }, "geometry": { "type": "Point", "coordinates": [ -90.548, 14.602392, 0.0 ] } },
{ "type": "Feature", "properties": { "id_linea": "L12", "capa": "TRANSMETRO - Línea 12", "orden": 12, "nombre": "Reformita - Dir. Plaza Barrios", "id_ruta": "L12", "sistema": "transmetro" }, "geometry": { "type": "Point", "coordinates": [ -90.549604, 14.601026, 0.0 ] } },
{ "type": "Feature", "properties": { "id_linea": "L12", "capa": "TRANSMETRO - Línea 12", "orden": 13, "nombre": "El Carmen", "id_ruta": "L12", "sistema": "transmetro" }, "geometry": { "type": "Point", "coordinates": [ -90.555506, 14.596331, 0.0 ] } },
{ "type": "Feature", "properties": { "id_linea": "L12", "capa": "TRANSMETRO - Línea 12", "orden": 14, "nombre": "Las Charcas - Dir. Centra sur", "id_ruta": "L12", "sistema": "transmetro" }, "geometry": { "type": "Point", "coordinates": [ -90.558488, 14.593477, 0.0 ] } },
{ "type": "Feature", "properties": { "id_linea": "L12", "capa": "TRANSMETRO - Línea 12", "orden": 15, "nombre": "Las Charcas - Dir. Plaza Barrios", "id_ruta": "L12", "sistema": "transmetro" }, "geometry": { "type": "Point", "coordinates": [ -90.559007, 14.59242, 0.0 ] } },
{ "type": "Feature", "properties": { "id_linea": "L12", "capa": "TRANSMETRO - Línea 12", "orden": 16, "nombre": "Javier", "id_ruta": "L12", "sistema": "transmetro" }, "geometry": { "type": "Point", "coordinates": [ -90.562803, 14.586964, 0.0 ] } },
{ "type": "Feature", "properties": { "id_linea": "L12", "capa": "TRANSMETRO - Línea 12", "orden": 17, "nombre": "Monte María", "id_ruta": "L12", "sistema": "transmetro" }, "geometry": { "type": "Point", "coordinates": [ -90.567952, 14.580631, 0.0 ] } },
{ "type": "Feature", "properties": { "id_linea": "L12", "capa": "TRANSMETRO - Línea 12", "orden": 18, "nombre": "Centra Sur", "id_ruta": "L12", "sistema": "transmetro" }, "geometry": { "type": "Point", "coordinates": [ -90.563759, 14.564474, 0.0 ] } },
{ "type": "Feature", "properties": { "id_linea": "L13", "capa": "TRANSMETRO - Línea 13", "orden": 1, "nombre": "4 Grados Sur", "id_ruta": "L13", "sistema": "transmetro" }, "geometry": { "type": "Point", "coordinates": [ -90.516399, 14.624344, 0.0 ] } },
{ "type": "Feature", "properties": { "id_linea": "L13", "capa": "TRANSMETRO - Línea 13", "orden": 2, "nombre": "Exposición ", "id_ruta": "L13", "sistema": "transmetro" }, "geometry": { "type": "Point", "coordinates": [ -90.517193, 14.619299, 0.0 ] } },
{ "type": "Feature", "properties": { "id_linea": "L13", "capa": "TRANSMETRO - Línea 13", "orden": 3, "nombre": "Terminal", "id_ruta": "L13", "sistema": "transmetro" }, "geometry": { "type": "Point", "coordinates": [ -90.518269, 14.613559, 0.0 ] } },
{ "type": "Feature", "properties": { "id_linea": "L13", "capa": "TRANSMETRO - Línea 13", "orden": 4, "nombre": "Industria", "id_ruta": "L13", "sistema": "transmetro" }, "geometry": { "type": "Point", "coordinates": [ -90.519043, 14.609398, 0.0 ] } },
{ "type": "Feature", "properties": { "id_linea": "L13", "capa": "TRANSMETRO - Línea 13", "orden": 5, "nombre": "Tívoli", "id_ruta": "L13", "sistema": "transmetro" }, "geometry": { "type": "Point", "coordinates": [ -90.520057, 14.604494, 0.0 ] } },
{ "type": "Feature", "properties": { "id_linea": "L13", "capa": "TRANSMETRO - Línea 13", "orden": 6, "nombre": "Montúfar", "id_ruta": "L13", "sistema": "transmetro" }, "geometry": { "type": "Point", "coordinates": [ -90.520772, 14.600533, 0.0 ] } },
{ "type": "Feature", "properties": { "id_linea": "L13", "capa": "TRANSMETRO - Línea 13", "orden": 7, "nombre": "Acueducto", "id_ruta": "L13", "sistema": "transmetro" }, "geometry": { "type": "Point", "coordinates": [ -90.521723, 14.5936, 0.0 ] } },
{ "type": "Feature", "properties": { "id_linea": "L13", "capa": "TRANSMETRO - Línea 13", "orden": 8, "nombre": "Fuerza Aérea", "id_ruta": "L13", "sistema": "transmetro" }, "geometry": { "type": "Point", "coordinates": [ -90.523368, 14.587586, 0.0 ] } },
{ "type": "Feature", "properties": { "id_linea": "L13", "capa": "TRANSMETRO - Línea 13", "orden": 9, "nombre": "Hangares", "id_ruta": "L13", "sistema": "transmetro" }, "geometry": { "type": "Point", "coordinates": [ -90.524384, 14.580073, 0.0 ] } },
{ "type": "Feature", "properties": { "id_linea": "L13", "capa": "TRANSMETRO - Línea 13", "orden": 10, "nombre": "Plaza Argentina", "id_ruta": "L13", "sistema": "transmetro" }, "geometry": { "type": "Point", "coordinates": [ -90.522537, 14.585852, 0.0 ] } },
{ "type": "Feature", "properties": { "id_linea": "L13", "capa": "TRANSMETRO - Línea 13", "orden": 11, "nombre": "Los Arcos", "id_ruta": "L13", "sistema": "transmetro" }, "geometry": { "type": "Point", "coordinates": [ -90.520798, 14.592066, 0.0 ] } },
{ "type": "Feature", "properties": { "id_linea": "L13", "capa": "TRANSMETRO - Línea 13", "orden": 12, "nombre": "Plaza España", "id_ruta": "L13", "sistema": "transmetro" }, "geometry": { "type": "Point", "coordinates": [ -90.519137, 14.599719, 0.0 ] } },
{ "type": "Feature", "properties": { "id_linea": "L13", "capa": "TRANSMETRO - Línea 13", "orden": 13, "nombre": "IGSS Zona 9", "id_ruta": "L13", "sistema": "transmetro" }, "geometry": { "type": "Point", "coordinates": [ -90.518336, 14.604091, 0.0 ] } },
{ "type": "Feature", "properties": { "id_linea": "L13", "capa": "TRANSMETRO - Línea 13", "orden": 14, "nombre": "Seis 26", "id_ruta": "L13", "sistema": "transmetro" }, "geometry": { "type": "Point", "coordinates": [ -90.517372, 14.6092, 0.0 ] } },
{ "type": "Feature", "properties": { "id_linea": "L13", "capa": "TRANSMETRO - Línea 13", "orden": 15, "nombre": "Torre del Reformador", "id_ruta": "L13", "sistema": "transmetro" }, "geometry": { "type": "Point", "coordinates": [ -90.516414, 14.614128, 0.0 ] } },
{ "type": "Feature", "properties": { "id_linea": "L13", "capa": "TRANSMETRO - Línea 13", "orden": 16, "nombre": "Plaza de la República", "id_ruta": "L13", "sistema": "transmetro" }, "geometry": { "type": "Point", "coordinates": [ -90.515494, 14.619614, 0.0 ] } },
{ "type": "Feature", "properties": { "id_linea": "L13", "capa": "TRANSMETRO - Línea 13", "orden": 17, "nombre": "Cantón Exposición", "id_ruta": "L13", "sistema": "transmetro" }, "geometry": { "type": "Point", "coordinates": [ -90.515147, 14.62237, 0.0 ] } },
{ "type": "Feature", "properties": { "id_linea": "L13", "capa": "TRANSMETRO - Línea 13", "orden": 18, "nombre": "Banco de Guatemala", "id_ruta": "L13", "sistema": "transmetro" }, "geometry": { "type": "Point", "coordinates": [ -90.514641, 14.626169, 0.0 ] } },
{ "type": "Feature", "properties": { "id_linea": "L13", "capa": "TRANSMETRO - Línea 13", "orden": 19, "nombre": "Tipografía", "id_ruta": "L13", "sistema": "transmetro" }, "geometry": { "type": "Point", "coordinates": [ -90.514372, 14.630882, 0.0 ] } },
{ "type": "Feature", "properties": { "id_linea": "L13", "capa": "TRANSMETRO - Línea 13", "orden": 20, "nombre": "El Calvario", "id_ruta": "L13", "sistema": "transmetro" }, "geometry": { "type": "Point", "coordinates": [ -90.515568, 14.630198, 0.0 ] } },
{ "type": "Feature", "properties": { "id_linea": "L13", "capa": "Línea 13 - Plaza Argentina - Plaza Berlín", "orden": 1, "nombre": "Plaza Berlín", "id_ruta": "L13", "sistema": "transmetro" }, "geometry": { "type": "Point", "coordinates": [ -90.526851, 14.569946, 0.0 ] } },
{ "type": "Feature", "properties": { "id_linea": "L13", "capa": "Línea 13 - Plaza Argentina - Plaza Berlín", "orden": 2, "nombre": "Juan Pablo II", "id_ruta": "L13", "sistema": "transmetro" }, "geometry": { "type": "Point", "coordinates": [ -90.524253, 14.574241, 0.0 ] } },
{ "type": "Feature", "properties": { "id_linea": "L13", "capa": "Línea 13 - Plaza Argentina - Plaza Berlín", "orden": 3, "nombre": "Plaza Argentina", "id_ruta": "L13", "sistema": "transmetro" }, "geometry": { "type": "Point", "coordinates": [ -90.522537, 14.585852, 0.0 ] } },
{ "type": "Feature", "properties": { "id_linea": "L18", "capa": "TRANSMETRO - Línea 18", "orden": 1, "nombre": "Atlántida", "id_ruta": "L18", "sistema": "transmetro" }, "geometry": { "type": "Point", "coordinates": [ -90.47799, 14.651049, 0.0 ] } },
{ "type": "Feature", "properties": { "id_linea": "L18", "capa": "TRANSMETRO - Línea 18", "orden": 2, "nombre": "Portales", "id_ruta": "L18", "sistema": "transmetro" }, "geometry": { "type": "Point", "coordinates": [ -90.481988, 14.648731, 0.0 ] } },
{ "type": "Feature", "properties": { "id_linea": "L18", "capa": "TRANSMETRO - Línea 18", "orden": 3, "nombre": "Victorias", "id_ruta": "L18", "sistema": "transmetro" }, "geometry": { "type": "Point", "coordinates": [ -90.493438, 14.648428, 0.0 ] } },
{ "type": "Feature", "properties": { "id_linea": "L18", "capa": "TRANSMETRO - Línea 18", "orden": 4, "nombre": "San Martín - Dir. Atlántida", "id_ruta": "L18", "sistema": "transmetro" }, "geometry": { "type": "Point", "coordinates": [ -90.496726, 14.645272, 0.0 ] } },
{ "type": "Feature", "properties": { "id_linea": "L18", "capa": "TRANSMETRO - Línea 18", "orden": 5, "nombre": "Cerro del Carmen - Líneas 6 y 18", "id_ruta": "L18", "sistema": "transmetro" }, "geometry": { "type": "Point", "coordinates": [ -90.504911, 14.648124, 0.0 ] } },
{ "type": "Feature", "properties": { "id_linea": "L18", "capa": "TRANSMETRO - Línea 18", "orden": 6, "nombre": "Colón - Líneas 6 y 18", "id_ruta": "L18", "sistema": "transmetro" }, "geometry": { "type": "Point", "coordinates": [ -90.508369, 14.639986, 0.0 ] } },
{ "type": "Feature", "properties": { "id_linea": "L18", "capa": "TRANSMETRO - Línea 18", "orden": 7, "nombre": "Francos Monroy - Líneas 6 y 18", "id_ruta": "L18", "sistema": "transmetro" }, "geometry": { "type": "Point", "coordinates": [ -90.50937, 14.632644, 0.0 ] } },
{ "type": "Feature", "properties": { "id_linea": "L18", "capa": "TRANSMETRO - Línea 18", "orden": 8, "nombre": "Plaza Barrios/FEGUA - Líneas 6 y 18", "id_ruta": "L18", "sistema": "transmetro" }, "geometry": { "type": "Point", "coordinates": [ -90.511633, 14.630528, 0.0 ] } },
{ "type": "Feature", "properties": { "id_linea": "L18", "capa": "TRANSMETRO - Línea 18", "orden": 9, "nombre": "Capuchinas - Líneas 6 y 18", "id_ruta": "L18", "sistema": "transmetro" }, "geometry": { "type": "Point", "coordinates": [ -90.509892, 14.638555, 0.0 ] } },
{ "type": "Feature", "properties": { "id_linea": "L18", "capa": "TRANSMETRO - Línea 18", "orden": 10, "nombre": "San Martín - Dir. Plaza Barrios/FEGUA", "id_ruta": "L18", "sistema": "transmetro" }, "geometry": { "type": "Point", "coordinates": [ -90.496452, 14.644935, 0.0 ] } },
{ "type": "Feature", "properties": { "id_linea": "L18", "capa": "TRANSMETRO - Línea 18 Atlántida - Paraíso", "orden": 1, "nombre": "Atlántida - San Rafael - Paraíso", "id_ruta": "L18", "sistema": "transmetro" }, "geometry": { "type": "Point", "coordinates": [ -90.477989, 14.65102, 0.0 ] } },
{ "type": "Feature", "properties": { "id_linea": "L18", "capa": "TRANSMETRO - Línea 18 Atlántida - Paraíso", "orden": 2, "nombre": "Paraíso", "id_ruta": "L18", "sistema": "transmetro" }, "geometry": { "type": "Point", "coordinates": [ -90.446671, 14.65898, 0.0 ] } },
{ "type": "Feature", "properties": { "id_linea": "L18", "capa": "TRANSMETRO - Línea 18 Atlántida - Paraíso", "orden": 3, "nombre": "San Rafael", "id_ruta": "L18", "sistema": "transmetro" }, "geometry": { "type": "Point", "coordinates": [ -90.452061, 14.654982, 0.0 ] } },
{ "type": "Feature", "properties": { "id_linea": "L2", "capa": "TRANSMETRO - Línea 2", "orden": 1, "nombre": "Simeón Cañas", "id_ruta": "L2", "sistema": "transmetro" }, "geometry": { "type": "Point", "coordinates": [ -90.51188, 14.65395, 0.0 ] } },
{ "type": "Feature", "properties": { "id_linea": "L2", "capa": "TRANSMETRO - Línea 2", "orden": 2, "nombre": "Hipódromo del Norte", "id_ruta": "L2", "sistema": "transmetro" }, "geometry": { "type": "Point", "coordinates": [ -90.50978, 14.659543, 0.0 ] } },
{ "type": "Feature", "properties": { "id_linea": "L2", "capa": "TRANSMETRO - Línea 2", "orden": 3, "nombre": "San José de la Montaña", "id_ruta": "L2", "sistema": "transmetro" }, "geometry": { "type": "Point", "coordinates": [ -90.511943, 14.653842, 0.0 ] } },
{ "type": "Feature", "properties": { "id_linea": "L2", "capa": "TRANSMETRO - Línea 2", "orden": 4, "nombre": "Jocotenango", "id_ruta": "L2", "sistema": "transmetro" }, "geometry": { "type": "Point", "coordinates": [ -90.513118, 14.65101, 0.0 ] } },
{ "type": "Feature", "properties": { "id_linea": "L2", "capa": "TRANSMETRO - Línea 2", "orden": 5, "nombre": "San Sebastián - Líneas 1 y 2", "id_ruta": "L2", "sistema": "transmetro" }, "geometry": { "type": "Point", "coordinates": [ -90.51309, 14.645822, 0.0 ] } },
{ "type": "Feature", "properties": { "id_linea": "L6", "capa": "TRANSMETRO - Línea 6", "orden": 1, "nombre": "Plaza Barrios/FEGUA - Líneas 6 y 18", "id_ruta": "L6", "sistema": "transmetro" }, "geometry": { "type": "Point", "coordinates": [ -90.511633, 14.630528, 0.0 ] } },
{ "type": "Feature", "properties": { "id_linea": "L6", "capa": "TRANSMETRO - Línea 6", "orden": 2, "nombre": "Francos Monroy  - Líneas 6 y 18", "id_ruta": "L6", "sistema": "transmetro" }, "geometry": { "type": "Point", "coordinates": [ -90.50937, 14.632644, 0.0 ] } },
{ "type": "Feature", "properties": { "id_linea": "L6", "capa": "TRANSMETRO - Línea 6", "orden": 3, "nombre": "Colón - Líneas 6 y 18", "id_ruta": "L6", "sistema": "transmetro" }, "geometry": { "type": "Point", "coordinates": [ -90.508372, 14.639986, 0.0 ] } },
{ "type": "Feature", "properties": { "id_linea": "L6", "capa": "TRANSMETRO - Línea 6", "orden": 4, "nombre": "Cerro del Carmen - Líneas 6 y 18", "id_ruta": "L6", "sistema": "transmetro" }, "geometry": { "type": "Point", "coordinates": [ -90.504911, 14.648125, 0.0 ] } },
{ "type": "Feature", "properties": { "id_linea": "L6", "capa": "TRANSMETRO - Línea 6", "orden": 5, "nombre": "Parroquia", "id_ruta": "L6", "sistema": "transmetro" }, "geometry": { "type": "Point", "coordinates": [ -90.499793, 14.649987, 0.0 ] } },
{ "type": "Feature", "properties": { "id_linea": "L6", "capa": "TRANSMETRO - Línea 6", "orden": 6, "nombre": "IGSS Zona 6", "id_ruta": "L6", "sistema": "transmetro" }, "geometry": { "type": "Point", "coordinates": [ -90.497468, 14.651569, 0.0 ] } },
{ "type": "Feature", "properties": { "id_linea": "L6", "capa": "TRANSMETRO - Línea 6", "orden": 7, "nombre": "Centro Zona 6", "id_ruta": "L6", "sistema": "transmetro" }, "geometry": { "type": "Point", "coordinates": [ -90.496075, 14.654944, 0.0 ] } },
{ "type": "Feature", "properties": { "id_linea": "L6", "capa": "TRANSMETRO - Línea 6", "orden": 8, "nombre": "Academia", "id_ruta": "L6", "sistema": "transmetro" }, "geometry": { "type": "Point", "coordinates": [ -90.494055, 14.659034, 0.0 ] } },
{ "type": "Feature", "properties": { "id_linea": "L6", "capa": "TRANSMETRO - Línea 6", "orden": 9, "nombre": "Cipresales", "id_ruta": "L6", "sistema": "transmetro" }, "geometry": { "type": "Point", "coordinates": [ -90.493794, 14.66532, 0.0 ] } },
{ "type": "Feature", "properties": { "id_linea": "L6", "capa": "TRANSMETRO - Línea 6", "orden": 10, "nombre": "Proyectos 4-4", "id_ruta": "L6", "sistema": "transmetro" }, "geometry": { "type": "Point", "coordinates": [ -90.491939, 14.667559, 0.0 ] } },
{ "type": "Feature", "properties": { "id_linea": "L6", "capa": "TRANSMETRO - Línea 6", "orden": 11, "nombre": "Proyectos", "id_ruta": "L6", "sistema": "transmetro" }, "geometry": { "type": "Point", "coordinates": [ -90.487462, 14.673329, 0.0 ] } },
{ "type": "Feature", "properties": { "id_linea": "L6", "capa": "TRANSMETRO - Línea 6", "orden": 12, "nombre": "Quintanal", "id_ruta": "L6", "sistema": "transmetro" }, "geometry": { "type": "Point", "coordinates": [ -90.4959916, 14.6585464, 0.0 ] } },
{ "type": "Feature", "properties": { "id_linea": "L6", "capa": "TRANSMETRO - Línea 6", "orden": 13, "nombre": "Corpus Christi", "id_ruta": "L6", "sistema": "transmetro" }, "geometry": { "type": "Point", "coordinates": [ -90.496848, 14.656832, 0.0 ] } },
{ "type": "Feature", "properties": { "id_linea": "L6", "capa": "TRANSMETRO - Línea 6", "orden": 14, "nombre": "José Martí", "id_ruta": "L6", "sistema": "transmetro" }, "geometry": { "type": "Point", "coordinates": [ -90.499984, 14.652949, 0.0 ] } },
{ "type": "Feature", "properties": { "id_linea": "L6", "capa": "TRANSMETRO - Línea 6", "orden": 15, "nombre": "Santa Teresa", "id_ruta": "L6", "sistema": "transmetro" }, "geometry": { "type": "Point", "coordinates": [ -90.509165, 14.644051, 0.0 ] } },
{ "type": "Feature", "properties": { "id_linea": "L6", "capa": "TRANSMETRO - Línea 6", "orden": 16, "nombre": "Capuchinas - Líneas 6 y 18", "id_ruta": "L6", "sistema": "transmetro" }, "geometry": { "type": "Point", "coordinates": [ -90.509892, 14.638554, 0.0 ] } },
{ "type": "Feature", "properties": { "id_linea": "L7", "capa": "TRANSMETRO - Línea 7", "orden": 1, "nombre": "USAC Periférico", "id_ruta": "L7", "sistema": "transmetro" }, "geometry": { "type": "Point", "coordinates": [ -90.550515, 14.593119, 0.0 ] } },
{ "type": "Feature", "properties": { "id_linea": "L7", "capa": "TRANSMETRO - Línea 7", "orden": 2, "nombre": "Granai - Dir. La Merced", "id_ruta": "L7", "sistema": "transmetro" }, "geometry": { "type": "Point", "coordinates": [ -90.559135, 14.599635, 0.0 ] } },
{ "type": "Feature", "properties": { "id_linea": "L7", "capa": "TRANSMETRO - Línea 7", "orden": 3, "nombre": "Granai - Dir. USAC Periférico", "id_ruta": "L7", "sistema": "transmetro" }, "geometry": { "type": "Point", "coordinates": [ -90.55953, 14.599572, 0.0 ] } },
{ "type": "Feature", "properties": { "id_linea": "L7", "capa": "TRANSMETRO - Línea 7", "orden": 4, "nombre": "Rodolfo Robles - Dir. La Merced", "id_ruta": "L7", "sistema": "transmetro" }, "geometry": { "type": "Point", "coordinates": [ -90.558211, 14.607072, 0.0 ] } },
{ "type": "Feature", "properties": { "id_linea": "L7", "capa": "TRANSMETRO - Línea 7", "orden": 5, "nombre": "Rodolfo Robles - Dir. USAC Periférico", "id_ruta": "L7", "sistema": "transmetro" }, "geometry": { "type": "Point", "coordinates": [ -90.558094, 14.607673, 0.0 ] } },
{ "type": "Feature", "properties": { "id_linea": "L7", "capa": "TRANSMETRO - Línea 7", "orden": 6, "nombre": "CEJUSA - Dir. La Merced", "id_ruta": "L7", "sistema": "transmetro" }, "geometry": { "type": "Point", "coordinates": [ -90.556525, 14.609437, 0.0 ] } },
{ "type": "Feature", "properties": { "id_linea": "L7", "capa": "TRANSMETRO - Línea 7", "orden": 7, "nombre": "CEJUSA - Dir. USAC Periférico", "id_ruta": "L7", "sistema": "transmetro" }, "geometry": { "type": "Point", "coordinates": [ -90.556431, 14.610095, 0.0 ] } },
{ "type": "Feature", "properties": { "id_linea": "L7", "capa": "TRANSMETRO - Línea 7", "orden": 8, "nombre": "San Jorge - Dir. La Merced", "id_ruta": "L7", "sistema": "transmetro" }, "geometry": { "type": "Point", "coordinates": [ -90.555686, 14.618358, 0.0 ] } },
{ "type": "Feature", "properties": { "id_linea": "L7", "capa": "TRANSMETRO - Línea 7", "orden": 9, "nombre": "San Jorge - Dir. USAC Periférico", "id_ruta": "L7", "sistema": "transmetro" }, "geometry": { "type": "Point", "coordinates": [ -90.556556, 14.619297, 0.0 ] } },
{ "type": "Feature", "properties": { "id_linea": "L7", "capa": "TRANSMETRO - Línea 7", "orden": 10, "nombre": "Roosevelt - Dir. La Merced", "id_ruta": "L7", "sistema": "transmetro" }, "geometry": { "type": "Point", "coordinates": [ -90.5582726, 14.626294, 0.0 ] } },
{ "type": "Feature", "properties": { "id_linea": "L7", "capa": "TRANSMETRO - Línea 7", "orden": 11, "nombre": "Roosevelt - Dir. USAC Periférico", "id_ruta": "L7", "sistema": "transmetro" }, "geometry": { "type": "Point", "coordinates": [ -90.559009, 14.626041, 0.0 ] } },
{ "type": "Feature", "properties": { "id_linea": "L7", "capa": "TRANSMETRO - Línea 7", "orden": 12, "nombre": "San Juan - Dir. La Merced", "id_ruta": "L7", "sistema": "transmetro" }, "geometry": { "type": "Point", "coordinates": [ -90.554744, 14.63024, 0.0 ] } },
{ "type": "Feature", "properties": { "id_linea": "L7", "capa": "TRANSMETRO - Línea 7", "orden": 13, "nombre": "San Juan - Dir. USAC Periférico", "id_ruta": "L7", "sistema": "transmetro" }, "geometry": { "type": "Point", "coordinates": [ -90.554974, 14.63042, 0.0 ] } },
{ "type": "Feature", "properties": { "id_linea": "L7", "capa": "TRANSMETRO - Línea 7", "orden": 14, "nombre": "Ciudad de Plata II - Dir. La Merced", "id_ruta": "L7", "sistema": "transmetro" }, "geometry": { "type": "Point", "coordinates": [ -90.550556, 14.638306, 0.0 ] } },
{ "type": "Feature", "properties": { "id_linea": "L7", "capa": "TRANSMETRO - Línea 7", "orden": 15, "nombre": "Ciudad de Plata II - Dir. USAC Periférico", "id_ruta": "L7", "sistema": "transmetro" }, "geometry": { "type": "Point", "coordinates": [ -90.550753, 14.63849, 0.0 ] } },
{ "type": "Feature", "properties": { "id_linea": "L7", "capa": "TRANSMETRO - Línea 7", "orden": 16, "nombre": "Villa Linda - Dir. La Merced", "id_ruta": "L7", "sistema": "transmetro" }, "geometry": { "type": "Point", "coordinates": [ -90.546255, 14.64133, 0.0 ] } },
{ "type": "Feature", "properties": { "id_linea": "L7", "capa": "TRANSMETRO - Línea 7", "orden": 17, "nombre": "Villa Linda - Dir. USAC Periférico", "id_ruta": "L7", "sistema": "transmetro" }, "geometry": { "type": "Point", "coordinates": [ -90.545503, 14.64223, 0.0 ] } },
{ "type": "Feature", "properties": { "id_linea": "L7", "capa": "TRANSMETRO - Línea 7", "orden": 18, "nombre": "4 de febrero - Dir. La Merced", "id_ruta": "L7", "sistema": "transmetro" }, "geometry": { "type": "Point", "coordinates": [ -90.5396772, 14.6449081, 0.0 ] } },
{ "type": "Feature", "properties": { "id_linea": "L7", "capa": "TRANSMETRO - Línea 7", "orden": 19, "nombre": "4 de febrero - Dir. USAC Periférico", "id_ruta": "L7", "sistema": "transmetro" }, "geometry": { "type": "Point", "coordinates": [ -90.540825, 14.644507, 0.0 ] } },
{ "type": "Feature", "properties": { "id_linea": "L7", "capa": "TRANSMETRO - Línea 7", "orden": 20, "nombre": "Bethania - Dir. USAC Periférico", "id_ruta": "L7", "sistema": "transmetro" }, "geometry": { "type": "Point", "coordinates": [ -90.536813, 14.645891, 0.0 ] } },
{ "type": "Feature", "properties": { "id_linea": "L7", "capa": "TRANSMETRO - Línea 7", "orden": 21, "nombre": "Incienso - Dir. La Merced", "id_ruta": "L7", "sistema": "transmetro" }, "geometry": { "type": "Point", "coordinates": [ -90.530966, 14.648711, 0.0 ] } },
{ "type": "Feature", "properties": { "id_linea": "L7", "capa": "TRANSMETRO - Línea 7", "orden": 22, "nombre": "Incienso - Dir. USAC Periférico", "id_ruta": "L7", "sistema": "transmetro" }, "geometry": { "type": "Point", "coordinates": [ -90.531398, 14.648794, 0.0 ] } },
{ "type": "Feature", "properties": { "id_linea": "L7", "capa": "TRANSMETRO - Línea 7", "orden": 23, "nombre": "San Juan de Dios", "id_ruta": "L7", "sistema": "transmetro" }, "geometry": { "type": "Point", "coordinates": [ -90.51889, 14.64123, 0.0 ] } },
{ "type": "Feature", "properties": { "id_linea": "L7", "capa": "TRANSMETRO - Línea 7", "orden": 24, "nombre": "Pasaje Aycinena", "id_ruta": "L7", "sistema": "transmetro" }, "geometry": { "type": "Point", "coordinates": [ -90.513068, 14.640319, 0.0 ] } },
{ "type": "Feature", "properties": { "id_linea": "L7", "capa": "TRANSMETRO - Línea 7", "orden": 25, "nombre": "La Merced", "id_ruta": "L7", "sistema": "transmetro" }, "geometry": { "type": "Point", "coordinates": [ -90.507925, 14.64347, 0.0 ] } },
{ "type": "Feature", "properties": { "id_linea": "L7", "capa": "TRANSMETRO - Línea 7", "orden": 26, "nombre": "Cruz Roja", "id_ruta": "L7", "sistema": "transmetro" }, "geometry": { "type": "Point", "coordinates": [ -90.510945, 14.64424, 0.0 ] } },
{ "type": "Feature", "properties": { "id_linea": "L7", "capa": "TRANSMETRO - Línea 7", "orden": 27, "nombre": "Archivo General", "id_ruta": "L7", "sistema": "transmetro" }, "geometry": { "type": "Point", "coordinates": [ -90.515695, 14.642434, 0.0 ] } },
{ "type": "Feature", "properties": { "id_linea": "L7", "capa": "TRANSMETRO - Línea 7", "orden": 28, "nombre": "Santuario de Guadalupe", "id_ruta": "L7", "sistema": "transmetro" }, "geometry": { "type": "Point", "coordinates": [ -90.519303, 14.642088, 0.0 ] } },
{ "type": "Feature", "properties": { "id_linea": "L7", "capa": "TRANSMETRO - Línea 7", "orden": 29, "nombre": "Bethania - Dir. Colón", "id_ruta": "L7", "sistema": "transmetro" }, "geometry": { "type": "Point", "coordinates": [ -90.536595, 14.645551, 0.0 ] } },
{ "type": "Feature", "properties": { "id_linea": "R104", "capa": "Paradas Ruta 104", "orden": 1, "nombre": "Parada #001 / Barrio San Antonio", "id_ruta": "R104", "sistema": "tubus" }, "geometry": { "type": "Point", "coordinates": [ -90.486817, 14.658221, 0.0 ] } },
{ "type": "Feature", "properties": { "id_linea": "R104", "capa": "Paradas Ruta 104", "orden": 2, "nombre": "Parada #002 / Barrio San Antonio", "id_ruta": "R104", "sistema": "tubus" }, "geometry": { "type": "Point", "coordinates": [ -90.489158, 14.65527, 0.0 ] } },
{ "type": "Feature", "properties": { "id_linea": "R104", "capa": "Paradas Ruta 104", "orden": 3, "nombre": "Parada #003 / Barrio San Antonio", "id_ruta": "R104", "sistema": "tubus" }, "geometry": { "type": "Point", "coordinates": [ -90.489939, 14.653312, 0.0 ] } },
{ "type": "Feature", "properties": { "id_linea": "R104", "capa": "Paradas Ruta 104", "orden": 4, "nombre": "Parada #004 / Barrio San Antonio", "id_ruta": "R104", "sistema": "tubus" }, "geometry": { "type": "Point", "coordinates": [ -90.490644, 14.651462, 0.0 ] } },
{ "type": "Feature", "properties": { "id_linea": "R104", "capa": "Paradas Ruta 104", "orden": 5, "nombre": "Parada #005 / 8ª Calle", "id_ruta": "R104", "sistema": "tubus" }, "geometry": { "type": "Point", "coordinates": [ -90.493353, 14.652241, 0.0 ] } },
{ "type": "Feature", "properties": { "id_linea": "R104", "capa": "Paradas Ruta 104", "orden": 6, "nombre": "Parada #006 / 8ª calle", "id_ruta": "R104", "sistema": "tubus" }, "geometry": { "type": "Point", "coordinates": [ -90.497746, 14.654173, 0.0 ] } },
{ "type": "Feature", "properties": { "id_linea": "R104", "capa": "Paradas Ruta 104", "orden": 7, "nombre": "Parada #007 / 14 avenida", "id_ruta": "R104", "sistema": "tubus" }, "geometry": { "type": "Point", "coordinates": [ -90.500033, 14.653728, 0.0 ] } },
{ "type": "Feature", "properties": { "id_linea": "R104", "capa": "Paradas Ruta 104", "orden": 8, "nombre": "Parada #008 / Barrio La Parroquia", "id_ruta": "R104", "sistema": "tubus" }, "geometry": { "type": "Point", "coordinates": [ -90.501714, 14.647558, 0.0 ] } },
{ "type": "Feature", "properties": { "id_linea": "R104", "capa": "Paradas Ruta 104", "orden": 9, "nombre": "Parada #009 / Barrio San José", "id_ruta": "R104", "sistema": "tubus" }, "geometry": { "type": "Point", "coordinates": [ -90.503346, 14.644703, 0.0 ] } },
{ "type": "Feature", "properties": { "id_linea": "R104", "capa": "Paradas Ruta 104", "orden": 10, "nombre": "Parada #010 / Barrio San José", "id_ruta": "R104", "sistema": "tubus" }, "geometry": { "type": "Point", "coordinates": [ -90.504586, 14.642461, 0.0 ] } },
{ "type": "Feature", "properties": { "id_linea": "R104", "capa": "Paradas Ruta 104", "orden": 11, "nombre": "Parada #011 / Barrio San José", "id_ruta": "R104", "sistema": "tubus" }, "geometry": { "type": "Point", "coordinates": [ -90.505245, 14.640158, 0.0 ] } },
{ "type": "Feature", "properties": { "id_linea": "R104", "capa": "Paradas Ruta 104", "orden": 12, "nombre": "Parada #012 / Parque Colón", "id_ruta": "R104", "sistema": "tubus" }, "geometry": { "type": "Point", "coordinates": [ -90.507202, 14.639829, 0.0 ] } },
{ "type": "Feature", "properties": { "id_linea": "R104", "capa": "Paradas Ruta 104", "orden": 13, "nombre": "Parada #013 / Barrio Gerona", "id_ruta": "R104", "sistema": "tubus" }, "geometry": { "type": "Point", "coordinates": [ -90.507651, 14.63637, 0.0 ] } },
{ "type": "Feature", "properties": { "id_linea": "R104", "capa": "Paradas Ruta 104", "orden": 14, "nombre": "Parada #014 / Barrio Gerona", "id_ruta": "R104", "sistema": "tubus" }, "geometry": { "type": "Point", "coordinates": [ -90.508069, 14.633291, 0.0 ] } },
{ "type": "Feature", "properties": { "id_linea": "R104", "capa": "Paradas Ruta 104", "orden": 15, "nombre": "Parada #015 / 12 Avenida", "id_ruta": "R104", "sistema": "tubus" }, "geometry": { "type": "Point", "coordinates": [ -90.508619, 14.62909, 0.0 ] } },
{ "type": "Feature", "properties": { "id_linea": "R104", "capa": "Paradas Ruta 104", "orden": 16, "nombre": "Parada #016 / Col. 25 de Junio", "id_ruta": "R104", "sistema": "tubus" }, "geometry": { "type": "Point", "coordinates": [ -90.509396, 14.623805, 0.0 ] } },
{ "type": "Feature", "properties": { "id_linea": "R104", "capa": "Paradas Ruta 104", "orden": 17, "nombre": "Parada #017 / Col. San Pedrito", "id_ruta": "R104", "sistema": "tubus" }, "geometry": { "type": "Point", "coordinates": [ -90.50999, 14.619408, 0.0 ] } },
{ "type": "Feature", "properties": { "id_linea": "R104", "capa": "Paradas Ruta 104", "orden": 18, "nombre": "Parada #018 / Col. San Pedrito", "id_ruta": "R104", "sistema": "tubus" }, "geometry": { "type": "Point", "coordinates": [ -90.510546, 14.615398, 0.0 ] } },
{ "type": "Feature", "properties": { "id_linea": "R104", "capa": "Paradas Ruta 104", "orden": 19, "nombre": "Parada #019 / 6ª Avenida", "id_ruta": "R104", "sistema": "tubus" }, "geometry": { "type": "Point", "coordinates": [ -90.510407, 14.609624, 0.0 ] } },
{ "type": "Feature", "properties": { "id_linea": "R104", "capa": "Paradas Ruta 104", "orden": 20, "nombre": "Parada #020 / Ciudad Vieja", "id_ruta": "R104", "sistema": "tubus" }, "geometry": { "type": "Point", "coordinates": [ -90.510454, 14.606162, 0.0 ] } },
{ "type": "Feature", "properties": { "id_linea": "R104", "capa": "Paradas Ruta 104", "orden": 21, "nombre": "Parada #021 / Col. Las Margaritas", "id_ruta": "R104", "sistema": "tubus" }, "geometry": { "type": "Point", "coordinates": [ -90.509963, 14.601929, 0.0 ] } },
{ "type": "Feature", "properties": { "id_linea": "R104", "capa": "Paradas Ruta 104", "orden": 22, "nombre": "Parada #022 / Diagonal 6", "id_ruta": "R104", "sistema": "tubus" }, "geometry": { "type": "Point", "coordinates": [ -90.508606, 14.599299, 0.0 ] } },
{ "type": "Feature", "properties": { "id_linea": "R104", "capa": "Paradas Ruta 104", "orden": 23, "nombre": "Parada #023 / Col. Oakland", "id_ruta": "R104", "sistema": "tubus" }, "geometry": { "type": "Point", "coordinates": [ -90.507194, 14.596586, 0.0 ] } },
{ "type": "Feature", "properties": { "id_linea": "R104", "capa": "Paradas Ruta 104", "orden": 24, "nombre": "Parada #024 / Col. Oakland", "id_ruta": "R104", "sistema": "tubus" }, "geometry": { "type": "Point", "coordinates": [ -90.50547, 14.594364, 0.0 ] } },
{ "type": "Feature", "properties": { "id_linea": "R104", "capa": "Paradas Ruta 104", "orden": 25, "nombre": "Parada #025 / Col. La Villa", "id_ruta": "R104", "sistema": "tubus" }, "geometry": { "type": "Point", "coordinates": [ -90.50307, 14.589302, 0.0 ] } },
{ "type": "Feature", "properties": { "id_linea": "R104", "capa": "Paradas Ruta 104", "orden": 26, "nombre": "Parada #026 / Cantón 21", "id_ruta": "R104", "sistema": "tubus" }, "geometry": { "type": "Point", "coordinates": [ -90.504708, 14.583789, 0.0 ] } },
{ "type": "Feature", "properties": { "id_linea": "R104", "capa": "Paradas Ruta 104", "orden": 27, "nombre": "Parada #027 / Cantón 21", "id_ruta": "R104", "sistema": "tubus" }, "geometry": { "type": "Point", "coordinates": [ -90.50833, 14.583845, 0.0 ] } },
{ "type": "Feature", "properties": { "id_linea": "R104", "capa": "Paradas Ruta 104", "orden": 28, "nombre": "Parada #028 / Cantón Victoria", "id_ruta": "R104", "sistema": "tubus" }, "geometry": { "type": "Point", "coordinates": [ -90.50966, 14.579862, 0.0 ] } },
{ "type": "Feature", "properties": { "id_linea": "R104", "capa": "Paradas Ruta 104", "orden": 29, "nombre": "Parada #029 / Cementerio La Villa", "id_ruta": "R104", "sistema": "tubus" }, "geometry": { "type": "Point", "coordinates": [ -90.50868, 14.580986, 0.0 ] } },
{ "type": "Feature", "properties": { "id_linea": "R104", "capa": "Paradas Ruta 104", "orden": 30, "nombre": "Parada #062 / 9ª Calle", "id_ruta": "R104", "sistema": "tubus" }, "geometry": { "type": "Point", "coordinates": [ -90.506172, 14.5804505, 0.0 ] } },
{ "type": "Feature", "properties": { "id_linea": "R104", "capa": "Paradas Ruta 104", "orden": 31, "nombre": "Parada #030 / Cantón 21", "id_ruta": "R104", "sistema": "tubus" }, "geometry": { "type": "Point", "coordinates": [ -90.504738, 14.583473, 0.0 ] } },
{ "type": "Feature", "properties": { "id_linea": "R104", "capa": "Paradas Ruta 104", "orden": 32, "nombre": "Parada #031 / Cantón 21", "id_ruta": "R104", "sistema": "tubus" }, "geometry": { "type": "Point", "coordinates": [ -90.50037, 14.581542, 0.0 ] } },
{ "type": "Feature", "properties": { "id_linea": "R104", "capa": "Paradas Ruta 104", "orden": 33, "nombre": "Parada #032 / Cantón 21", "id_ruta": "R104", "sistema": "tubus" }, "geometry": { "type": "Point", "coordinates": [ -90.498559, 14.580317, 0.0 ] } },
{ "type": "Feature", "properties": { "id_linea": "R104", "capa": "Paradas Ruta 104", "orden": 34, "nombre": "Parada #033 / 20 Calle", "id_ruta": "R104", "sistema": "tubus" }, "geometry": { "type": "Point", "coordinates": [ -90.499592, 14.584335, 0.0 ] } },
{ "type": "Feature", "properties": { "id_linea": "R104", "capa": "Paradas Ruta 104", "orden": 35, "nombre": "Parada #034 / 20 Calle", "id_ruta": "R104", "sistema": "tubus" }, "geometry": { "type": "Point", "coordinates": [ -90.501028, 14.585863, 0.0 ] } },
{ "type": "Feature", "properties": { "id_linea": "R104", "capa": "Paradas Ruta 104", "orden": 36, "nombre": "Parada #035 / Col. La Villa", "id_ruta": "R104", "sistema": "tubus" }, "geometry": { "type": "Point", "coordinates": [ -90.503075, 14.589579, 0.0 ] } },
{ "type": "Feature", "properties": { "id_linea": "R104", "capa": "Paradas Ruta 104", "orden": 37, "nombre": "Parada #036 / Col. Oakland", "id_ruta": "R104", "sistema": "tubus" }, "geometry": { "type": "Point", "coordinates": [ -90.504676, 14.59356, 0.0 ] } },
{ "type": "Feature", "properties": { "id_linea": "R104", "capa": "Paradas Ruta 104", "orden": 38, "nombre": "Parada #037 / Col. Oakland", "id_ruta": "R104", "sistema": "tubus" }, "geometry": { "type": "Point", "coordinates": [ -90.507197, 14.597004, 0.0 ] } },
{ "type": "Feature", "properties": { "id_linea": "R104", "capa": "Paradas Ruta 104", "orden": 39, "nombre": "Parada #038 / Diagonal 6", "id_ruta": "R104", "sistema": "tubus" }, "geometry": { "type": "Point", "coordinates": [ -90.50785, 14.598441, 0.0 ] } },
{ "type": "Feature", "properties": { "id_linea": "R104", "capa": "Paradas Ruta 104", "orden": 40, "nombre": "Parada #039 / Col. Las Margaritas", "id_ruta": "R104", "sistema": "tubus" }, "geometry": { "type": "Point", "coordinates": [ -90.50961, 14.60167, 0.0 ] } },
{ "type": "Feature", "properties": { "id_linea": "R104", "capa": "Paradas Ruta 104", "orden": 41, "nombre": "Parada #040 / Ciudad Vieja", "id_ruta": "R104", "sistema": "tubus" }, "geometry": { "type": "Point", "coordinates": [ -90.513787, 14.604486, 0.0 ] } },
{ "type": "Feature", "properties": { "id_linea": "R104", "capa": "Paradas Ruta 104", "orden": 42, "nombre": "Parada #041 / Ciudad Vieja", "id_ruta": "R104", "sistema": "tubus" }, "geometry": { "type": "Point", "coordinates": [ -90.512912, 14.607666, 0.0 ] } },
{ "type": "Feature", "properties": { "id_linea": "R104", "capa": "Paradas Ruta 104", "orden": 43, "nombre": "Parada #042 / 2ª Avenida", "id_ruta": "R104", "sistema": "tubus" }, "geometry": { "type": "Point", "coordinates": [ -90.512553, 14.610324, 0.0 ] } },
{ "type": "Feature", "properties": { "id_linea": "R104", "capa": "Paradas Ruta 104", "orden": 44, "nombre": "Parada #043 / 2ª Avenida", "id_ruta": "R104", "sistema": "tubus" }, "geometry": { "type": "Point", "coordinates": [ -90.511778, 14.614844, 0.0 ] } },
{ "type": "Feature", "properties": { "id_linea": "R104", "capa": "Paradas Ruta 104", "orden": 45, "nombre": "Parada #044 / Col. San Pedrito", "id_ruta": "R104", "sistema": "tubus" }, "geometry": { "type": "Point", "coordinates": [ -90.511254, 14.617768, 0.0 ] } },
{ "type": "Feature", "properties": { "id_linea": "R104", "capa": "Paradas Ruta 104", "orden": 46, "nombre": "Parada #045 / 10ª Avenida", "id_ruta": "R104", "sistema": "tubus" }, "geometry": { "type": "Point", "coordinates": [ -90.511945, 14.622104, 0.0 ] } },
{ "type": "Feature", "properties": { "id_linea": "R104", "capa": "Paradas Ruta 104", "orden": 47, "nombre": "Parada #046 / 10ª Avenida", "id_ruta": "R104", "sistema": "tubus" }, "geometry": { "type": "Point", "coordinates": [ -90.511559, 14.624319, 0.0 ] } },
{ "type": "Feature", "properties": { "id_linea": "R104", "capa": "Paradas Ruta 104", "orden": 48, "nombre": "Parada #047 / 11 Avenida", "id_ruta": "R104", "sistema": "tubus" }, "geometry": { "type": "Point", "coordinates": [ -90.509721, 14.629992, 0.0 ] } },
{ "type": "Feature", "properties": { "id_linea": "R104", "capa": "Paradas Ruta 104", "orden": 49, "nombre": "Parada #048 / 11 Avenida", "id_ruta": "R104", "sistema": "tubus" }, "geometry": { "type": "Point", "coordinates": [ -90.50929, 14.633141, 0.0 ] } },
{ "type": "Feature", "properties": { "id_linea": "R104", "capa": "Paradas Ruta 104", "orden": 50, "nombre": "Parada #049 / 11 Avenida", "id_ruta": "R104", "sistema": "tubus" }, "geometry": { "type": "Point", "coordinates": [ -90.50888, 14.636182, 0.0 ] } },
{ "type": "Feature", "properties": { "id_linea": "R104", "capa": "Paradas Ruta 104", "orden": 51, "nombre": "Parada #050 / 11 Avenida", "id_ruta": "R104", "sistema": "tubus" }, "geometry": { "type": "Point", "coordinates": [ -90.508206, 14.641064, 0.0 ] } },
{ "type": "Feature", "properties": { "id_linea": "R104", "capa": "Paradas Ruta 104", "orden": 52, "nombre": "Parada #051 / 5ª Calle", "id_ruta": "R104", "sistema": "tubus" }, "geometry": { "type": "Point", "coordinates": [ -90.507075, 14.642325, 0.0 ] } },
{ "type": "Feature", "properties": { "id_linea": "R104", "capa": "Paradas Ruta 104", "orden": 53, "nombre": "Parada #052 / Barrio San José", "id_ruta": "R104", "sistema": "tubus" }, "geometry": { "type": "Point", "coordinates": [ -90.504546, 14.643702, 0.0 ] } },
{ "type": "Feature", "properties": { "id_linea": "R104", "capa": "Paradas Ruta 104", "orden": 54, "nombre": "Parada #053 / Barrio Candelaria", "id_ruta": "R104", "sistema": "tubus" }, "geometry": { "type": "Point", "coordinates": [ -90.502681, 14.647551, 0.0 ] } },
{ "type": "Feature", "properties": { "id_linea": "R104", "capa": "Paradas Ruta 104", "orden": 55, "nombre": "Parada #054 / Barrio La Parroquia", "id_ruta": "R104", "sistema": "tubus" }, "geometry": { "type": "Point", "coordinates": [ -90.501843, 14.649471, 0.0 ] } },
{ "type": "Feature", "properties": { "id_linea": "R104", "capa": "Paradas Ruta 104", "orden": 56, "nombre": "Parada #061 / 7ª Calle", "id_ruta": "R104", "sistema": "tubus" }, "geometry": { "type": "Point", "coordinates": [ -90.49948, 14.652793, 0.0 ] } },
{ "type": "Feature", "properties": { "id_linea": "R104", "capa": "Paradas Ruta 104", "orden": 57, "nombre": "Parada #055 / 6ª Calle", "id_ruta": "R104", "sistema": "tubus" }, "geometry": { "type": "Point", "coordinates": [ -90.497395, 14.651255, 0.0 ] } },
{ "type": "Feature", "properties": { "id_linea": "R104", "capa": "Paradas Ruta 104", "orden": 58, "nombre": "Parada #056 / 6ª Calle", "id_ruta": "R104", "sistema": "tubus" }, "geometry": { "type": "Point", "coordinates": [ -90.493767, 14.650809, 0.0 ] } },
{ "type": "Feature", "properties": { "id_linea": "R104", "capa": "Paradas Ruta 104", "orden": 59, "nombre": "Parada #057 / Barrio San Antonio", "id_ruta": "R104", "sistema": "tubus" }, "geometry": { "type": "Point", "coordinates": [ -90.490624, 14.651224, 0.0 ] } },
{ "type": "Feature", "properties": { "id_linea": "R104", "capa": "Paradas Ruta 104", "orden": 60, "nombre": "Parada #058 / Barrio San Antonio", "id_ruta": "R104", "sistema": "tubus" }, "geometry": { "type": "Point", "coordinates": [ -90.489911, 14.653041, 0.0 ] } },
{ "type": "Feature", "properties": { "id_linea": "R104", "capa": "Paradas Ruta 104", "orden": 61, "nombre": "Parada #059 / Barrio San Antonio", "id_ruta": "R104", "sistema": "tubus" }, "geometry": { "type": "Point", "coordinates": [ -90.487587, 14.65613, 0.0 ] } },
{ "type": "Feature", "properties": { "id_linea": "R104", "capa": "Paradas Ruta 104", "orden": 62, "nombre": "Parada #060 / Barrio San Antonio", "id_ruta": "R104", "sistema": "tubus" }, "geometry": { "type": "Point", "coordinates": [ -90.486882, 14.657947, 0.0 ] } },
{ "type": "Feature", "properties": { "id_linea": "R105", "capa": "Paradas Ruta 105", "orden": 1, "nombre": "Parada #154 / Parque Jocotenango", "id_ruta": "R105", "sistema": "tubus" }, "geometry": { "type": "Point", "coordinates": [ -90.513134, 14.65129, 0.0 ] } },
{ "type": "Feature", "properties": { "id_linea": "R105", "capa": "Paradas Ruta 105", "orden": 2, "nombre": "Parada #155 / 7ª avenida", "id_ruta": "R105", "sistema": "tubus" }, "geometry": { "type": "Point", "coordinates": [ -90.511183, 14.650657, 0.0 ] } },
{ "type": "Feature", "properties": { "id_linea": "R105", "capa": "Paradas Ruta 105", "orden": 3, "nombre": "Parada #156 / Cervecería Centro Americana", "id_ruta": "R105", "sistema": "tubus" }, "geometry": { "type": "Point", "coordinates": [ -90.514477, 14.653005, 0.0 ] } },
{ "type": "Feature", "properties": { "id_linea": "R105", "capa": "Paradas Ruta 105", "orden": 4, "nombre": "Parada #157 / Blvr. Castillo Lara", "id_ruta": "R105", "sistema": "tubus" }, "geometry": { "type": "Point", "coordinates": [ -90.514748, 14.656138, 0.0 ] } },
{ "type": "Feature", "properties": { "id_linea": "R105", "capa": "Paradas Ruta 105", "orden": 5, "nombre": "Parada #158 / Blvr. Castillo Lara", "id_ruta": "R105", "sistema": "tubus" }, "geometry": { "type": "Point", "coordinates": [ -90.516826, 14.653152, 0.0 ] } },
{ "type": "Feature", "properties": { "id_linea": "R105", "capa": "Paradas Ruta 105", "orden": 6, "nombre": "Parada #159 / INCA/Parque El Sauce", "id_ruta": "R105", "sistema": "tubus" }, "geometry": { "type": "Point", "coordinates": [ -90.517378, 14.649034, 0.0 ] } },
{ "type": "Feature", "properties": { "id_linea": "R105", "capa": "Paradas Ruta 105", "orden": 7, "nombre": "Parada #160 / 2ª avenida", "id_ruta": "R105", "sistema": "tubus" }, "geometry": { "type": "Point", "coordinates": [ -90.517831, 14.645469, 0.0 ] } },
{ "type": "Feature", "properties": { "id_linea": "R105", "capa": "Paradas Ruta 105", "orden": 8, "nombre": "Parada #128 / Avenida Elena, Barrio Recolección", "id_ruta": "R105", "sistema": "tubus" }, "geometry": { "type": "Point", "coordinates": [ -90.520647, 14.645762, 0.0 ] } },
{ "type": "Feature", "properties": { "id_linea": "R105", "capa": "Paradas Ruta 105", "orden": 9, "nombre": "Parada #161 / Avenida Elena", "id_ruta": "R105", "sistema": "tubus" }, "geometry": { "type": "Point", "coordinates": [ -90.521384, 14.643756, 0.0 ] } },
{ "type": "Feature", "properties": { "id_linea": "R105", "capa": "Paradas Ruta 105", "orden": 10, "nombre": "Parada #162 / Avenida Elena, Hospital San Juan de Dios", "id_ruta": "R105", "sistema": "tubus" }, "geometry": { "type": "Point", "coordinates": [ -90.522054, 14.639924, 0.0 ] } },
{ "type": "Feature", "properties": { "id_linea": "R105", "capa": "Paradas Ruta 105", "orden": 11, "nombre": "Parada #163 / Avenida Elena, CAI", "id_ruta": "R105", "sistema": "tubus" }, "geometry": { "type": "Point", "coordinates": [ -90.5224412, 14.6374434, 0.0 ] } },
{ "type": "Feature", "properties": { "id_linea": "R105", "capa": "Paradas Ruta 105", "orden": 12, "nombre": "Parada #164 / Avenida Elena, Teatro de Bellas Artes", "id_ruta": "R105", "sistema": "tubus" }, "geometry": { "type": "Point", "coordinates": [ -90.522801, 14.634952, 0.0 ] } },
{ "type": "Feature", "properties": { "id_linea": "R105", "capa": "Paradas Ruta 105", "orden": 13, "nombre": "Parada #165 / Avenida Elena, Mercado Cervantes", "id_ruta": "R105", "sistema": "tubus" }, "geometry": { "type": "Point", "coordinates": [ -90.523176, 14.632417, 0.0 ] } },
{ "type": "Feature", "properties": { "id_linea": "R105", "capa": "Paradas Ruta 105", "orden": 14, "nombre": "Parada #166 / 19 calle", "id_ruta": "R105", "sistema": "tubus" }, "geometry": { "type": "Point", "coordinates": [ -90.519946, 14.630834, 0.0 ] } },
{ "type": "Feature", "properties": { "id_linea": "R105", "capa": "Paradas Ruta 105", "orden": 15, "nombre": "Parada #167 / Plaza El Amate", "id_ruta": "R105", "sistema": "tubus" }, "geometry": { "type": "Point", "coordinates": [ -90.51743, 14.630164, 0.0 ] } },
{ "type": "Feature", "properties": { "id_linea": "R105", "capa": "Paradas Ruta 105", "orden": 16, "nombre": "Parada #168 / 20 calle", "id_ruta": "R105", "sistema": "tubus" }, "geometry": { "type": "Point", "coordinates": [ -90.520562, 14.630055, 0.0 ] } },
{ "type": "Feature", "properties": { "id_linea": "R105", "capa": "Paradas Ruta 105", "orden": 17, "nombre": "Parada #169 / Asilo San Vicente de Paúl", "id_ruta": "R105", "sistema": "tubus" }, "geometry": { "type": "Point", "coordinates": [ -90.522913, 14.630397, 0.0 ] } },
{ "type": "Feature", "properties": { "id_linea": "R105", "capa": "Paradas Ruta 105", "orden": 18, "nombre": "Parada #170 / Cementerio General", "id_ruta": "R105", "sistema": "tubus" }, "geometry": { "type": "Point", "coordinates": [ -90.526981, 14.630312, 0.0 ] } },
{ "type": "Feature", "properties": { "id_linea": "R105", "capa": "Paradas Ruta 105", "orden": 19, "nombre": "Parada #171 / Centro de Salud zona 3", "id_ruta": "R105", "sistema": "tubus" }, "geometry": { "type": "Point", "coordinates": [ -90.5289451, 14.6260646, 0.0 ] } },
{ "type": "Feature", "properties": { "id_linea": "R105", "capa": "Paradas Ruta 105", "orden": 20, "nombre": "Parada #172 / 6ª avenida", "id_ruta": "R105", "sistema": "tubus" }, "geometry": { "type": "Point", "coordinates": [ -90.529499, 14.624165, 0.0 ] } },
{ "type": "Feature", "properties": { "id_linea": "R105", "capa": "Paradas Ruta 105", "orden": 21, "nombre": "Parada #173 / 6ª avenida", "id_ruta": "R105", "sistema": "tubus" }, "geometry": { "type": "Point", "coordinates": [ -90.530023, 14.620275, 0.0 ] } },
{ "type": "Feature", "properties": { "id_linea": "R105", "capa": "Paradas Ruta 105", "orden": 22, "nombre": "Parada #174 / MuniTec zona 3", "id_ruta": "R105", "sistema": "tubus" }, "geometry": { "type": "Point", "coordinates": [ -90.533456, 14.617502, 0.0 ] } },
{ "type": "Feature", "properties": { "id_linea": "R105", "capa": "Paradas Ruta 105", "orden": 23, "nombre": "Parada #175 / Colonia Landívar", "id_ruta": "R105", "sistema": "tubus" }, "geometry": { "type": "Point", "coordinates": [ -90.536553, 14.619422, 0.0 ] } },
{ "type": "Feature", "properties": { "id_linea": "R105", "capa": "Paradas Ruta 105", "orden": 24, "nombre": "Parada #176 / Colonia Landívar", "id_ruta": "R105", "sistema": "tubus" }, "geometry": { "type": "Point", "coordinates": [ -90.539327, 14.620546, 0.0 ] } },
{ "type": "Feature", "properties": { "id_linea": "R105", "capa": "Paradas Ruta 105", "orden": 25, "nombre": "Parada #177 / 9ª avenida", "id_ruta": "R105", "sistema": "tubus" }, "geometry": { "type": "Point", "coordinates": [ -90.540399, 14.62301, 0.0 ] } },
{ "type": "Feature", "properties": { "id_linea": "R105", "capa": "Paradas Ruta 105", "orden": 26, "nombre": "Parada #178 / Colonia Landívar", "id_ruta": "R105", "sistema": "tubus" }, "geometry": { "type": "Point", "coordinates": [ -90.537366, 14.618795, 0.0 ] } },
{ "type": "Feature", "properties": { "id_linea": "R105", "capa": "Paradas Ruta 105", "orden": 27, "nombre": "Parada #179 / Colonia Landívar", "id_ruta": "R105", "sistema": "tubus" }, "geometry": { "type": "Point", "coordinates": [ -90.53547, 14.617975, 0.0 ] } },
{ "type": "Feature", "properties": { "id_linea": "R105", "capa": "Paradas Ruta 105", "orden": 28, "nombre": "Parada #180 / 8ª avenida", "id_ruta": "R105", "sistema": "tubus" }, "geometry": { "type": "Point", "coordinates": [ -90.53213, 14.617705, 0.0 ] } },
{ "type": "Feature", "properties": { "id_linea": "R105", "capa": "Paradas Ruta 105", "orden": 29, "nombre": "Parada #181 / 32 calle", "id_ruta": "R105", "sistema": "tubus" }, "geometry": { "type": "Point", "coordinates": [ -90.528372, 14.619512, 0.0 ] } },
{ "type": "Feature", "properties": { "id_linea": "R105", "capa": "Paradas Ruta 105", "orden": 30, "nombre": "Parada #182 / Radio Cultural TGN", "id_ruta": "R105", "sistema": "tubus" }, "geometry": { "type": "Point", "coordinates": [ -90.527944, 14.621668, 0.0 ] } },
{ "type": "Feature", "properties": { "id_linea": "R105", "capa": "Paradas Ruta 105", "orden": 31, "nombre": "Parada #183 / Altura 3", "id_ruta": "R105", "sistema": "tubus" }, "geometry": { "type": "Point", "coordinates": [ -90.527418, 14.625596, 0.0 ] } },
{ "type": "Feature", "properties": { "id_linea": "R105", "capa": "Paradas Ruta 105", "orden": 32, "nombre": "Parada #184 / Avenida del Cementerio, Cementerio General", "id_ruta": "R105", "sistema": "tubus" }, "geometry": { "type": "Point", "coordinates": [ -90.527014, 14.628607, 0.0 ] } },
{ "type": "Feature", "properties": { "id_linea": "R105", "capa": "Paradas Ruta 105", "orden": 33, "nombre": "Parada #185 / Avenida del Cementerio, Cementerio General", "id_ruta": "R105", "sistema": "tubus" }, "geometry": { "type": "Point", "coordinates": [ -90.52665, 14.631271, 0.0 ] } },
{ "type": "Feature", "properties": { "id_linea": "R105", "capa": "Paradas Ruta 105", "orden": 34, "nombre": "Parada #186 / Avenida del Cementerio", "id_ruta": "R105", "sistema": "tubus" }, "geometry": { "type": "Point", "coordinates": [ -90.525529, 14.633783, 0.0 ] } },
{ "type": "Feature", "properties": { "id_linea": "R105", "capa": "Paradas Ruta 105", "orden": 35, "nombre": "Parada #187 / Avenida del Cementerio, Centro de Educación Especial \"Álida España\"", "id_ruta": "R105", "sistema": "tubus" }, "geometry": { "type": "Point", "coordinates": [ -90.523402, 14.636968, 0.0 ] } },
{ "type": "Feature", "properties": { "id_linea": "R105", "capa": "Paradas Ruta 105", "orden": 36, "nombre": "Parada #188 / Avenida Elena, Hospital San Juan de Dios", "id_ruta": "R105", "sistema": "tubus" }, "geometry": { "type": "Point", "coordinates": [ -90.521853, 14.639958, 0.0 ] } },
{ "type": "Feature", "properties": { "id_linea": "R105", "capa": "Paradas Ruta 105", "orden": 37, "nombre": "Parada #189 / Avenida Elena, Liga Nacional Contra la Tuberculosis", "id_ruta": "R105", "sistema": "tubus" }, "geometry": { "type": "Point", "coordinates": [ -90.521528, 14.64209, 0.0 ] } },
{ "type": "Feature", "properties": { "id_linea": "R105", "capa": "Paradas Ruta 105", "orden": 38, "nombre": "Parada #190 / Avenida Elena", "id_ruta": "R105", "sistema": "tubus" }, "geometry": { "type": "Point", "coordinates": [ -90.520964, 14.645685, 0.0 ] } },
{ "type": "Feature", "properties": { "id_linea": "R105", "capa": "Paradas Ruta 105", "orden": 39, "nombre": "Parada #191 / 3ª calle", "id_ruta": "R105", "sistema": "tubus" }, "geometry": { "type": "Point", "coordinates": [ -90.517105, 14.646401, 0.0 ] } },
{ "type": "Feature", "properties": { "id_linea": "R105", "capa": "Paradas Ruta 105", "orden": 40, "nombre": "Parada #192 / INCA", "id_ruta": "R105", "sistema": "tubus" }, "geometry": { "type": "Point", "coordinates": [ -90.51602, 14.648655, 0.0 ] } },
{ "type": "Feature", "properties": { "id_linea": "R105", "capa": "Paradas Ruta 105", "orden": 41, "nombre": "Parada #193 / Alcaldía Auxiliar zona 2", "id_ruta": "R105", "sistema": "tubus" }, "geometry": { "type": "Point", "coordinates": [ -90.515623, 14.651471, 0.0 ] } },
{ "type": "Feature", "properties": { "id_linea": "R402", "capa": "Paradas Ruta 402", "orden": 1, "nombre": "Parada #194 / Col. Santa Fe", "id_ruta": "R402", "sistema": "tubus" }, "geometry": { "type": "Point", "coordinates": [ -90.535976, 14.567495, 0.0 ] } },
{ "type": "Feature", "properties": { "id_linea": "R402", "capa": "Paradas Ruta 402", "orden": 2, "nombre": "Parada #196 / Hospital de la Fuerza Aérea Guatemalteca", "id_ruta": "R402", "sistema": "tubus" }, "geometry": { "type": "Point", "coordinates": [ -90.534394, 14.573078, 0.0 ] } },
{ "type": "Feature", "properties": { "id_linea": "R402", "capa": "Paradas Ruta 402", "orden": 3, "nombre": "Parada #197 / 11 avenida", "id_ruta": "R402", "sistema": "tubus" }, "geometry": { "type": "Point", "coordinates": [ -90.53156, 14.576845, 0.0 ] } },
{ "type": "Feature", "properties": { "id_linea": "R402", "capa": "Paradas Ruta 402", "orden": 4, "nombre": "Parada #198 / 11 avenida", "id_ruta": "R402", "sistema": "tubus" }, "geometry": { "type": "Point", "coordinates": [ -90.530944, 14.578856, 0.0 ] } },
{ "type": "Feature", "properties": { "id_linea": "R402", "capa": "Paradas Ruta 402", "orden": 5, "nombre": "Parada #199 / Aeroclub Guatemala", "id_ruta": "R402", "sistema": "tubus" }, "geometry": { "type": "Point", "coordinates": [ -90.529792, 14.582456, 0.0 ] } },
{ "type": "Feature", "properties": { "id_linea": "R402", "capa": "Paradas Ruta 402", "orden": 6, "nombre": "Parada #200 / 16 calle \"A\"", "id_ruta": "R402", "sistema": "tubus" }, "geometry": { "type": "Point", "coordinates": [ -90.53043, 14.58447, 0.0 ] } },
{ "type": "Feature", "properties": { "id_linea": "R402", "capa": "Paradas Ruta 402", "orden": 7, "nombre": "Parada #201 / 17 calle", "id_ruta": "R402", "sistema": "tubus" }, "geometry": { "type": "Point", "coordinates": [ -90.532844, 14.583485, 0.0 ] } },
{ "type": "Feature", "properties": { "id_linea": "R402", "capa": "Paradas Ruta 402", "orden": 8, "nombre": "Parada #202 / 7ª avenida", "id_ruta": "R402", "sistema": "tubus" }, "geometry": { "type": "Point", "coordinates": [ -90.533138, 14.586683, 0.0 ] } },
{ "type": "Feature", "properties": { "id_linea": "R402", "capa": "Paradas Ruta 402", "orden": 9, "nombre": "Parada #203 / Aeropuerto Internacional La Aurora", "id_ruta": "R402", "sistema": "tubus" }, "geometry": { "type": "Point", "coordinates": [ -90.531434, 14.588486, 0.0 ] } },
{ "type": "Feature", "properties": { "id_linea": "R402", "capa": "Paradas Ruta 402", "orden": 10, "nombre": "Parada #204 / Blvr. Aeropuerto", "id_ruta": "R402", "sistema": "tubus" }, "geometry": { "type": "Point", "coordinates": [ -90.525831, 14.595936, 0.0 ] } },
{ "type": "Feature", "properties": { "id_linea": "R402", "capa": "Paradas Ruta 402", "orden": 11, "nombre": "Parada #205 / 5ª calle", "id_ruta": "R402", "sistema": "tubus" }, "geometry": { "type": "Point", "coordinates": [ -90.528249, 14.597793, 0.0 ] } },
{ "type": "Feature", "properties": { "id_linea": "R402", "capa": "Paradas Ruta 402", "orden": 12, "nombre": "Parada #206 / 5ª calle", "id_ruta": "R402", "sistema": "tubus" }, "geometry": { "type": "Point", "coordinates": [ -90.530915, 14.59943, 0.0 ] } },
{ "type": "Feature", "properties": { "id_linea": "R402", "capa": "Paradas Ruta 402", "orden": 13, "nombre": "Parada #207 / 5ª calle", "id_ruta": "R402", "sistema": "tubus" }, "geometry": { "type": "Point", "coordinates": [ -90.532846, 14.601874, 0.0 ] } },
{ "type": "Feature", "properties": { "id_linea": "R402", "capa": "Paradas Ruta 402", "orden": 14, "nombre": "Parada #208 / 8ª calle", "id_ruta": "R402", "sistema": "tubus" }, "geometry": { "type": "Point", "coordinates": [ -90.535483, 14.604673, 0.0 ] } },
{ "type": "Feature", "properties": { "id_linea": "R402", "capa": "Paradas Ruta 402", "orden": 15, "nombre": "Parada #209 / Avenida Petapa", "id_ruta": "R402", "sistema": "tubus" }, "geometry": { "type": "Point", "coordinates": [ -90.537965, 14.607657, 0.0 ] } },
{ "type": "Feature", "properties": { "id_linea": "R402", "capa": "Paradas Ruta 402", "orden": 16, "nombre": "Parada #210 / 6ª avenida", "id_ruta": "R402", "sistema": "tubus" }, "geometry": { "type": "Point", "coordinates": [ -90.537106, 14.610539, 0.0 ] } },
{ "type": "Feature", "properties": { "id_linea": "R402", "capa": "Paradas Ruta 402", "orden": 17, "nombre": "Parada #211 / Avenida Petapa", "id_ruta": "R402", "sistema": "tubus" }, "geometry": { "type": "Point", "coordinates": [ -90.534603, 14.611389, 0.0 ] } },
{ "type": "Feature", "properties": { "id_linea": "R402", "capa": "Paradas Ruta 402", "orden": 18, "nombre": "Parada #084 / Blvr. Liberación", "id_ruta": "R402", "sistema": "tubus" }, "geometry": { "type": "Point", "coordinates": [ -90.532053, 14.608548, 0.0 ] } },
{ "type": "Feature", "properties": { "id_linea": "R402", "capa": "Paradas Ruta 402", "orden": 19, "nombre": "Parada #212 / Blvr. Liberación", "id_ruta": "R402", "sistema": "tubus" }, "geometry": { "type": "Point", "coordinates": [ -90.530411, 14.605904, 0.0 ] } },
{ "type": "Feature", "properties": { "id_linea": "R402", "capa": "Paradas Ruta 402", "orden": 20, "nombre": "Parada #213 / Blvr. Liberación", "id_ruta": "R402", "sistema": "tubus" }, "geometry": { "type": "Point", "coordinates": [ -90.528491, 14.603377, 0.0 ] } },
{ "type": "Feature", "properties": { "id_linea": "R402", "capa": "Paradas Ruta 402", "orden": 21, "nombre": "Parada #214 / 3ª calle", "id_ruta": "R402", "sistema": "tubus" }, "geometry": { "type": "Point", "coordinates": [ -90.529648, 14.600554, 0.0 ] } },
{ "type": "Feature", "properties": { "id_linea": "R402", "capa": "Paradas Ruta 402", "orden": 22, "nombre": "Parada #215 / Instituto Técnico Vocacional Dr. Imrich Fischmann", "id_ruta": "R402", "sistema": "tubus" }, "geometry": { "type": "Point", "coordinates": [ -90.530334, 14.597497, 0.0 ] } },
{ "type": "Feature", "properties": { "id_linea": "R402", "capa": "Paradas Ruta 402", "orden": 23, "nombre": "Parada #216 / Contraloría General de Cuentas", "id_ruta": "R402", "sistema": "tubus" }, "geometry": { "type": "Point", "coordinates": [ -90.531514, 14.593052, 0.0 ] } },
{ "type": "Feature", "properties": { "id_linea": "R402", "capa": "Paradas Ruta 402", "orden": 24, "nombre": "Parada #217 / Aeropuerto Internacional La Aurora dirección sur", "id_ruta": "R402", "sistema": "tubus" }, "geometry": { "type": "Point", "coordinates": [ -90.531586, 14.588592, 0.0 ] } },
{ "type": "Feature", "properties": { "id_linea": "R402", "capa": "Paradas Ruta 402", "orden": 25, "nombre": "Parada #218 / INSIVUMEH", "id_ruta": "R402", "sistema": "tubus" }, "geometry": { "type": "Point", "coordinates": [ -90.532978, 14.586978, 0.0 ] } },
{ "type": "Feature", "properties": { "id_linea": "R402", "capa": "Paradas Ruta 402", "orden": 26, "nombre": "Parada #219 / 17 calle", "id_ruta": "R402", "sistema": "tubus" }, "geometry": { "type": "Point", "coordinates": [ -90.532976, 14.583454, 0.0 ] } },
{ "type": "Feature", "properties": { "id_linea": "R402", "capa": "Paradas Ruta 402", "orden": 27, "nombre": "Parada #220 / Club La Aurora", "id_ruta": "R402", "sistema": "tubus" }, "geometry": { "type": "Point", "coordinates": [ -90.531369, 14.584497, 0.0 ] } },
{ "type": "Feature", "properties": { "id_linea": "R402", "capa": "Paradas Ruta 402", "orden": 28, "nombre": "Parada #221 / 11 avenida", "id_ruta": "R402", "sistema": "tubus" }, "geometry": { "type": "Point", "coordinates": [ -90.529864, 14.582635, 0.0 ] } },
{ "type": "Feature", "properties": { "id_linea": "R402", "capa": "Paradas Ruta 402", "orden": 29, "nombre": "Parada #222 / 11 avenida", "id_ruta": "R402", "sistema": "tubus" }, "geometry": { "type": "Point", "coordinates": [ -90.531056, 14.57887, 0.0 ] } },
{ "type": "Feature", "properties": { "id_linea": "R402", "capa": "Paradas Ruta 402", "orden": 30, "nombre": "Parada #223 / 11 avenida", "id_ruta": "R402", "sistema": "tubus" }, "geometry": { "type": "Point", "coordinates": [ -90.531591, 14.577085, 0.0 ] } },
{ "type": "Feature", "properties": { "id_linea": "R402", "capa": "Paradas Ruta 402", "orden": 31, "nombre": "Parada #224 / Hospital de la Fuerza Aérea Guatemalteca dirección sur", "id_ruta": "R402", "sistema": "tubus" }, "geometry": { "type": "Point", "coordinates": [ -90.534662, 14.572992, 0.0 ] } },
{ "type": "Feature", "properties": { "id_linea": "R402", "capa": "Paradas Ruta 402", "orden": 32, "nombre": "Parada #225 / 10ª avenida", "id_ruta": "R402", "sistema": "tubus" }, "geometry": { "type": "Point", "coordinates": [ -90.535548, 14.570415, 0.0 ] } },
{ "type": "Feature", "properties": { "id_linea": "R402", "capa": "Paradas Ruta 402", "orden": 33, "nombre": "Parada #195 / 10ª avenida", "id_ruta": "R402", "sistema": "tubus" }, "geometry": { "type": "Point", "coordinates": [ -90.53545, 14.570318, 0.0 ] } },
{ "type": "Feature", "properties": { "id_linea": "R5", "capa": "RUTA 5", "orden": 1, "nombre": "Estación Palacio de los Deportes Norte", "id_ruta": "R5", "sistema": "tubus" }, "geometry": { "type": "Point", "coordinates": [ -90.512888, 14.622884, 0.0 ] } },
{ "type": "Feature", "properties": { "id_linea": "R5", "capa": "RUTA 5", "orden": 2, "nombre": "Estación La Palmita ", "id_ruta": "R5", "sistema": "tubus" }, "geometry": { "type": "Point", "coordinates": [ -90.505708, 14.621709, 0.0 ] } },
{ "type": "Feature", "properties": { "id_linea": "R5", "capa": "RUTA 5", "orden": 3, "nombre": "Estación Parque Navidad", "id_ruta": "R5", "sistema": "tubus" }, "geometry": { "type": "Point", "coordinates": [ -90.501337, 14.624694, 0.0 ] } },
{ "type": "Feature", "properties": { "id_linea": "R5", "capa": "RUTA 5", "orden": 4, "nombre": "Estación Arrivillaga", "id_ruta": "R5", "sistema": "tubus" }, "geometry": { "type": "Point", "coordinates": [ -90.495695, 14.626814, 0.0 ] } },
{ "type": "Feature", "properties": { "id_linea": "R5", "capa": "RUTA 5", "orden": 5, "nombre": "Estación Cipreses Norte", "id_ruta": "R5", "sistema": "tubus" }, "geometry": { "type": "Point", "coordinates": [ -90.4932092, 14.6361734, 0.0 ] } },
{ "type": "Feature", "properties": { "id_linea": "R5", "capa": "RUTA 5", "orden": 6, "nombre": "Estación Mercado La Palmita ", "id_ruta": "R5", "sistema": "tubus" }, "geometry": { "type": "Point", "coordinates": [ -90.506793, 14.622502, 0.0 ] } },
{ "type": "Feature", "properties": { "id_linea": "R5", "capa": "RUTA 5", "orden": 7, "nombre": "Estación Palacio de los Deportes Sur", "id_ruta": "R5", "sistema": "tubus" }, "geometry": { "type": "Point", "coordinates": [ -90.512408, 14.622983, 0.0 ] } },
{ "type": "Feature", "properties": { "id_linea": "R5", "capa": "RUTA 5", "orden": 8, "nombre": "Estación Parque Colon", "id_ruta": "R5", "sistema": "tubus" }, "geometry": { "type": "Point", "coordinates": [ -90.507199, 14.639506, 0.0 ] } },
{ "type": "Feature", "properties": { "id_linea": "R5", "capa": "RUTA 5", "orden": 9, "nombre": "Estación Vivibien", "id_ruta": "R5", "sistema": "tubus" }, "geometry": { "type": "Point", "coordinates": [ -90.499584, 14.624372, 0.0 ] } },
{ "type": "Feature", "properties": { "id_linea": "R5", "capa": "RUTA 5", "orden": 10, "nombre": "Estación Matamoros ", "id_ruta": "R5", "sistema": "tubus" }, "geometry": { "type": "Point", "coordinates": [ -90.5037943, 14.6404764, 0.0 ] } },
{ "type": "Feature", "properties": { "id_linea": "R5", "capa": "RUTA 5", "orden": 11, "nombre": "Estación Jardines de la Asunción Sur", "id_ruta": "R5", "sistema": "tubus" }, "geometry": { "type": "Point", "coordinates": [ -90.494629, 14.632392, 0.0 ] } },
{ "type": "Feature", "properties": { "id_linea": "R5", "capa": "RUTA 5", "orden": 12, "nombre": "Estación Jardines de la Asunción Norte", "id_ruta": "R5", "sistema": "tubus" }, "geometry": { "type": "Point", "coordinates": [ -90.4942283, 14.633008, 0.0 ] } },
{ "type": "Feature", "properties": { "id_linea": "R5", "capa": "RUTA 5", "orden": 13, "nombre": "Estación Puente de la Penitenciaría", "id_ruta": "R5", "sistema": "tubus" }, "geometry": { "type": "Point", "coordinates": [ -90.51506, 14.624905, 0.0 ] } },
{ "type": "Feature", "properties": { "id_linea": "R5", "capa": "RUTA 5", "orden": 14, "nombre": "Estación Cipreses Sur", "id_ruta": "R5", "sistema": "tubus" }, "geometry": { "type": "Point", "coordinates": [ -90.493313, 14.6354168, 0.0 ] } },
{ "type": "Feature", "properties": { "id_linea": "R801", "capa": "Paradas Ruta 801", "orden": 1, "nombre": "Parada #063 / Parque Los Pinos", "id_ruta": "R801", "sistema": "tubus" }, "geometry": { "type": "Point", "coordinates": [ -90.528477, 14.659797, 0.0 ] } },
{ "type": "Feature", "properties": { "id_linea": "R801", "capa": "Paradas Ruta 801", "orden": 2, "nombre": "Parada #064 / Col. Sakerty I", "id_ruta": "R801", "sistema": "tubus" }, "geometry": { "type": "Point", "coordinates": [ -90.529952, 14.657044, 0.0 ] } },
{ "type": "Feature", "properties": { "id_linea": "R801", "capa": "Paradas Ruta 801", "orden": 3, "nombre": "Parada #065 / Col. Sakerty II", "id_ruta": "R801", "sistema": "tubus" }, "geometry": { "type": "Point", "coordinates": [ -90.531066, 14.654922, 0.0 ] } },
{ "type": "Feature", "properties": { "id_linea": "R801", "capa": "Paradas Ruta 801", "orden": 4, "nombre": "Parada #066 / Col. Banvi I", "id_ruta": "R801", "sistema": "tubus" }, "geometry": { "type": "Point", "coordinates": [ -90.533102, 14.651214, 0.0 ] } },
{ "type": "Feature", "properties": { "id_linea": "R801", "capa": "Paradas Ruta 801", "orden": 5, "nombre": "Parada #067 / Col. Bethania", "id_ruta": "R801", "sistema": "tubus" }, "geometry": { "type": "Point", "coordinates": [ -90.534145, 14.649813, 0.0 ] } },
{ "type": "Feature", "properties": { "id_linea": "R801", "capa": "Paradas Ruta 801", "orden": 6, "nombre": "Parada #068 / Col. Bethania", "id_ruta": "R801", "sistema": "tubus" }, "geometry": { "type": "Point", "coordinates": [ -90.535628, 14.647769, 0.0 ] } },
{ "type": "Feature", "properties": { "id_linea": "R801", "capa": "Paradas Ruta 801", "orden": 7, "nombre": "Parada #069 / Col. Kjell Laugerud", "id_ruta": "R801", "sistema": "tubus" }, "geometry": { "type": "Point", "coordinates": [ -90.536846, 14.646152, 0.0 ] } },
{ "type": "Feature", "properties": { "id_linea": "R801", "capa": "Paradas Ruta 801", "orden": 8, "nombre": "Parada #070 / Col. Niño Dormido", "id_ruta": "R801", "sistema": "tubus" }, "geometry": { "type": "Point", "coordinates": [ -90.539993, 14.645051, 0.0 ] } },
{ "type": "Feature", "properties": { "id_linea": "R801", "capa": "Paradas Ruta 801", "orden": 9, "nombre": "Parada #071 / Col. El Incienso", "id_ruta": "R801", "sistema": "tubus" }, "geometry": { "type": "Point", "coordinates": [ -90.542134, 14.643849, 0.0 ] } },
{ "type": "Feature", "properties": { "id_linea": "R801", "capa": "Paradas Ruta 801", "orden": 10, "nombre": "Parada #072 / Cond. Bosques de Linda Villa", "id_ruta": "R801", "sistema": "tubus" }, "geometry": { "type": "Point", "coordinates": [ -90.545315, 14.6425, 0.0 ] } },
{ "type": "Feature", "properties": { "id_linea": "R801", "capa": "Paradas Ruta 801", "orden": 11, "nombre": "Parada #073 / Col. Ciudad de Plata II", "id_ruta": "R801", "sistema": "tubus" }, "geometry": { "type": "Point", "coordinates": [ -90.54735, 14.640516, 0.0 ] } },
{ "type": "Feature", "properties": { "id_linea": "R801", "capa": "Paradas Ruta 801", "orden": 12, "nombre": "Parada #074 / Col. Ciudad de Plata I", "id_ruta": "R801", "sistema": "tubus" }, "geometry": { "type": "Point", "coordinates": [ -90.546683, 14.637743, 0.0 ] } },
{ "type": "Feature", "properties": { "id_linea": "R801", "capa": "Paradas Ruta 801", "orden": 13, "nombre": "Parada #075 / Col. Ciudad de Plata I", "id_ruta": "R801", "sistema": "tubus" }, "geometry": { "type": "Point", "coordinates": [ -90.547598, 14.634277, 0.0 ] } },
{ "type": "Feature", "properties": { "id_linea": "R801", "capa": "Paradas Ruta 801", "orden": 14, "nombre": "Parada #076 / Col. Quinta Samayoa", "id_ruta": "R801", "sistema": "tubus" }, "geometry": { "type": "Point", "coordinates": [ -90.545297, 14.628732, 0.0 ] } },
{ "type": "Feature", "properties": { "id_linea": "R801", "capa": "Paradas Ruta 801", "orden": 15, "nombre": "Parada #077 / Col. Quinta Samayoa", "id_ruta": "R801", "sistema": "tubus" }, "geometry": { "type": "Point", "coordinates": [ -90.543059, 14.6259236, 0.0 ] } },
{ "type": "Feature", "properties": { "id_linea": "R801", "capa": "Paradas Ruta 801", "orden": 16, "nombre": "Parada #078 / 9ª Avenida", "id_ruta": "R801", "sistema": "tubus" }, "geometry": { "type": "Point", "coordinates": [ -90.5417077, 14.6219794, 0.0 ] } },
{ "type": "Feature", "properties": { "id_linea": "R801", "capa": "Paradas Ruta 801", "orden": 17, "nombre": "Parada #079 / 9ª Avenida", "id_ruta": "R801", "sistema": "tubus" }, "geometry": { "type": "Point", "coordinates": [ -90.543529, 14.620595, 0.0 ] } },
{ "type": "Feature", "properties": { "id_linea": "R801", "capa": "Paradas Ruta 801", "orden": 18, "nombre": "Parada #080 / Calz. San Juan", "id_ruta": "R801", "sistema": "tubus" }, "geometry": { "type": "Point", "coordinates": [ -90.543187, 14.619092, 0.0 ] } },
{ "type": "Feature", "properties": { "id_linea": "R801", "capa": "Paradas Ruta 801", "orden": 19, "nombre": "Parada #081 / Calz. Roosevelt", "id_ruta": "R801", "sistema": "tubus" }, "geometry": { "type": "Point", "coordinates": [ -90.540316, 14.61647, 0.0 ] } },
{ "type": "Feature", "properties": { "id_linea": "R801", "capa": "Paradas Ruta 801", "orden": 20, "nombre": "Parada #082 / Calz. Roosevelt", "id_ruta": "R801", "sistema": "tubus" }, "geometry": { "type": "Point", "coordinates": [ -90.535921, 14.61384, 0.0 ] } },
{ "type": "Feature", "properties": { "id_linea": "R801", "capa": "Paradas Ruta 801", "orden": 21, "nombre": "Parada #083 / Blvr. Liberación", "id_ruta": "R801", "sistema": "tubus" }, "geometry": { "type": "Point", "coordinates": [ -90.534638, 14.612177, 0.0 ] } },
{ "type": "Feature", "properties": { "id_linea": "R801", "capa": "Paradas Ruta 801", "orden": 22, "nombre": "Parada #084 / Blvr. Liberación", "id_ruta": "R801", "sistema": "tubus" }, "geometry": { "type": "Point", "coordinates": [ -90.5320664, 14.6086514, 0.0 ] } },
{ "type": "Feature", "properties": { "id_linea": "R801", "capa": "Paradas Ruta 801", "orden": 23, "nombre": "Parada #085 / Avenida La Castellana", "id_ruta": "R801", "sistema": "tubus" }, "geometry": { "type": "Point", "coordinates": [ -90.527203, 14.606431, 0.0 ] } },
{ "type": "Feature", "properties": { "id_linea": "R801", "capa": "Paradas Ruta 801", "orden": 24, "nombre": "Parada #086 / Avenida La Castellana", "id_ruta": "R801", "sistema": "tubus" }, "geometry": { "type": "Point", "coordinates": [ -90.526215, 14.60854, 0.0 ] } },
{ "type": "Feature", "properties": { "id_linea": "R801", "capa": "Paradas Ruta 801", "orden": 25, "nombre": "Parada #087 / Terminal", "id_ruta": "R801", "sistema": "tubus" }, "geometry": { "type": "Point", "coordinates": [ -90.5212, 14.610788, 0.0 ] } },
{ "type": "Feature", "properties": { "id_linea": "R801", "capa": "Paradas Ruta 801", "orden": 26, "nombre": "Parada #088 / Cantón Tívoli", "id_ruta": "R801", "sistema": "tubus" }, "geometry": { "type": "Point", "coordinates": [ -90.523074, 14.61083, 0.0 ] } },
{ "type": "Feature", "properties": { "id_linea": "R801", "capa": "Paradas Ruta 801", "orden": 27, "nombre": "Parada #089 / Avenida La Castellana", "id_ruta": "R801", "sistema": "tubus" }, "geometry": { "type": "Point", "coordinates": [ -90.525858, 14.609842, 0.0 ] } },
{ "type": "Feature", "properties": { "id_linea": "R801", "capa": "Paradas Ruta 801", "orden": 28, "nombre": "Parada #090 / Avenida La Castellana", "id_ruta": "R801", "sistema": "tubus" }, "geometry": { "type": "Point", "coordinates": [ -90.527709, 14.60591, 0.0 ] } },
{ "type": "Feature", "properties": { "id_linea": "R801", "capa": "Paradas Ruta 801", "orden": 29, "nombre": "Parada #091 / Blvr. Liberación", "id_ruta": "R801", "sistema": "tubus" }, "geometry": { "type": "Point", "coordinates": [ -90.5317791, 14.6090215, 0.0 ] } },
{ "type": "Feature", "properties": { "id_linea": "R801", "capa": "Paradas Ruta 801", "orden": 30, "nombre": "Parada #092 / Blvr. Liberación", "id_ruta": "R801", "sistema": "tubus" }, "geometry": { "type": "Point", "coordinates": [ -90.533961, 14.612242, 0.0 ] } },
{ "type": "Feature", "properties": { "id_linea": "R801", "capa": "Paradas Ruta 801", "orden": 31, "nombre": "Parada #093 / Calz. Roosevelt", "id_ruta": "R801", "sistema": "tubus" }, "geometry": { "type": "Point", "coordinates": [ -90.535466, 14.614043, 0.0 ] } },
{ "type": "Feature", "properties": { "id_linea": "R801", "capa": "Paradas Ruta 801", "orden": 32, "nombre": "Parada #094 / Calz. Roosevelt", "id_ruta": "R801", "sistema": "tubus" }, "geometry": { "type": "Point", "coordinates": [ -90.538006, 14.61589, 0.0 ] } },
{ "type": "Feature", "properties": { "id_linea": "R801", "capa": "Paradas Ruta 801", "orden": 33, "nombre": "Parada #095 / Col. Quinta Samayoa", "id_ruta": "R801", "sistema": "tubus" }, "geometry": { "type": "Point", "coordinates": [ -90.5426927, 14.6190266, 0.0 ] } },
{ "type": "Feature", "properties": { "id_linea": "R801", "capa": "Paradas Ruta 801", "orden": 34, "nombre": "Parada #096 / Col. Quinta Samayoa", "id_ruta": "R801", "sistema": "tubus" }, "geometry": { "type": "Point", "coordinates": [ -90.5436798, 14.6222846, 0.0 ] } },
{ "type": "Feature", "properties": { "id_linea": "R801", "capa": "Paradas Ruta 801", "orden": 35, "nombre": "Parada #097 / Col. Quinta Samayoa", "id_ruta": "R801", "sistema": "tubus" }, "geometry": { "type": "Point", "coordinates": [ -90.542322, 14.623307, 0.0 ] } },
{ "type": "Feature", "properties": { "id_linea": "R801", "capa": "Paradas Ruta 801", "orden": 36, "nombre": "Parada #098 / Col. Castillo Lara", "id_ruta": "R801", "sistema": "tubus" }, "geometry": { "type": "Point", "coordinates": [ -90.542945, 14.626064, 0.0 ] } },
{ "type": "Feature", "properties": { "id_linea": "R801", "capa": "Paradas Ruta 801", "orden": 37, "nombre": "Parada #099 / Col. Quinta Samayoa", "id_ruta": "R801", "sistema": "tubus" }, "geometry": { "type": "Point", "coordinates": [ -90.545939, 14.629781, 0.0 ] } },
{ "type": "Feature", "properties": { "id_linea": "R801", "capa": "Paradas Ruta 801", "orden": 38, "nombre": "Parada #100 / Col. Kaminal Juyú II", "id_ruta": "R801", "sistema": "tubus" }, "geometry": { "type": "Point", "coordinates": [ -90.547428, 14.63451, 0.0 ] } },
{ "type": "Feature", "properties": { "id_linea": "R801", "capa": "Paradas Ruta 801", "orden": 39, "nombre": "Parada #101 / Col. Ciudad de Plata II", "id_ruta": "R801", "sistema": "tubus" }, "geometry": { "type": "Point", "coordinates": [ -90.546556, 14.637737, 0.0 ] } },
{ "type": "Feature", "properties": { "id_linea": "R801", "capa": "Paradas Ruta 801", "orden": 40, "nombre": "Parada #102 / Col. Mario Julio Salazar", "id_ruta": "R801", "sistema": "tubus" }, "geometry": { "type": "Point", "coordinates": [ -90.54621, 14.640923, 0.0 ] } },
{ "type": "Feature", "properties": { "id_linea": "R801", "capa": "Paradas Ruta 801", "orden": 41, "nombre": "Parada #103 / Col. El Incienso", "id_ruta": "R801", "sistema": "tubus" }, "geometry": { "type": "Point", "coordinates": [ -90.542633, 14.643297, 0.0 ] } },
{ "type": "Feature", "properties": { "id_linea": "R801", "capa": "Paradas Ruta 801", "orden": 42, "nombre": "Parada #104 / Col. 4 de Febrero", "id_ruta": "R801", "sistema": "tubus" }, "geometry": { "type": "Point", "coordinates": [ -90.539829, 14.64477, 0.0 ] } },
{ "type": "Feature", "properties": { "id_linea": "R801", "capa": "Paradas Ruta 801", "orden": 43, "nombre": "Parada #105 / Alcaldía Auxiliar Z.7", "id_ruta": "R801", "sistema": "tubus" }, "geometry": { "type": "Point", "coordinates": [ -90.5358312, 14.6473865, 0.0 ] } },
{ "type": "Feature", "properties": { "id_linea": "R801", "capa": "Paradas Ruta 801", "orden": 44, "nombre": "Parada #106 / Col. Bethania", "id_ruta": "R801", "sistema": "tubus" }, "geometry": { "type": "Point", "coordinates": [ -90.534113, 14.649547, 0.0 ] } },
{ "type": "Feature", "properties": { "id_linea": "R801", "capa": "Paradas Ruta 801", "orden": 45, "nombre": "Parada #107 / Parque Tecún Umán", "id_ruta": "R801", "sistema": "tubus" }, "geometry": { "type": "Point", "coordinates": [ -90.532673, 14.65149, 0.0 ] } },
{ "type": "Feature", "properties": { "id_linea": "R801", "capa": "Paradas Ruta 801", "orden": 46, "nombre": "Parada #108 / Col. Sakerty II", "id_ruta": "R801", "sistema": "tubus" }, "geometry": { "type": "Point", "coordinates": [ -90.5307587, 14.6550897, 0.0 ] } },
{ "type": "Feature", "properties": { "id_linea": "R801", "capa": "Paradas Ruta 801", "orden": 47, "nombre": "Parada #109 / Col. Sakerty I", "id_ruta": "R801", "sistema": "tubus" }, "geometry": { "type": "Point", "coordinates": [ -90.529628, 14.657175, 0.0 ] } },
{ "type": "Feature", "properties": { "id_linea": "R802", "capa": "Paradas Ruta 802", "orden": 1, "nombre": "Parada #063 / Parque Los Pinos", "id_ruta": "R802", "sistema": "tubus" }, "geometry": { "type": "Point", "coordinates": [ -90.528477, 14.659797, 0.0 ] } },
{ "type": "Feature", "properties": { "id_linea": "R802", "capa": "Paradas Ruta 802", "orden": 2, "nombre": "Parada #064 / Col. Sakerty I", "id_ruta": "R802", "sistema": "tubus" }, "geometry": { "type": "Point", "coordinates": [ -90.529952, 14.657044, 0.0 ] } },
{ "type": "Feature", "properties": { "id_linea": "R802", "capa": "Paradas Ruta 802", "orden": 3, "nombre": "Parada #065 / Col. Sakerty II", "id_ruta": "R802", "sistema": "tubus" }, "geometry": { "type": "Point", "coordinates": [ -90.531066, 14.654922, 0.0 ] } },
{ "type": "Feature", "properties": { "id_linea": "R802", "capa": "Paradas Ruta 802", "orden": 4, "nombre": "Parada #066 / Col. Banvi I", "id_ruta": "R802", "sistema": "tubus" }, "geometry": { "type": "Point", "coordinates": [ -90.533101, 14.651214, 0.0 ] } },
{ "type": "Feature", "properties": { "id_linea": "R802", "capa": "Paradas Ruta 802", "orden": 5, "nombre": "Parada #067 / Col. Bethania", "id_ruta": "R802", "sistema": "tubus" }, "geometry": { "type": "Point", "coordinates": [ -90.534145, 14.649813, 0.0 ] } },
{ "type": "Feature", "properties": { "id_linea": "R802", "capa": "Paradas Ruta 802", "orden": 6, "nombre": "Parada #068 / Col. Bethania", "id_ruta": "R802", "sistema": "tubus" }, "geometry": { "type": "Point", "coordinates": [ -90.535628, 14.64777, 0.0 ] } },
{ "type": "Feature", "properties": { "id_linea": "R802", "capa": "Paradas Ruta 802", "orden": 7, "nombre": "Parada #110 / Anillo Periférico norte", "id_ruta": "R802", "sistema": "tubus" }, "geometry": { "type": "Point", "coordinates": [ -90.536389, 14.645513, 0.0 ] } },
{ "type": "Feature", "properties": { "id_linea": "R802", "capa": "Paradas Ruta 802", "orden": 8, "nombre": "Parada #111 / Anillo Periférico norte", "id_ruta": "R802", "sistema": "tubus" }, "geometry": { "type": "Point", "coordinates": [ -90.53079, 14.648802, 0.0 ] } },
{ "type": "Feature", "properties": { "id_linea": "R802", "capa": "Paradas Ruta 802", "orden": 9, "nombre": "Parada #112 / Anillo Periférico norte", "id_ruta": "R802", "sistema": "tubus" }, "geometry": { "type": "Point", "coordinates": [ -90.529282, 14.648647, 0.0 ] } },
{ "type": "Feature", "properties": { "id_linea": "R802", "capa": "Paradas Ruta 802", "orden": 10, "nombre": "Parada #113 / Anillo Periférico norte", "id_ruta": "R802", "sistema": "tubus" }, "geometry": { "type": "Point", "coordinates": [ -90.525071, 14.64489, 0.0 ] } },
{ "type": "Feature", "properties": { "id_linea": "R802", "capa": "Paradas Ruta 802", "orden": 11, "nombre": "Parada #114 / Barrio Recolección", "id_ruta": "R802", "sistema": "tubus" }, "geometry": { "type": "Point", "coordinates": [ -90.519209, 14.649127, 0.0 ] } },
{ "type": "Feature", "properties": { "id_linea": "R802", "capa": "Paradas Ruta 802", "orden": 12, "nombre": "Parada #115 / Barrio Recolección", "id_ruta": "R802", "sistema": "tubus" }, "geometry": { "type": "Point", "coordinates": [ -90.516348, 14.648726, 0.0 ] } },
{ "type": "Feature", "properties": { "id_linea": "R802", "capa": "Paradas Ruta 802", "orden": 13, "nombre": "Parada #116 / Barrio Recolección", "id_ruta": "R802", "sistema": "tubus" }, "geometry": { "type": "Point", "coordinates": [ -90.51502, 14.647346, 0.0 ] } },
{ "type": "Feature", "properties": { "id_linea": "R802", "capa": "Paradas Ruta 802", "orden": 14, "nombre": "Parada #117 / Barrio Recolección", "id_ruta": "R802", "sistema": "tubus" }, "geometry": { "type": "Point", "coordinates": [ -90.515504, 14.643776, 0.0 ] } },
{ "type": "Feature", "properties": { "id_linea": "R802", "capa": "Paradas Ruta 802", "orden": 15, "nombre": "Parada #118 / 4ª Avenida", "id_ruta": "R802", "sistema": "tubus" }, "geometry": { "type": "Point", "coordinates": [ -90.515928, 14.64083, 0.0 ] } },
{ "type": "Feature", "properties": { "id_linea": "R802", "capa": "Paradas Ruta 802", "orden": 16, "nombre": "Parada #119 / 4ª Avenida", "id_ruta": "R802", "sistema": "tubus" }, "geometry": { "type": "Point", "coordinates": [ -90.516224, 14.638553, 0.0 ] } },
{ "type": "Feature", "properties": { "id_linea": "R802", "capa": "Paradas Ruta 802", "orden": 17, "nombre": "Parada #120 / 4ª Avenida", "id_ruta": "R802", "sistema": "tubus" }, "geometry": { "type": "Point", "coordinates": [ -90.516864, 14.634046, 0.0 ] } },
{ "type": "Feature", "properties": { "id_linea": "R802", "capa": "Paradas Ruta 802", "orden": 18, "nombre": "Parada #121 / 4ª Avenida", "id_ruta": "R802", "sistema": "tubus" }, "geometry": { "type": "Point", "coordinates": [ -90.517283, 14.630678, 0.0 ] } },
{ "type": "Feature", "properties": { "id_linea": "R802", "capa": "Paradas Ruta 802", "orden": 19, "nombre": "Parada #122 / El Pueblito", "id_ruta": "R802", "sistema": "tubus" }, "geometry": { "type": "Point", "coordinates": [ -90.518585, 14.630432, 0.0 ] } },
{ "type": "Feature", "properties": { "id_linea": "R802", "capa": "Paradas Ruta 802", "orden": 20, "nombre": "Parada #123 / 3ª Avenida", "id_ruta": "R802", "sistema": "tubus" }, "geometry": { "type": "Point", "coordinates": [ -90.518203, 14.6334165, 0.0 ] } },
{ "type": "Feature", "properties": { "id_linea": "R802", "capa": "Paradas Ruta 802", "orden": 21, "nombre": "Parada #124 / 3ª Avenida", "id_ruta": "R802", "sistema": "tubus" }, "geometry": { "type": "Point", "coordinates": [ -90.5176494, 14.6371046, 0.0 ] } },
{ "type": "Feature", "properties": { "id_linea": "R802", "capa": "Paradas Ruta 802", "orden": 22, "nombre": "Parada #125 / 3ª Avenida", "id_ruta": "R802", "sistema": "tubus" }, "geometry": { "type": "Point", "coordinates": [ -90.51715, 14.640794, 0.0 ] } },
{ "type": "Feature", "properties": { "id_linea": "R802", "capa": "Paradas Ruta 802", "orden": 23, "nombre": "Parada #126 / 3ª Avenida", "id_ruta": "R802", "sistema": "tubus" }, "geometry": { "type": "Point", "coordinates": [ -90.516845, 14.6428917, 0.0 ] } },
{ "type": "Feature", "properties": { "id_linea": "R802", "capa": "Paradas Ruta 802", "orden": 24, "nombre": "Parada #127 / Barrio Recolección", "id_ruta": "R802", "sistema": "tubus" }, "geometry": { "type": "Point", "coordinates": [ -90.51767, 14.645277, 0.0 ] } },
{ "type": "Feature", "properties": { "id_linea": "R802", "capa": "Paradas Ruta 802", "orden": 25, "nombre": "Parada #128 / Barrio Recolección", "id_ruta": "R802", "sistema": "tubus" }, "geometry": { "type": "Point", "coordinates": [ -90.5206923, 14.6457363, 0.0 ] } },
{ "type": "Feature", "properties": { "id_linea": "R802", "capa": "Paradas Ruta 802", "orden": 26, "nombre": "Parada #129 / Avenida Elena", "id_ruta": "R802", "sistema": "tubus" }, "geometry": { "type": "Point", "coordinates": [ -90.5216373, 14.6428625, 0.0 ] } },
{ "type": "Feature", "properties": { "id_linea": "R802", "capa": "Paradas Ruta 802", "orden": 27, "nombre": "Parada #130 / Anillo Periférico sur", "id_ruta": "R802", "sistema": "tubus" }, "geometry": { "type": "Point", "coordinates": [ -90.529255, 14.64894, 0.0 ] } },
{ "type": "Feature", "properties": { "id_linea": "R802", "capa": "Paradas Ruta 802", "orden": 28, "nombre": "Parada #131 / Col. Madre Dormida", "id_ruta": "R802", "sistema": "tubus" }, "geometry": { "type": "Point", "coordinates": [ -90.531015, 14.648999, 0.0 ] } },
{ "type": "Feature", "properties": { "id_linea": "R802", "capa": "Paradas Ruta 802", "orden": 29, "nombre": "Parada #132 / Anillo Periférico sur", "id_ruta": "R802", "sistema": "tubus" }, "geometry": { "type": "Point", "coordinates": [ -90.535319, 14.645743, 0.0 ] } },
{ "type": "Feature", "properties": { "id_linea": "R802", "capa": "Paradas Ruta 802", "orden": 30, "nombre": "Parada #105 / Alcaldía Auxiliar Z.7", "id_ruta": "R802", "sistema": "tubus" }, "geometry": { "type": "Point", "coordinates": [ -90.535849, 14.647358, 0.0 ] } },
{ "type": "Feature", "properties": { "id_linea": "R802", "capa": "Paradas Ruta 802", "orden": 31, "nombre": "Parada #106 / Col. Bethania", "id_ruta": "R802", "sistema": "tubus" }, "geometry": { "type": "Point", "coordinates": [ -90.534113, 14.649547, 0.0 ] } },
{ "type": "Feature", "properties": { "id_linea": "R802", "capa": "Paradas Ruta 802", "orden": 32, "nombre": "Parada #107 / Parque Tecún Umán", "id_ruta": "R802", "sistema": "tubus" }, "geometry": { "type": "Point", "coordinates": [ -90.532673, 14.65149, 0.0 ] } },
{ "type": "Feature", "properties": { "id_linea": "R802", "capa": "Paradas Ruta 802", "orden": 33, "nombre": "Parada #108 / Col. Sakerty II", "id_ruta": "R802", "sistema": "tubus" }, "geometry": { "type": "Point", "coordinates": [ -90.530748, 14.655043, 0.0 ] } },
{ "type": "Feature", "properties": { "id_linea": "R802", "capa": "Paradas Ruta 802", "orden": 34, "nombre": "Parada #109 / Col. Sakerty I", "id_ruta": "R802", "sistema": "tubus" }, "geometry": { "type": "Point", "coordinates": [ -90.529628, 14.657174, 0.0 ] } },
{ "type": "Feature", "properties": { "id_linea": "sistema", "capa": "SISTEMA TRANSMETRO - Estaciones", "orden": 1, "nombre": "San Sebastián - Líneas 1 y 2", "id_ruta": null, "sistema": "transmetro" }, "geometry": { "type": "Point", "coordinates": [ -90.5130895, 14.6458223, 0.0 ] } },
{ "type": "Feature", "properties": { "id_linea": "sistema", "capa": "SISTEMA TRANSMETRO - Estaciones", "orden": 2, "nombre": "Gómez Carrillo", "id_ruta": null, "sistema": "transmetro" }, "geometry": { "type": "Point", "coordinates": [ -90.515788054799998, 14.6345353535, 0.0 ] } },
{ "type": "Feature", "properties": { "id_linea": "sistema", "capa": "SISTEMA TRANSMETRO - Estaciones", "orden": 3, "nombre": "San Agustín", "id_ruta": null, "sistema": "transmetro" }, "geometry": { "type": "Point", "coordinates": [ -90.5152966, 14.6384672, 0.0 ] } },
{ "type": "Feature", "properties": { "id_linea": "sistema", "capa": "SISTEMA TRANSMETRO - Estaciones", "orden": 4, "nombre": "Parque Centenario", "id_ruta": null, "sistema": "transmetro" }, "geometry": { "type": "Point", "coordinates": [ -90.5148043, 14.6420646, 0.0 ] } },
{ "type": "Feature", "properties": { "id_linea": "sistema", "capa": "SISTEMA TRANSMETRO - Estaciones", "orden": 5, "nombre": "Mercado Central", "id_ruta": null, "sistema": "transmetro" }, "geometry": { "type": "Point", "coordinates": [ -90.511500781600006, 14.6423372473, 0.0 ] } },
{ "type": "Feature", "properties": { "id_linea": "sistema", "capa": "SISTEMA TRANSMETRO - Estaciones", "orden": 6, "nombre": "Correos", "id_ruta": null, "sistema": "transmetro" }, "geometry": { "type": "Point", "coordinates": [ -90.512248122399996, 14.6371623831, 0.0 ] } },
{ "type": "Feature", "properties": { "id_linea": "sistema", "capa": "SISTEMA TRANSMETRO - Estaciones", "orden": 7, "nombre": "Beatas de Belén", "id_ruta": null, "sistema": "transmetro" }, "geometry": { "type": "Point", "coordinates": [ -90.5126794, 14.6339182, 0.0 ] } },
{ "type": "Feature", "properties": { "id_linea": "sistema", "capa": "SISTEMA TRANSMETRO - Estaciones", "orden": 8, "nombre": "Paseo de las Letras", "id_ruta": null, "sistema": "transmetro" }, "geometry": { "type": "Point", "coordinates": [ -90.5133353, 14.6299042, 0.0 ] } },
{ "type": "Feature", "properties": { "id_linea": "sistema", "capa": "SISTEMA TRANSMETRO - Estaciones", "orden": 9, "nombre": "Centro Cívico", "id_ruta": null, "sistema": "transmetro" }, "geometry": { "type": "Point", "coordinates": [ -90.5148188, 14.6277269, 0.0 ] } },
{ "type": "Feature", "properties": { "id_linea": "sistema", "capa": "SISTEMA TRANSMETRO - Estaciones", "orden": 10, "nombre": "Sur 2", "id_ruta": null, "sistema": "transmetro" }, "geometry": { "type": "Point", "coordinates": [ -90.5162884, 14.6313137, 0.0 ] } },
{ "type": "Feature", "properties": { "id_linea": "sistema", "capa": "SISTEMA TRANSMETRO - Estaciones", "orden": 12, "nombre": "Simeón Cañas", "id_ruta": null, "sistema": "transmetro" }, "geometry": { "type": "Point", "coordinates": [ -90.5118799, 14.6539497, 0.0 ] } },
{ "type": "Feature", "properties": { "id_linea": "sistema", "capa": "SISTEMA TRANSMETRO - Estaciones", "orden": 13, "nombre": "Hipódromo del Norte", "id_ruta": null, "sistema": "transmetro" }, "geometry": { "type": "Point", "coordinates": [ -90.5097798, 14.6595427, 0.0 ] } },
{ "type": "Feature", "properties": { "id_linea": "sistema", "capa": "SISTEMA TRANSMETRO - Estaciones", "orden": 14, "nombre": "San José de la Montaña", "id_ruta": null, "sistema": "transmetro" }, "geometry": { "type": "Point", "coordinates": [ -90.5119433, 14.6538416, 0.0 ] } },
{ "type": "Feature", "properties": { "id_linea": "sistema", "capa": "SISTEMA TRANSMETRO - Estaciones", "orden": 15, "nombre": "Jocotenango", "id_ruta": null, "sistema": "transmetro" }, "geometry": { "type": "Point", "coordinates": [ -90.5131177, 14.6510099, 0.0 ] } },
{ "type": "Feature", "properties": { "id_linea": "sistema", "capa": "SISTEMA TRANSMETRO - Estaciones", "orden": 17, "nombre": "Plaza Barrios/FEGUA - Líneas 6 y 18", "id_ruta": null, "sistema": "transmetro" }, "geometry": { "type": "Point", "coordinates": [ -90.5116332, 14.6305278, 0.0 ] } },
{ "type": "Feature", "properties": { "id_linea": "sistema", "capa": "SISTEMA TRANSMETRO - Estaciones", "orden": 18, "nombre": "Francos Monroy  - Líneas 6 y 18", "id_ruta": null, "sistema": "transmetro" }, "geometry": { "type": "Point", "coordinates": [ -90.5093697, 14.6326442, 0.0 ] } },
{ "type": "Feature", "properties": { "id_linea": "sistema", "capa": "SISTEMA TRANSMETRO - Estaciones", "orden": 19, "nombre": "Colón - Líneas 6 y 18", "id_ruta": null, "sistema": "transmetro" }, "geometry": { "type": "Point", "coordinates": [ -90.5083715, 14.6399859, 0.0 ] } },
{ "type": "Feature", "properties": { "id_linea": "sistema", "capa": "SISTEMA TRANSMETRO - Estaciones", "orden": 20, "nombre": "Cerro del Carmen - Líneas 6 y 18", "id_ruta": null, "sistema": "transmetro" }, "geometry": { "type": "Point", "coordinates": [ -90.504911, 14.6481246, 0.0 ] } },
{ "type": "Feature", "properties": { "id_linea": "sistema", "capa": "SISTEMA TRANSMETRO - Estaciones", "orden": 21, "nombre": "Parroquia", "id_ruta": null, "sistema": "transmetro" }, "geometry": { "type": "Point", "coordinates": [ -90.4997926, 14.6499868, 0.0 ] } },
{ "type": "Feature", "properties": { "id_linea": "sistema", "capa": "SISTEMA TRANSMETRO - Estaciones", "orden": 22, "nombre": "IGSS Zona 6", "id_ruta": null, "sistema": "transmetro" }, "geometry": { "type": "Point", "coordinates": [ -90.4974681, 14.6515687, 0.0 ] } },
{ "type": "Feature", "properties": { "id_linea": "sistema", "capa": "SISTEMA TRANSMETRO - Estaciones", "orden": 23, "nombre": "Centro Zona 6", "id_ruta": null, "sistema": "transmetro" }, "geometry": { "type": "Point", "coordinates": [ -90.4960752, 14.6549439, 0.0 ] } },
{ "type": "Feature", "properties": { "id_linea": "sistema", "capa": "SISTEMA TRANSMETRO - Estaciones", "orden": 24, "nombre": "Academia", "id_ruta": null, "sistema": "transmetro" }, "geometry": { "type": "Point", "coordinates": [ -90.4940548, 14.6590336, 0.0 ] } },
{ "type": "Feature", "properties": { "id_linea": "sistema", "capa": "SISTEMA TRANSMETRO - Estaciones", "orden": 25, "nombre": "Cipresales", "id_ruta": null, "sistema": "transmetro" }, "geometry": { "type": "Point", "coordinates": [ -90.493794219600005, 14.665319540700001, 0.0 ] } },
{ "type": "Feature", "properties": { "id_linea": "sistema", "capa": "SISTEMA TRANSMETRO - Estaciones", "orden": 26, "nombre": "Proyectos 4-4", "id_ruta": null, "sistema": "transmetro" }, "geometry": { "type": "Point", "coordinates": [ -90.491939108099999, 14.667558891900001, 0.0 ] } },
{ "type": "Feature", "properties": { "id_linea": "sistema", "capa": "SISTEMA TRANSMETRO - Estaciones", "orden": 27, "nombre": "Proyectos", "id_ruta": null, "sistema": "transmetro" }, "geometry": { "type": "Point", "coordinates": [ -90.4874619, 14.6733289, 0.0 ] } },
{ "type": "Feature", "properties": { "id_linea": "sistema", "capa": "SISTEMA TRANSMETRO - Estaciones", "orden": 28, "nombre": "Quintanal", "id_ruta": null, "sistema": "transmetro" }, "geometry": { "type": "Point", "coordinates": [ -90.4959862, 14.6585748, 0.0 ] } },
{ "type": "Feature", "properties": { "id_linea": "sistema", "capa": "SISTEMA TRANSMETRO - Estaciones", "orden": 29, "nombre": "Corpus Christi", "id_ruta": null, "sistema": "transmetro" }, "geometry": { "type": "Point", "coordinates": [ -90.4968484, 14.6568318, 0.0 ] } },
{ "type": "Feature", "properties": { "id_linea": "sistema", "capa": "SISTEMA TRANSMETRO - Estaciones", "orden": 30, "nombre": "José Martí", "id_ruta": null, "sistema": "transmetro" }, "geometry": { "type": "Point", "coordinates": [ -90.4999842, 14.652949, 0.0 ] } },
{ "type": "Feature", "properties": { "id_linea": "sistema", "capa": "SISTEMA TRANSMETRO - Estaciones", "orden": 31, "nombre": "Santa Teresa", "id_ruta": null, "sistema": "transmetro" }, "geometry": { "type": "Point", "coordinates": [ -90.5091647, 14.6440513, 0.0 ] } },
{ "type": "Feature", "properties": { "id_linea": "sistema", "capa": "SISTEMA TRANSMETRO - Estaciones", "orden": 32, "nombre": "Capuchinas - Líneas 6 y 18", "id_ruta": null, "sistema": "transmetro" }, "geometry": { "type": "Point", "coordinates": [ -90.5098921, 14.6385543, 0.0 ] } },
{ "type": "Feature", "properties": { "id_linea": "sistema", "capa": "SISTEMA TRANSMETRO - Estaciones", "orden": 34, "nombre": "USAC Periférico", "id_ruta": null, "sistema": "transmetro" }, "geometry": { "type": "Point", "coordinates": [ -90.5505149, 14.5931191, 0.0 ] } },
{ "type": "Feature", "properties": { "id_linea": "sistema", "capa": "SISTEMA TRANSMETRO - Estaciones", "orden": 35, "nombre": "Granai - Dir. La Merced", "id_ruta": null, "sistema": "transmetro" }, "geometry": { "type": "Point", "coordinates": [ -90.559135373049898, 14.599635225357201, 0.0 ] } },
{ "type": "Feature", "properties": { "id_linea": "sistema", "capa": "SISTEMA TRANSMETRO - Estaciones", "orden": 36, "nombre": "Granai - Dir. USAC Periférico", "id_ruta": null, "sistema": "transmetro" }, "geometry": { "type": "Point", "coordinates": [ -90.559530482461597, 14.5995722497854, 0.0 ] } },
{ "type": "Feature", "properties": { "id_linea": "sistema", "capa": "SISTEMA TRANSMETRO - Estaciones", "orden": 37, "nombre": "Rodolfo Robles - Dir. La Merced", "id_ruta": null, "sistema": "transmetro" }, "geometry": { "type": "Point", "coordinates": [ -90.558210964431495, 14.607071617372, 0.0 ] } },
{ "type": "Feature", "properties": { "id_linea": "sistema", "capa": "SISTEMA TRANSMETRO - Estaciones", "orden": 38, "nombre": "Rodolfo Robles - Dir. USAC Periférico", "id_ruta": null, "sistema": "transmetro" }, "geometry": { "type": "Point", "coordinates": [ -90.558094046409906, 14.607673294701099, 0.0 ] } },
{ "type": "Feature", "properties": { "id_linea": "sistema", "capa": "SISTEMA TRANSMETRO - Estaciones", "orden": 39, "nombre": "CEJUSA - Dir. La Merced", "id_ruta": null, "sistema": "transmetro" }, "geometry": { "type": "Point", "coordinates": [ -90.556524742892904, 14.6094369643937, 0.0 ] } },
{ "type": "Feature", "properties": { "id_linea": "sistema", "capa": "SISTEMA TRANSMETRO - Estaciones", "orden": 40, "nombre": "CEJUSA - Dir. USAC Periférico", "id_ruta": null, "sistema": "transmetro" }, "geometry": { "type": "Point", "coordinates": [ -90.556431278223599, 14.6100950533035, 0.0 ] } },
{ "type": "Feature", "properties": { "id_linea": "sistema", "capa": "SISTEMA TRANSMETRO - Estaciones", "orden": 41, "nombre": "San Jorge - Dir. La Merced", "id_ruta": null, "sistema": "transmetro" }, "geometry": { "type": "Point", "coordinates": [ -90.555685521643696, 14.6183580561786, 0.0 ] } },
{ "type": "Feature", "properties": { "id_linea": "sistema", "capa": "SISTEMA TRANSMETRO - Estaciones", "orden": 42, "nombre": "San Jorge - Dir. USAC Periférico", "id_ruta": null, "sistema": "transmetro" }, "geometry": { "type": "Point", "coordinates": [ -90.556556229753895, 14.6192973939394, 0.0 ] } },
{ "type": "Feature", "properties": { "id_linea": "sistema", "capa": "SISTEMA TRANSMETRO - Estaciones", "orden": 43, "nombre": "Roosevelt - Dir. La Merced", "id_ruta": null, "sistema": "transmetro" }, "geometry": { "type": "Point", "coordinates": [ -90.5582943, 14.6262217, 0.0 ] } },
{ "type": "Feature", "properties": { "id_linea": "sistema", "capa": "SISTEMA TRANSMETRO - Estaciones", "orden": 44, "nombre": "Roosevelt - Dir. USAC Periférico", "id_ruta": null, "sistema": "transmetro" }, "geometry": { "type": "Point", "coordinates": [ -90.5590093, 14.6260413, 0.0 ] } },
{ "type": "Feature", "properties": { "id_linea": "sistema", "capa": "SISTEMA TRANSMETRO - Estaciones", "orden": 45, "nombre": "San Juan - Dir. La Merced", "id_ruta": null, "sistema": "transmetro" }, "geometry": { "type": "Point", "coordinates": [ -90.5547440705257, 14.630239983482801, 0.0 ] } },
{ "type": "Feature", "properties": { "id_linea": "sistema", "capa": "SISTEMA TRANSMETRO - Estaciones", "orden": 46, "nombre": "San Juan - Dir. USAC Periférico", "id_ruta": null, "sistema": "transmetro" }, "geometry": { "type": "Point", "coordinates": [ -90.554973620642599, 14.630420404221001, 0.0 ] } },
{ "type": "Feature", "properties": { "id_linea": "sistema", "capa": "SISTEMA TRANSMETRO - Estaciones", "orden": 47, "nombre": "Ciudad de Plata II - Dir. La Merced", "id_ruta": null, "sistema": "transmetro" }, "geometry": { "type": "Point", "coordinates": [ -90.550556031528302, 14.6383064353791, 0.0 ] } },
{ "type": "Feature", "properties": { "id_linea": "sistema", "capa": "SISTEMA TRANSMETRO - Estaciones", "orden": 48, "nombre": "Ciudad de Plata II - Dir. USAC Periférico", "id_ruta": null, "sistema": "transmetro" }, "geometry": { "type": "Point", "coordinates": [ -90.5507534, 14.6384895, 0.0 ] } },
{ "type": "Feature", "properties": { "id_linea": "sistema", "capa": "SISTEMA TRANSMETRO - Estaciones", "orden": 49, "nombre": "Villa Linda - Dir. La Merced", "id_ruta": null, "sistema": "transmetro" }, "geometry": { "type": "Point", "coordinates": [ -90.5462549, 14.6413304, 0.0 ] } },
{ "type": "Feature", "properties": { "id_linea": "sistema", "capa": "SISTEMA TRANSMETRO - Estaciones", "orden": 50, "nombre": "Villa Linda - Dir. USAC Periférico", "id_ruta": null, "sistema": "transmetro" }, "geometry": { "type": "Point", "coordinates": [ -90.545502811597999, 14.6422299395508, 0.0 ] } },
{ "type": "Feature", "properties": { "id_linea": "sistema", "capa": "SISTEMA TRANSMETRO - Estaciones", "orden": 51, "nombre": "4 de febrero - Dir. La Merced", "id_ruta": null, "sistema": "transmetro" }, "geometry": { "type": "Point", "coordinates": [ -90.5396824, 14.6449133, 0.0 ] } },
{ "type": "Feature", "properties": { "id_linea": "sistema", "capa": "SISTEMA TRANSMETRO - Estaciones", "orden": 52, "nombre": "4 de febrero - Dir. USAC Periférico", "id_ruta": null, "sistema": "transmetro" }, "geometry": { "type": "Point", "coordinates": [ -90.540825263923793, 14.6445073011811, 0.0 ] } },
{ "type": "Feature", "properties": { "id_linea": "sistema", "capa": "SISTEMA TRANSMETRO - Estaciones", "orden": 53, "nombre": "Bethania - Dir. USAC Periférico", "id_ruta": null, "sistema": "transmetro" }, "geometry": { "type": "Point", "coordinates": [ -90.536812507708404, 14.645890505753, 0.0 ] } },
{ "type": "Feature", "properties": { "id_linea": "sistema", "capa": "SISTEMA TRANSMETRO - Estaciones", "orden": 54, "nombre": "Bethania - Dir. La Merced", "id_ruta": null, "sistema": "transmetro" }, "geometry": { "type": "Point", "coordinates": [ -90.5365946, 14.6455512, 0.0 ] } },
{ "type": "Feature", "properties": { "id_linea": "sistema", "capa": "SISTEMA TRANSMETRO - Estaciones", "orden": 55, "nombre": "Incienso - Dir. La Merced", "id_ruta": null, "sistema": "transmetro" }, "geometry": { "type": "Point", "coordinates": [ -90.530966173445606, 14.6487105736621, 0.0 ] } },
{ "type": "Feature", "properties": { "id_linea": "sistema", "capa": "SISTEMA TRANSMETRO - Estaciones", "orden": 56, "nombre": "Incienso - Dir. USAC Periférico", "id_ruta": null, "sistema": "transmetro" }, "geometry": { "type": "Point", "coordinates": [ -90.531398205718105, 14.6487935888532, 0.0 ] } },
{ "type": "Feature", "properties": { "id_linea": "sistema", "capa": "SISTEMA TRANSMETRO - Estaciones", "orden": 57, "nombre": "San Juan de Dios", "id_ruta": null, "sistema": "transmetro" }, "geometry": { "type": "Point", "coordinates": [ -90.5188899, 14.6412303, 0.0 ] } },
{ "type": "Feature", "properties": { "id_linea": "sistema", "capa": "SISTEMA TRANSMETRO - Estaciones", "orden": 58, "nombre": "Pasaje Aycinena", "id_ruta": null, "sistema": "transmetro" }, "geometry": { "type": "Point", "coordinates": [ -90.5130679, 14.640319, 0.0 ] } },
{ "type": "Feature", "properties": { "id_linea": "sistema", "capa": "SISTEMA TRANSMETRO - Estaciones", "orden": 59, "nombre": "La Merced", "id_ruta": null, "sistema": "transmetro" }, "geometry": { "type": "Point", "coordinates": [ -90.5079253, 14.6434701, 0.0 ] } },
{ "type": "Feature", "properties": { "id_linea": "sistema", "capa": "SISTEMA TRANSMETRO - Estaciones", "orden": 60, "nombre": "Cruz Roja", "id_ruta": null, "sistema": "transmetro" }, "geometry": { "type": "Point", "coordinates": [ -90.510944779292103, 14.644240474197099, 0.0 ] } },
{ "type": "Feature", "properties": { "id_linea": "sistema", "capa": "SISTEMA TRANSMETRO - Estaciones", "orden": 61, "nombre": "Archivo General", "id_ruta": null, "sistema": "transmetro" }, "geometry": { "type": "Point", "coordinates": [ -90.515695217523003, 14.6424335106193, 0.0 ] } },
{ "type": "Feature", "properties": { "id_linea": "sistema", "capa": "SISTEMA TRANSMETRO - Estaciones", "orden": 62, "nombre": "Santuario de Guadalupe", "id_ruta": null, "sistema": "transmetro" }, "geometry": { "type": "Point", "coordinates": [ -90.5193033, 14.6420881, 0.0 ] } },
{ "type": "Feature", "properties": { "id_linea": "sistema", "capa": "SISTEMA TRANSMETRO - Estaciones", "orden": 64, "nombre": "Plaza Municipal", "id_ruta": null, "sistema": "transmetro" }, "geometry": { "type": "Point", "coordinates": [ -90.5158099, 14.6275976, 0.0 ] } },
{ "type": "Feature", "properties": { "id_linea": "sistema", "capa": "SISTEMA TRANSMETRO - Estaciones", "orden": 65, "nombre": "Plaza Barrios", "id_ruta": null, "sistema": "transmetro" }, "geometry": { "type": "Point", "coordinates": [ -90.5122639, 14.6301613, 0.0 ] } },
{ "type": "Feature", "properties": { "id_linea": "sistema", "capa": "SISTEMA TRANSMETRO - Estaciones", "orden": 66, "nombre": "Plaza El Amate", "id_ruta": null, "sistema": "transmetro" }, "geometry": { "type": "Point", "coordinates": [ -90.5168364, 14.6313317, 0.0 ] } },
{ "type": "Feature", "properties": { "id_linea": "sistema", "capa": "SISTEMA TRANSMETRO - Estaciones", "orden": 67, "nombre": "Don Bosco", "id_ruta": null, "sistema": "transmetro" }, "geometry": { "type": "Point", "coordinates": [ -90.522144, 14.6250611, 0.0 ] } },
{ "type": "Feature", "properties": { "id_linea": "sistema", "capa": "SISTEMA TRANSMETRO - Estaciones", "orden": 68, "nombre": "Bolívar - Dir. Plaza Barrios", "id_ruta": null, "sistema": "transmetro" }, "geometry": { "type": "Point", "coordinates": [ -90.5278149, 14.6190615, 0.0 ] } },
{ "type": "Feature", "properties": { "id_linea": "sistema", "capa": "SISTEMA TRANSMETRO - Estaciones", "orden": 69, "nombre": "Bolívar - Dir. Centra Sur", "id_ruta": null, "sistema": "transmetro" }, "geometry": { "type": "Point", "coordinates": [ -90.5272527, 14.6198422, 0.0 ] } },
{ "type": "Feature", "properties": { "id_linea": "sistema", "capa": "SISTEMA TRANSMETRO - Estaciones", "orden": 70, "nombre": "Santa Cecilia", "id_ruta": null, "sistema": "transmetro" }, "geometry": { "type": "Point", "coordinates": [ -90.5331221, 14.6145729, 0.0 ] } },
{ "type": "Feature", "properties": { "id_linea": "sistema", "capa": "SISTEMA TRANSMETRO - Estaciones", "orden": 71, "nombre": "Trébol", "id_ruta": null, "sistema": "transmetro" }, "geometry": { "type": "Point", "coordinates": [ -90.535721038800006, 14.612670046, 0.0 ] } },
{ "type": "Feature", "properties": { "id_linea": "sistema", "capa": "SISTEMA TRANSMETRO - Estaciones", "orden": 72, "nombre": "Mariscal - Dir. Centra Sur", "id_ruta": null, "sistema": "transmetro" }, "geometry": { "type": "Point", "coordinates": [ -90.5440659, 14.6057486, 0.0 ] } },
{ "type": "Feature", "properties": { "id_linea": "sistema", "capa": "SISTEMA TRANSMETRO - Estaciones", "orden": 73, "nombre": "Mariscal - Dir. Plaza Barrios", "id_ruta": null, "sistema": "transmetro" }, "geometry": { "type": "Point", "coordinates": [ -90.545098575, 14.604719343499999, 0.0 ] } },
{ "type": "Feature", "properties": { "id_linea": "sistema", "capa": "SISTEMA TRANSMETRO - Estaciones", "orden": 74, "nombre": "Reformita - Dir. Centra Sur", "id_ruta": null, "sistema": "transmetro" }, "geometry": { "type": "Point", "coordinates": [ -90.5480005, 14.6023915, 0.0 ] } },
{ "type": "Feature", "properties": { "id_linea": "sistema", "capa": "SISTEMA TRANSMETRO - Estaciones", "orden": 75, "nombre": "Reformita - Dir. Plaza Barrios", "id_ruta": null, "sistema": "transmetro" }, "geometry": { "type": "Point", "coordinates": [ -90.549604084199999, 14.6010261598, 0.0 ] } },
{ "type": "Feature", "properties": { "id_linea": "sistema", "capa": "SISTEMA TRANSMETRO - Estaciones", "orden": 76, "nombre": "El Carmen", "id_ruta": null, "sistema": "transmetro" }, "geometry": { "type": "Point", "coordinates": [ -90.555506, 14.5963309, 0.0 ] } },
{ "type": "Feature", "properties": { "id_linea": "sistema", "capa": "SISTEMA TRANSMETRO - Estaciones", "orden": 77, "nombre": "Las Charcas - Dir. Centra sur", "id_ruta": null, "sistema": "transmetro" }, "geometry": { "type": "Point", "coordinates": [ -90.5584882, 14.5934766, 0.0 ] } },
{ "type": "Feature", "properties": { "id_linea": "sistema", "capa": "SISTEMA TRANSMETRO - Estaciones", "orden": 78, "nombre": "Las Charcas - Dir. Plaza Barrios", "id_ruta": null, "sistema": "transmetro" }, "geometry": { "type": "Point", "coordinates": [ -90.5590068, 14.5924201, 0.0 ] } },
{ "type": "Feature", "properties": { "id_linea": "sistema", "capa": "SISTEMA TRANSMETRO - Estaciones", "orden": 79, "nombre": "Javier", "id_ruta": null, "sistema": "transmetro" }, "geometry": { "type": "Point", "coordinates": [ -90.5628031, 14.5869636, 0.0 ] } },
{ "type": "Feature", "properties": { "id_linea": "sistema", "capa": "SISTEMA TRANSMETRO - Estaciones", "orden": 80, "nombre": "Monte María", "id_ruta": null, "sistema": "transmetro" }, "geometry": { "type": "Point", "coordinates": [ -90.5679521, 14.5806311, 0.0 ] } },
{ "type": "Feature", "properties": { "id_linea": "sistema", "capa": "SISTEMA TRANSMETRO - Estaciones", "orden": 81, "nombre": "Centra Sur", "id_ruta": null, "sistema": "transmetro" }, "geometry": { "type": "Point", "coordinates": [ -90.5637593, 14.5644738, 0.0 ] } },
{ "type": "Feature", "properties": { "id_linea": "sistema", "capa": "SISTEMA TRANSMETRO - Estaciones", "orden": 83, "nombre": "4 Grados Sur", "id_ruta": null, "sistema": "transmetro" }, "geometry": { "type": "Point", "coordinates": [ -90.5163994, 14.6243445, 0.0 ] } },
{ "type": "Feature", "properties": { "id_linea": "sistema", "capa": "SISTEMA TRANSMETRO - Estaciones", "orden": 84, "nombre": "Exposición ", "id_ruta": null, "sistema": "transmetro" }, "geometry": { "type": "Point", "coordinates": [ -90.5171929, 14.6192992, 0.0 ] } },
{ "type": "Feature", "properties": { "id_linea": "sistema", "capa": "SISTEMA TRANSMETRO - Estaciones", "orden": 85, "nombre": "Terminal", "id_ruta": null, "sistema": "transmetro" }, "geometry": { "type": "Point", "coordinates": [ -90.518269, 14.6135586, 0.0 ] } },
{ "type": "Feature", "properties": { "id_linea": "sistema", "capa": "SISTEMA TRANSMETRO - Estaciones", "orden": 86, "nombre": "Industria", "id_ruta": null, "sistema": "transmetro" }, "geometry": { "type": "Point", "coordinates": [ -90.5190426, 14.6093975, 0.0 ] } },
{ "type": "Feature", "properties": { "id_linea": "sistema", "capa": "SISTEMA TRANSMETRO - Estaciones", "orden": 87, "nombre": "Tívoli", "id_ruta": null, "sistema": "transmetro" }, "geometry": { "type": "Point", "coordinates": [ -90.520057, 14.6044945, 0.0 ] } },
{ "type": "Feature", "properties": { "id_linea": "sistema", "capa": "SISTEMA TRANSMETRO - Estaciones", "orden": 88, "nombre": "Montúfar", "id_ruta": null, "sistema": "transmetro" }, "geometry": { "type": "Point", "coordinates": [ -90.5207722, 14.6005326, 0.0 ] } },
{ "type": "Feature", "properties": { "id_linea": "sistema", "capa": "SISTEMA TRANSMETRO - Estaciones", "orden": 89, "nombre": "Acueducto", "id_ruta": null, "sistema": "transmetro" }, "geometry": { "type": "Point", "coordinates": [ -90.5217228, 14.5936001, 0.0 ] } },
{ "type": "Feature", "properties": { "id_linea": "sistema", "capa": "SISTEMA TRANSMETRO - Estaciones", "orden": 90, "nombre": "Fuerza Aérea", "id_ruta": null, "sistema": "transmetro" }, "geometry": { "type": "Point", "coordinates": [ -90.5233684, 14.5875859, 0.0 ] } },
{ "type": "Feature", "properties": { "id_linea": "sistema", "capa": "SISTEMA TRANSMETRO - Estaciones", "orden": 91, "nombre": "Hangares", "id_ruta": null, "sistema": "transmetro" }, "geometry": { "type": "Point", "coordinates": [ -90.5243845, 14.5800731, 0.0 ] } },
{ "type": "Feature", "properties": { "id_linea": "sistema", "capa": "SISTEMA TRANSMETRO - Estaciones", "orden": 92, "nombre": "Plaza Argentina", "id_ruta": null, "sistema": "transmetro" }, "geometry": { "type": "Point", "coordinates": [ -90.5225374, 14.585852, 0.0 ] } },
{ "type": "Feature", "properties": { "id_linea": "sistema", "capa": "SISTEMA TRANSMETRO - Estaciones", "orden": 93, "nombre": "Los Arcos", "id_ruta": null, "sistema": "transmetro" }, "geometry": { "type": "Point", "coordinates": [ -90.520798, 14.5920665, 0.0 ] } },
{ "type": "Feature", "properties": { "id_linea": "sistema", "capa": "SISTEMA TRANSMETRO - Estaciones", "orden": 94, "nombre": "Plaza España", "id_ruta": null, "sistema": "transmetro" }, "geometry": { "type": "Point", "coordinates": [ -90.5191374, 14.5997194, 0.0 ] } },
{ "type": "Feature", "properties": { "id_linea": "sistema", "capa": "SISTEMA TRANSMETRO - Estaciones", "orden": 95, "nombre": "IGSS Zona 9", "id_ruta": null, "sistema": "transmetro" }, "geometry": { "type": "Point", "coordinates": [ -90.5183364, 14.6040911, 0.0 ] } },
{ "type": "Feature", "properties": { "id_linea": "sistema", "capa": "SISTEMA TRANSMETRO - Estaciones", "orden": 96, "nombre": "Seis 26", "id_ruta": null, "sistema": "transmetro" }, "geometry": { "type": "Point", "coordinates": [ -90.5173721, 14.6092, 0.0 ] } },
{ "type": "Feature", "properties": { "id_linea": "sistema", "capa": "SISTEMA TRANSMETRO - Estaciones", "orden": 97, "nombre": "Torre del Reformador", "id_ruta": null, "sistema": "transmetro" }, "geometry": { "type": "Point", "coordinates": [ -90.5164141, 14.6141275, 0.0 ] } },
{ "type": "Feature", "properties": { "id_linea": "sistema", "capa": "SISTEMA TRANSMETRO - Estaciones", "orden": 98, "nombre": "Plaza de la República", "id_ruta": null, "sistema": "transmetro" }, "geometry": { "type": "Point", "coordinates": [ -90.5154943, 14.6196137, 0.0 ] } },
{ "type": "Feature", "properties": { "id_linea": "sistema", "capa": "SISTEMA TRANSMETRO - Estaciones", "orden": 99, "nombre": "Cantón Exposición", "id_ruta": null, "sistema": "transmetro" }, "geometry": { "type": "Point", "coordinates": [ -90.5151466, 14.62237, 0.0 ] } },
{ "type": "Feature", "properties": { "id_linea": "sistema", "capa": "SISTEMA TRANSMETRO - Estaciones", "orden": 100, "nombre": "Banco de Guatemala", "id_ruta": null, "sistema": "transmetro" }, "geometry": { "type": "Point", "coordinates": [ -90.514641, 14.6261688, 0.0 ] } },
{ "type": "Feature", "properties": { "id_linea": "sistema", "capa": "SISTEMA TRANSMETRO - Estaciones", "orden": 101, "nombre": "Tipografía", "id_ruta": null, "sistema": "transmetro" }, "geometry": { "type": "Point", "coordinates": [ -90.5143715, 14.6308822, 0.0 ] } },
{ "type": "Feature", "properties": { "id_linea": "sistema", "capa": "SISTEMA TRANSMETRO - Estaciones", "orden": 102, "nombre": "El Calvario", "id_ruta": null, "sistema": "transmetro" }, "geometry": { "type": "Point", "coordinates": [ -90.5155676, 14.6301984, 0.0 ] } },
{ "type": "Feature", "properties": { "id_linea": "sistema", "capa": "SISTEMA TRANSMETRO - Estaciones", "orden": 104, "nombre": "Plaza Berlín", "id_ruta": null, "sistema": "transmetro" }, "geometry": { "type": "Point", "coordinates": [ -90.526851, 14.569946, 0.0 ] } },
{ "type": "Feature", "properties": { "id_linea": "sistema", "capa": "SISTEMA TRANSMETRO - Estaciones", "orden": 105, "nombre": "Juan Pablo II", "id_ruta": null, "sistema": "transmetro" }, "geometry": { "type": "Point", "coordinates": [ -90.524253, 14.574241, 0.0 ] } },
{ "type": "Feature", "properties": { "id_linea": "sistema", "capa": "SISTEMA TRANSMETRO - Estaciones", "orden": 106, "nombre": "Plaza Argentina", "id_ruta": null, "sistema": "transmetro" }, "geometry": { "type": "Point", "coordinates": [ -90.522537, 14.585852, 0.0 ] } },
{ "type": "Feature", "properties": { "id_linea": "sistema", "capa": "SISTEMA TRANSMETRO - Estaciones", "orden": 108, "nombre": "Atlántida", "id_ruta": null, "sistema": "transmetro" }, "geometry": { "type": "Point", "coordinates": [ -90.4779899, 14.6510493, 0.0 ] } },
{ "type": "Feature", "properties": { "id_linea": "sistema", "capa": "SISTEMA TRANSMETRO - Estaciones", "orden": 109, "nombre": "Portales", "id_ruta": null, "sistema": "transmetro" }, "geometry": { "type": "Point", "coordinates": [ -90.4819879, 14.6487306, 0.0 ] } },
{ "type": "Feature", "properties": { "id_linea": "sistema", "capa": "SISTEMA TRANSMETRO - Estaciones", "orden": 110, "nombre": "Victorias", "id_ruta": null, "sistema": "transmetro" }, "geometry": { "type": "Point", "coordinates": [ -90.4934376, 14.6484275, 0.0 ] } },
{ "type": "Feature", "properties": { "id_linea": "sistema", "capa": "SISTEMA TRANSMETRO - Estaciones", "orden": 111, "nombre": "San Martín - Dir. Atlántida", "id_ruta": null, "sistema": "transmetro" }, "geometry": { "type": "Point", "coordinates": [ -90.4967263, 14.6452716, 0.0 ] } },
{ "type": "Feature", "properties": { "id_linea": "sistema", "capa": "SISTEMA TRANSMETRO - Estaciones", "orden": 112, "nombre": "San Martín - Dir. Plaza Barrios/FEGUA", "id_ruta": null, "sistema": "transmetro" }, "geometry": { "type": "Point", "coordinates": [ -90.4964517, 14.6449348, 0.0 ] } },
{ "type": "Feature", "properties": { "id_linea": "sistema", "capa": "SISTEMA TRANSMETRO - Estaciones", "orden": 114, "nombre": "Atlántida - San Rafael - Paraíso", "id_ruta": null, "sistema": "transmetro" }, "geometry": { "type": "Point", "coordinates": [ -90.4779892, 14.6510201, 0.0 ] } },
{ "type": "Feature", "properties": { "id_linea": "sistema", "capa": "SISTEMA TRANSMETRO - Estaciones", "orden": 115, "nombre": "Paraíso", "id_ruta": null, "sistema": "transmetro" }, "geometry": { "type": "Point", "coordinates": [ -90.4466713, 14.6589799, 0.0 ] } },
{ "type": "Feature", "properties": { "id_linea": "sistema", "capa": "SISTEMA TRANSMETRO - Estaciones", "orden": 116, "nombre": "San Rafael", "id_ruta": null, "sistema": "transmetro" }, "geometry": { "type": "Point", "coordinates": [ -90.4520611903, 14.654981976, 0.0 ] } },
{ "type": "Feature", "properties": { "id_linea": "sistema", "capa": "SISTEMA TUBUS - Paradas Ruta 104", "orden": 1, "nombre": "Parada #001 / Barrio San Antonio", "id_ruta": "R104", "sistema": "tubus" }, "geometry": { "type": "Point", "coordinates": [ -90.486817, 14.658221, 0.0 ] } },
{ "type": "Feature", "properties": { "id_linea": "sistema", "capa": "SISTEMA TUBUS - Paradas Ruta 104", "orden": 2, "nombre": "Parada #002 / Barrio San Antonio", "id_ruta": "R104", "sistema": "tubus" }, "geometry": { "type": "Point", "coordinates": [ -90.489158, 14.65527, 0.0 ] } },
{ "type": "Feature", "properties": { "id_linea": "sistema", "capa": "SISTEMA TUBUS - Paradas Ruta 104", "orden": 3, "nombre": "Parada #003 / Barrio San Antonio", "id_ruta": "R104", "sistema": "tubus" }, "geometry": { "type": "Point", "coordinates": [ -90.489939, 14.653312, 0.0 ] } },
{ "type": "Feature", "properties": { "id_linea": "sistema", "capa": "SISTEMA TUBUS - Paradas Ruta 104", "orden": 4, "nombre": "Parada #004 / Barrio San Antonio", "id_ruta": "R104", "sistema": "tubus" }, "geometry": { "type": "Point", "coordinates": [ -90.490644, 14.651462, 0.0 ] } },
{ "type": "Feature", "properties": { "id_linea": "sistema", "capa": "SISTEMA TUBUS - Paradas Ruta 104", "orden": 5, "nombre": "Parada #005 / 8ª Calle", "id_ruta": "R104", "sistema": "tubus" }, "geometry": { "type": "Point", "coordinates": [ -90.493353, 14.652241, 0.0 ] } },
{ "type": "Feature", "properties": { "id_linea": "sistema", "capa": "SISTEMA TUBUS - Paradas Ruta 104", "orden": 6, "nombre": "Parada #006 / 8ª calle", "id_ruta": "R104", "sistema": "tubus" }, "geometry": { "type": "Point", "coordinates": [ -90.497746, 14.654173, 0.0 ] } },
{ "type": "Feature", "properties": { "id_linea": "sistema", "capa": "SISTEMA TUBUS - Paradas Ruta 104", "orden": 7, "nombre": "Parada #007 / 14 avenida", "id_ruta": "R104", "sistema": "tubus" }, "geometry": { "type": "Point", "coordinates": [ -90.500033, 14.653728, 0.0 ] } },
{ "type": "Feature", "properties": { "id_linea": "sistema", "capa": "SISTEMA TUBUS - Paradas Ruta 104", "orden": 8, "nombre": "Parada #008 / Barrio La Parroquia", "id_ruta": "R104", "sistema": "tubus" }, "geometry": { "type": "Point", "coordinates": [ -90.501714, 14.647558, 0.0 ] } },
{ "type": "Feature", "properties": { "id_linea": "sistema", "capa": "SISTEMA TUBUS - Paradas Ruta 104", "orden": 9, "nombre": "Parada #009 / Barrio San José", "id_ruta": "R104", "sistema": "tubus" }, "geometry": { "type": "Point", "coordinates": [ -90.503346, 14.644703, 0.0 ] } },
{ "type": "Feature", "properties": { "id_linea": "sistema", "capa": "SISTEMA TUBUS - Paradas Ruta 104", "orden": 10, "nombre": "Parada #010 / Barrio San José", "id_ruta": "R104", "sistema": "tubus" }, "geometry": { "type": "Point", "coordinates": [ -90.504586, 14.642461, 0.0 ] } },
{ "type": "Feature", "properties": { "id_linea": "sistema", "capa": "SISTEMA TUBUS - Paradas Ruta 104", "orden": 11, "nombre": "Parada #011 / Barrio San José", "id_ruta": "R104", "sistema": "tubus" }, "geometry": { "type": "Point", "coordinates": [ -90.505245, 14.640158, 0.0 ] } },
{ "type": "Feature", "properties": { "id_linea": "sistema", "capa": "SISTEMA TUBUS - Paradas Ruta 104", "orden": 12, "nombre": "Parada #012 / Parque Colón", "id_ruta": "R104", "sistema": "tubus" }, "geometry": { "type": "Point", "coordinates": [ -90.507202, 14.639829, 0.0 ] } },
{ "type": "Feature", "properties": { "id_linea": "sistema", "capa": "SISTEMA TUBUS - Paradas Ruta 104", "orden": 13, "nombre": "Parada #013 / Barrio Gerona", "id_ruta": "R104", "sistema": "tubus" }, "geometry": { "type": "Point", "coordinates": [ -90.507651, 14.63637, 0.0 ] } },
{ "type": "Feature", "properties": { "id_linea": "sistema", "capa": "SISTEMA TUBUS - Paradas Ruta 104", "orden": 14, "nombre": "Parada #014 / Barrio Gerona", "id_ruta": "R104", "sistema": "tubus" }, "geometry": { "type": "Point", "coordinates": [ -90.508069, 14.633291, 0.0 ] } },
{ "type": "Feature", "properties": { "id_linea": "sistema", "capa": "SISTEMA TUBUS - Paradas Ruta 104", "orden": 15, "nombre": "Parada #015 / 12 Avenida", "id_ruta": "R104", "sistema": "tubus" }, "geometry": { "type": "Point", "coordinates": [ -90.5086108, 14.6291384, 0.0 ] } },
{ "type": "Feature", "properties": { "id_linea": "sistema", "capa": "SISTEMA TUBUS - Paradas Ruta 104", "orden": 16, "nombre": "Parada #016 / Col. 25 de Junio", "id_ruta": "R104", "sistema": "tubus" }, "geometry": { "type": "Point", "coordinates": [ -90.509396, 14.623805, 0.0 ] } },
{ "type": "Feature", "properties": { "id_linea": "sistema", "capa": "SISTEMA TUBUS - Paradas Ruta 104", "orden": 17, "nombre": "Parada #017 / Col. San Pedrito", "id_ruta": "R104", "sistema": "tubus" }, "geometry": { "type": "Point", "coordinates": [ -90.50999, 14.619408, 0.0 ] } },
{ "type": "Feature", "properties": { "id_linea": "sistema", "capa": "SISTEMA TUBUS - Paradas Ruta 104", "orden": 18, "nombre": "Parada #018 / Col. San Pedrito", "id_ruta": "R104", "sistema": "tubus" }, "geometry": { "type": "Point", "coordinates": [ -90.510546, 14.615398, 0.0 ] } },
{ "type": "Feature", "properties": { "id_linea": "sistema", "capa": "SISTEMA TUBUS - Paradas Ruta 104", "orden": 19, "nombre": "Parada #019 / 6ª Avenida", "id_ruta": "R104", "sistema": "tubus" }, "geometry": { "type": "Point", "coordinates": [ -90.510407, 14.609624, 0.0 ] } },
{ "type": "Feature", "properties": { "id_linea": "sistema", "capa": "SISTEMA TUBUS - Paradas Ruta 104", "orden": 20, "nombre": "Parada #020 / Ciudad Vieja", "id_ruta": "R104", "sistema": "tubus" }, "geometry": { "type": "Point", "coordinates": [ -90.510454, 14.606162, 0.0 ] } },
{ "type": "Feature", "properties": { "id_linea": "sistema", "capa": "SISTEMA TUBUS - Paradas Ruta 104", "orden": 21, "nombre": "Parada #021 / Col. Las Margaritas", "id_ruta": "R104", "sistema": "tubus" }, "geometry": { "type": "Point", "coordinates": [ -90.509963, 14.601929, 0.0 ] } },
{ "type": "Feature", "properties": { "id_linea": "sistema", "capa": "SISTEMA TUBUS - Paradas Ruta 104", "orden": 22, "nombre": "Parada #022 / Diagonal 6", "id_ruta": "R104", "sistema": "tubus" }, "geometry": { "type": "Point", "coordinates": [ -90.508606, 14.599299, 0.0 ] } },
{ "type": "Feature", "properties": { "id_linea": "sistema", "capa": "SISTEMA TUBUS - Paradas Ruta 104", "orden": 23, "nombre": "Parada #023 / Col. Oakland", "id_ruta": "R104", "sistema": "tubus" }, "geometry": { "type": "Point", "coordinates": [ -90.507194, 14.596586, 0.0 ] } },
{ "type": "Feature", "properties": { "id_linea": "sistema", "capa": "SISTEMA TUBUS - Paradas Ruta 104", "orden": 24, "nombre": "Parada #024 / Col. Oakland", "id_ruta": "R104", "sistema": "tubus" }, "geometry": { "type": "Point", "coordinates": [ -90.50547, 14.594364, 0.0 ] } },
{ "type": "Feature", "properties": { "id_linea": "sistema", "capa": "SISTEMA TUBUS - Paradas Ruta 104", "orden": 25, "nombre": "Parada #025 / Col. La Villa", "id_ruta": "R104", "sistema": "tubus" }, "geometry": { "type": "Point", "coordinates": [ -90.50307, 14.589302, 0.0 ] } },
{ "type": "Feature", "properties": { "id_linea": "sistema", "capa": "SISTEMA TUBUS - Paradas Ruta 104", "orden": 26, "nombre": "Parada #026 / Cantón 21", "id_ruta": "R104", "sistema": "tubus" }, "geometry": { "type": "Point", "coordinates": [ -90.504708, 14.583789, 0.0 ] } },
{ "type": "Feature", "properties": { "id_linea": "sistema", "capa": "SISTEMA TUBUS - Paradas Ruta 104", "orden": 27, "nombre": "Parada #027 / Cantón 21", "id_ruta": "R104", "sistema": "tubus" }, "geometry": { "type": "Point", "coordinates": [ -90.50833, 14.583845, 0.0 ] } },
{ "type": "Feature", "properties": { "id_linea": "sistema", "capa": "SISTEMA TUBUS - Paradas Ruta 104", "orden": 28, "nombre": "Parada #028 / Cantón Victoria", "id_ruta": "R104", "sistema": "tubus" }, "geometry": { "type": "Point", "coordinates": [ -90.50966, 14.579862, 0.0 ] } },
{ "type": "Feature", "properties": { "id_linea": "sistema", "capa": "SISTEMA TUBUS - Paradas Ruta 104", "orden": 29, "nombre": "Parada #029 / Cementerio La Villa", "id_ruta": "R104", "sistema": "tubus" }, "geometry": { "type": "Point", "coordinates": [ -90.50868, 14.580986, 0.0 ] } },
{ "type": "Feature", "properties": { "id_linea": "sistema", "capa": "SISTEMA TUBUS - Paradas Ruta 104", "orden": 30, "nombre": "Parada #062 / 9ª Calle", "id_ruta": "R104", "sistema": "tubus" }, "geometry": { "type": "Point", "coordinates": [ -90.5061812, 14.5804465, 0.0 ] } },
{ "type": "Feature", "properties": { "id_linea": "sistema", "capa": "SISTEMA TUBUS - Paradas Ruta 104", "orden": 31, "nombre": "Parada #030 / Cantón 21", "id_ruta": "R104", "sistema": "tubus" }, "geometry": { "type": "Point", "coordinates": [ -90.504738, 14.583473, 0.0 ] } },
{ "type": "Feature", "properties": { "id_linea": "sistema", "capa": "SISTEMA TUBUS - Paradas Ruta 104", "orden": 32, "nombre": "Parada #031 / Cantón 21", "id_ruta": "R104", "sistema": "tubus" }, "geometry": { "type": "Point", "coordinates": [ -90.50037, 14.581542, 0.0 ] } },
{ "type": "Feature", "properties": { "id_linea": "sistema", "capa": "SISTEMA TUBUS - Paradas Ruta 104", "orden": 33, "nombre": "Parada #032 / Cantón 21", "id_ruta": "R104", "sistema": "tubus" }, "geometry": { "type": "Point", "coordinates": [ -90.498559, 14.580317, 0.0 ] } },
{ "type": "Feature", "properties": { "id_linea": "sistema", "capa": "SISTEMA TUBUS - Paradas Ruta 104", "orden": 34, "nombre": "Parada #033 / 20 Calle", "id_ruta": "R104", "sistema": "tubus" }, "geometry": { "type": "Point", "coordinates": [ -90.499592, 14.584335, 0.0 ] } },
{ "type": "Feature", "properties": { "id_linea": "sistema", "capa": "SISTEMA TUBUS - Paradas Ruta 104", "orden": 35, "nombre": "Parada #034 / 20 Calle", "id_ruta": "R104", "sistema": "tubus" }, "geometry": { "type": "Point", "coordinates": [ -90.501028, 14.585863, 0.0 ] } },
{ "type": "Feature", "properties": { "id_linea": "sistema", "capa": "SISTEMA TUBUS - Paradas Ruta 104", "orden": 36, "nombre": "Parada #035 / Col. La Villa", "id_ruta": "R104", "sistema": "tubus" }, "geometry": { "type": "Point", "coordinates": [ -90.503075, 14.589579, 0.0 ] } },
{ "type": "Feature", "properties": { "id_linea": "sistema", "capa": "SISTEMA TUBUS - Paradas Ruta 104", "orden": 37, "nombre": "Parada #036 / Col. Oakland", "id_ruta": "R104", "sistema": "tubus" }, "geometry": { "type": "Point", "coordinates": [ -90.504676, 14.59356, 0.0 ] } },
{ "type": "Feature", "properties": { "id_linea": "sistema", "capa": "SISTEMA TUBUS - Paradas Ruta 104", "orden": 38, "nombre": "Parada #037 / Col. Oakland", "id_ruta": "R104", "sistema": "tubus" }, "geometry": { "type": "Point", "coordinates": [ -90.507197, 14.597004, 0.0 ] } },
{ "type": "Feature", "properties": { "id_linea": "sistema", "capa": "SISTEMA TUBUS - Paradas Ruta 104", "orden": 39, "nombre": "Parada #038 / Diagonal 6", "id_ruta": "R104", "sistema": "tubus" }, "geometry": { "type": "Point", "coordinates": [ -90.50785, 14.598441, 0.0 ] } },
{ "type": "Feature", "properties": { "id_linea": "sistema", "capa": "SISTEMA TUBUS - Paradas Ruta 104", "orden": 40, "nombre": "Parada #039 / Col. Las Margaritas", "id_ruta": "R104", "sistema": "tubus" }, "geometry": { "type": "Point", "coordinates": [ -90.50961, 14.60167, 0.0 ] } },
{ "type": "Feature", "properties": { "id_linea": "sistema", "capa": "SISTEMA TUBUS - Paradas Ruta 104", "orden": 41, "nombre": "Parada #040 / Ciudad Vieja", "id_ruta": "R104", "sistema": "tubus" }, "geometry": { "type": "Point", "coordinates": [ -90.513787, 14.604486, 0.0 ] } },
{ "type": "Feature", "properties": { "id_linea": "sistema", "capa": "SISTEMA TUBUS - Paradas Ruta 104", "orden": 42, "nombre": "Parada #041 / Ciudad Vieja", "id_ruta": "R104", "sistema": "tubus" }, "geometry": { "type": "Point", "coordinates": [ -90.512912, 14.607666, 0.0 ] } },
{ "type": "Feature", "properties": { "id_linea": "sistema", "capa": "SISTEMA TUBUS - Paradas Ruta 104", "orden": 43, "nombre": "Parada #042 / 2ª Avenida", "id_ruta": "R104", "sistema": "tubus" }, "geometry": { "type": "Point", "coordinates": [ -90.5125554, 14.6103553, 0.0 ] } },
{ "type": "Feature", "properties": { "id_linea": "sistema", "capa": "SISTEMA TUBUS - Paradas Ruta 104", "orden": 44, "nombre": "Parada #043 / 2ª Avenida", "id_ruta": "R104", "sistema": "tubus" }, "geometry": { "type": "Point", "coordinates": [ -90.511778, 14.614844, 0.0 ] } },
{ "type": "Feature", "properties": { "id_linea": "sistema", "capa": "SISTEMA TUBUS - Paradas Ruta 104", "orden": 45, "nombre": "Parada #044 / Col. San Pedrito", "id_ruta": "R104", "sistema": "tubus" }, "geometry": { "type": "Point", "coordinates": [ -90.511254, 14.617768, 0.0 ] } },
{ "type": "Feature", "properties": { "id_linea": "sistema", "capa": "SISTEMA TUBUS - Paradas Ruta 104", "orden": 46, "nombre": "Parada #045 / 10ª Avenida", "id_ruta": "R104", "sistema": "tubus" }, "geometry": { "type": "Point", "coordinates": [ -90.511945, 14.622104, 0.0 ] } },
{ "type": "Feature", "properties": { "id_linea": "sistema", "capa": "SISTEMA TUBUS - Paradas Ruta 104", "orden": 47, "nombre": "Parada #046 / 10ª Avenida", "id_ruta": "R104", "sistema": "tubus" }, "geometry": { "type": "Point", "coordinates": [ -90.511559, 14.624319, 0.0 ] } },
{ "type": "Feature", "properties": { "id_linea": "sistema", "capa": "SISTEMA TUBUS - Paradas Ruta 104", "orden": 48, "nombre": "Parada #047 / 11 Avenida", "id_ruta": "R104", "sistema": "tubus" }, "geometry": { "type": "Point", "coordinates": [ -90.509721, 14.629992, 0.0 ] } },
{ "type": "Feature", "properties": { "id_linea": "sistema", "capa": "SISTEMA TUBUS - Paradas Ruta 104", "orden": 49, "nombre": "Parada #048 / 11 Avenida", "id_ruta": "R104", "sistema": "tubus" }, "geometry": { "type": "Point", "coordinates": [ -90.50929, 14.633141, 0.0 ] } },
{ "type": "Feature", "properties": { "id_linea": "sistema", "capa": "SISTEMA TUBUS - Paradas Ruta 104", "orden": 50, "nombre": "Parada #049 / 11 Avenida", "id_ruta": "R104", "sistema": "tubus" }, "geometry": { "type": "Point", "coordinates": [ -90.50888, 14.636182, 0.0 ] } },
{ "type": "Feature", "properties": { "id_linea": "sistema", "capa": "SISTEMA TUBUS - Paradas Ruta 104", "orden": 51, "nombre": "Parada #050 / 11 Avenida", "id_ruta": "R104", "sistema": "tubus" }, "geometry": { "type": "Point", "coordinates": [ -90.508206, 14.641064, 0.0 ] } },
{ "type": "Feature", "properties": { "id_linea": "sistema", "capa": "SISTEMA TUBUS - Paradas Ruta 104", "orden": 52, "nombre": "Parada #051 / 5ª Calle", "id_ruta": "R104", "sistema": "tubus" }, "geometry": { "type": "Point", "coordinates": [ -90.507075, 14.642325, 0.0 ] } },
{ "type": "Feature", "properties": { "id_linea": "sistema", "capa": "SISTEMA TUBUS - Paradas Ruta 104", "orden": 53, "nombre": "Parada #052 / Barrio San José", "id_ruta": "R104", "sistema": "tubus" }, "geometry": { "type": "Point", "coordinates": [ -90.504546, 14.643702, 0.0 ] } },
{ "type": "Feature", "properties": { "id_linea": "sistema", "capa": "SISTEMA TUBUS - Paradas Ruta 104", "orden": 54, "nombre": "Parada #053 / Barrio Candelaria", "id_ruta": "R104", "sistema": "tubus" }, "geometry": { "type": "Point", "coordinates": [ -90.502681, 14.647551, 0.0 ] } },
{ "type": "Feature", "properties": { "id_linea": "sistema", "capa": "SISTEMA TUBUS - Paradas Ruta 104", "orden": 55, "nombre": "Parada #054 / Barrio La Parroquia", "id_ruta": "R104", "sistema": "tubus" }, "geometry": { "type": "Point", "coordinates": [ -90.501843, 14.649471, 0.0 ] } },
{ "type": "Feature", "properties": { "id_linea": "sistema", "capa": "SISTEMA TUBUS - Paradas Ruta 104", "orden": 56, "nombre": "Parada #061 / 7ª Calle", "id_ruta": "R104", "sistema": "tubus" }, "geometry": { "type": "Point", "coordinates": [ -90.4994598, 14.652804, 0.0 ] } },
{ "type": "Feature", "properties": { "id_linea": "sistema", "capa": "SISTEMA TUBUS - Paradas Ruta 104", "orden": 57, "nombre": "Parada #055 / 6ª Calle", "id_ruta": "R104", "sistema": "tubus" }, "geometry": { "type": "Point", "coordinates": [ -90.4973762, 14.6513082, 0.0 ] } },
{ "type": "Feature", "properties": { "id_linea": "sistema", "capa": "SISTEMA TUBUS - Paradas Ruta 104", "orden": 58, "nombre": "Parada #056 / 6ª Calle", "id_ruta": "R104", "sistema": "tubus" }, "geometry": { "type": "Point", "coordinates": [ -90.493767, 14.650809, 0.0 ] } },
{ "type": "Feature", "properties": { "id_linea": "sistema", "capa": "SISTEMA TUBUS - Paradas Ruta 104", "orden": 59, "nombre": "Parada #057 / Barrio San Antonio", "id_ruta": "R104", "sistema": "tubus" }, "geometry": { "type": "Point", "coordinates": [ -90.490624, 14.651224, 0.0 ] } },
{ "type": "Feature", "properties": { "id_linea": "sistema", "capa": "SISTEMA TUBUS - Paradas Ruta 104", "orden": 60, "nombre": "Parada #058 / Barrio San Antonio", "id_ruta": "R104", "sistema": "tubus" }, "geometry": { "type": "Point", "coordinates": [ -90.489911, 14.653041, 0.0 ] } },
{ "type": "Feature", "properties": { "id_linea": "sistema", "capa": "SISTEMA TUBUS - Paradas Ruta 104", "orden": 61, "nombre": "Parada #059 / Barrio San Antonio", "id_ruta": "R104", "sistema": "tubus" }, "geometry": { "type": "Point", "coordinates": [ -90.487587, 14.65613, 0.0 ] } },
{ "type": "Feature", "properties": { "id_linea": "sistema", "capa": "SISTEMA TUBUS - Paradas Ruta 104", "orden": 62, "nombre": "Parada #060 / Barrio San Antonio", "id_ruta": "R104", "sistema": "tubus" }, "geometry": { "type": "Point", "coordinates": [ -90.486882, 14.657947, 0.0 ] } },
{ "type": "Feature", "properties": { "id_linea": "sistema", "capa": "RUTA 5 - TUBUS Operado por Transmetro", "orden": 1, "nombre": "Estación Palacio de los Deportes Norte", "id_ruta": "R5", "sistema": "tubus" }, "geometry": { "type": "Point", "coordinates": [ -90.512888, 14.622884, 0.0 ] } },
{ "type": "Feature", "properties": { "id_linea": "sistema", "capa": "RUTA 5 - TUBUS Operado por Transmetro", "orden": 2, "nombre": "Estación La Palmita ", "id_ruta": "R5", "sistema": "tubus" }, "geometry": { "type": "Point", "coordinates": [ -90.505708, 14.621709, 0.0 ] } },
{ "type": "Feature", "properties": { "id_linea": "sistema", "capa": "RUTA 5 - TUBUS Operado por Transmetro", "orden": 3, "nombre": "Estación Parque Navidad", "id_ruta": "R5", "sistema": "tubus" }, "geometry": { "type": "Point", "coordinates": [ -90.501337, 14.624694, 0.0 ] } },
{ "type": "Feature", "properties": { "id_linea": "sistema", "capa": "RUTA 5 - TUBUS Operado por Transmetro", "orden": 4, "nombre": "Estación Arrivillaga", "id_ruta": "R5", "sistema": "tubus" }, "geometry": { "type": "Point", "coordinates": [ -90.495695, 14.626814, 0.0 ] } },
{ "type": "Feature", "properties": { "id_linea": "sistema", "capa": "RUTA 5 - TUBUS Operado por Transmetro", "orden": 5, "nombre": "Estación Cipreses Norte", "id_ruta": "R5", "sistema": "tubus" }, "geometry": { "type": "Point", "coordinates": [ -90.493209, 14.636173, 0.0 ] } },
{ "type": "Feature", "properties": { "id_linea": "sistema", "capa": "RUTA 5 - TUBUS Operado por Transmetro", "orden": 6, "nombre": "Estación Mercado La Palmita ", "id_ruta": "R5", "sistema": "tubus" }, "geometry": { "type": "Point", "coordinates": [ -90.506793, 14.622502, 0.0 ] } },
{ "type": "Feature", "properties": { "id_linea": "sistema", "capa": "RUTA 5 - TUBUS Operado por Transmetro", "orden": 7, "nombre": "Estación Palacio de los Deportes Sur", "id_ruta": "R5", "sistema": "tubus" }, "geometry": { "type": "Point", "coordinates": [ -90.512408, 14.622983, 0.0 ] } },
{ "type": "Feature", "properties": { "id_linea": "sistema", "capa": "RUTA 5 - TUBUS Operado por Transmetro", "orden": 8, "nombre": "Estación Parque Colon", "id_ruta": "R5", "sistema": "tubus" }, "geometry": { "type": "Point", "coordinates": [ -90.507199, 14.639506, 0.0 ] } },
{ "type": "Feature", "properties": { "id_linea": "sistema", "capa": "RUTA 5 - TUBUS Operado por Transmetro", "orden": 9, "nombre": "Estación Vivibien", "id_ruta": "R5", "sistema": "tubus" }, "geometry": { "type": "Point", "coordinates": [ -90.499584, 14.624372, 0.0 ] } },
{ "type": "Feature", "properties": { "id_linea": "sistema", "capa": "RUTA 5 - TUBUS Operado por Transmetro", "orden": 10, "nombre": "Estación Matamoros ", "id_ruta": "R5", "sistema": "tubus" }, "geometry": { "type": "Point", "coordinates": [ -90.5038007, 14.6404686, 0.0 ] } },
{ "type": "Feature", "properties": { "id_linea": "sistema", "capa": "RUTA 5 - TUBUS Operado por Transmetro", "orden": 11, "nombre": "Estación Jardines de la Asunción Sur", "id_ruta": "R5", "sistema": "tubus" }, "geometry": { "type": "Point", "coordinates": [ -90.494629, 14.632392, 0.0 ] } },
{ "type": "Feature", "properties": { "id_linea": "sistema", "capa": "RUTA 5 - TUBUS Operado por Transmetro", "orden": 12, "nombre": "Estación Jardines de la Asunción Norte", "id_ruta": "R5", "sistema": "tubus" }, "geometry": { "type": "Point", "coordinates": [ -90.494228, 14.633008, 0.0 ] } },
{ "type": "Feature", "properties": { "id_linea": "sistema", "capa": "RUTA 5 - TUBUS Operado por Transmetro", "orden": 13, "nombre": "Estación Puente de la Penitenciaría", "id_ruta": "R5", "sistema": "tubus" }, "geometry": { "type": "Point", "coordinates": [ -90.51506, 14.624905, 0.0 ] } },
{ "type": "Feature", "properties": { "id_linea": "sistema", "capa": "RUTA 5 - TUBUS Operado por Transmetro", "orden": 14, "nombre": "Estación Cipreses Sur", "id_ruta": "R5", "sistema": "tubus" }, "geometry": { "type": "Point", "coordinates": [ -90.493313, 14.635417, 0.0 ] } },
{ "type": "Feature", "properties": { "id_linea": "sistema", "capa": "SISTEMA TUBUS - Paradas Ruta 801", "orden": 1, "nombre": "Parada #063 / Parque Los Pinos", "id_ruta": "R801", "sistema": "tubus" }, "geometry": { "type": "Point", "coordinates": [ -90.528477, 14.659797, 0.0 ] } },
{ "type": "Feature", "properties": { "id_linea": "sistema", "capa": "SISTEMA TUBUS - Paradas Ruta 801", "orden": 2, "nombre": "Parada #064 / Col. Sakerty I", "id_ruta": "R801", "sistema": "tubus" }, "geometry": { "type": "Point", "coordinates": [ -90.529952, 14.657044, 0.0 ] } },
{ "type": "Feature", "properties": { "id_linea": "sistema", "capa": "SISTEMA TUBUS - Paradas Ruta 801", "orden": 3, "nombre": "Parada #065 / Col. Sakerty II", "id_ruta": "R801", "sistema": "tubus" }, "geometry": { "type": "Point", "coordinates": [ -90.531066, 14.654922, 0.0 ] } },
{ "type": "Feature", "properties": { "id_linea": "sistema", "capa": "SISTEMA TUBUS - Paradas Ruta 801", "orden": 4, "nombre": "Parada #066 / Col. Banvi I", "id_ruta": "R801", "sistema": "tubus" }, "geometry": { "type": "Point", "coordinates": [ -90.533102, 14.651214, 0.0 ] } },
{ "type": "Feature", "properties": { "id_linea": "sistema", "capa": "SISTEMA TUBUS - Paradas Ruta 801", "orden": 5, "nombre": "Parada #067 / Col. Bethania", "id_ruta": "R801", "sistema": "tubus" }, "geometry": { "type": "Point", "coordinates": [ -90.534145, 14.649813, 0.0 ] } },
{ "type": "Feature", "properties": { "id_linea": "sistema", "capa": "SISTEMA TUBUS - Paradas Ruta 801", "orden": 6, "nombre": "Parada #068 / Col. Bethania", "id_ruta": "R801", "sistema": "tubus" }, "geometry": { "type": "Point", "coordinates": [ -90.535628, 14.647769, 0.0 ] } },
{ "type": "Feature", "properties": { "id_linea": "sistema", "capa": "SISTEMA TUBUS - Paradas Ruta 801", "orden": 7, "nombre": "Parada #069 / Col. Kjell Laugerud", "id_ruta": "R801", "sistema": "tubus" }, "geometry": { "type": "Point", "coordinates": [ -90.536846, 14.646152, 0.0 ] } },
{ "type": "Feature", "properties": { "id_linea": "sistema", "capa": "SISTEMA TUBUS - Paradas Ruta 801", "orden": 8, "nombre": "Parada #070 / Col. Niño Dormido", "id_ruta": "R801", "sistema": "tubus" }, "geometry": { "type": "Point", "coordinates": [ -90.539993, 14.645051, 0.0 ] } },
{ "type": "Feature", "properties": { "id_linea": "sistema", "capa": "SISTEMA TUBUS - Paradas Ruta 801", "orden": 9, "nombre": "Parada #071 / Col. El Incienso", "id_ruta": "R801", "sistema": "tubus" }, "geometry": { "type": "Point", "coordinates": [ -90.542134, 14.643849, 0.0 ] } },
{ "type": "Feature", "properties": { "id_linea": "sistema", "capa": "SISTEMA TUBUS - Paradas Ruta 801", "orden": 10, "nombre": "Parada #072 / Cond. Bosques de Linda Villa", "id_ruta": "R801", "sistema": "tubus" }, "geometry": { "type": "Point", "coordinates": [ -90.545315, 14.6425, 0.0 ] } },
{ "type": "Feature", "properties": { "id_linea": "sistema", "capa": "SISTEMA TUBUS - Paradas Ruta 801", "orden": 11, "nombre": "Parada #073 / Col. Ciudad de Plata II", "id_ruta": "R801", "sistema": "tubus" }, "geometry": { "type": "Point", "coordinates": [ -90.54735, 14.640516, 0.0 ] } },
{ "type": "Feature", "properties": { "id_linea": "sistema", "capa": "SISTEMA TUBUS - Paradas Ruta 801", "orden": 12, "nombre": "Parada #074 / Col. Ciudad de Plata I", "id_ruta": "R801", "sistema": "tubus" }, "geometry": { "type": "Point", "coordinates": [ -90.546683, 14.637743, 0.0 ] } },
{ "type": "Feature", "properties": { "id_linea": "sistema", "capa": "SISTEMA TUBUS - Paradas Ruta 801", "orden": 13, "nombre": "Parada #075 / Col. Ciudad de Plata I", "id_ruta": "R801", "sistema": "tubus" }, "geometry": { "type": "Point", "coordinates": [ -90.547598, 14.634277, 0.0 ] } },
{ "type": "Feature", "properties": { "id_linea": "sistema", "capa": "SISTEMA TUBUS - Paradas Ruta 801", "orden": 14, "nombre": "Parada #076 / Col. Quinta Samayoa", "id_ruta": "R801", "sistema": "tubus" }, "geometry": { "type": "Point", "coordinates": [ -90.545297, 14.628732, 0.0 ] } },
{ "type": "Feature", "properties": { "id_linea": "sistema", "capa": "SISTEMA TUBUS - Paradas Ruta 801", "orden": 15, "nombre": "Parada #077 / Col. Quinta Samayoa", "id_ruta": "R801", "sistema": "tubus" }, "geometry": { "type": "Point", "coordinates": [ -90.543059, 14.625924, 0.0 ] } },
{ "type": "Feature", "properties": { "id_linea": "sistema", "capa": "SISTEMA TUBUS - Paradas Ruta 801", "orden": 16, "nombre": "Parada #078 / 9ª Avenida", "id_ruta": "R801", "sistema": "tubus" }, "geometry": { "type": "Point", "coordinates": [ -90.541708, 14.621979, 0.0 ] } },
{ "type": "Feature", "properties": { "id_linea": "sistema", "capa": "SISTEMA TUBUS - Paradas Ruta 801", "orden": 17, "nombre": "Parada #079 / 9ª Avenida", "id_ruta": "R801", "sistema": "tubus" }, "geometry": { "type": "Point", "coordinates": [ -90.543529, 14.620595, 0.0 ] } },
{ "type": "Feature", "properties": { "id_linea": "sistema", "capa": "SISTEMA TUBUS - Paradas Ruta 801", "orden": 18, "nombre": "Parada #080 / Calz. San Juan", "id_ruta": "R801", "sistema": "tubus" }, "geometry": { "type": "Point", "coordinates": [ -90.543187, 14.619092, 0.0 ] } },
{ "type": "Feature", "properties": { "id_linea": "sistema", "capa": "SISTEMA TUBUS - Paradas Ruta 801", "orden": 19, "nombre": "Parada #081 / Calz. Roosevelt", "id_ruta": "R801", "sistema": "tubus" }, "geometry": { "type": "Point", "coordinates": [ -90.540316, 14.61647, 0.0 ] } },
{ "type": "Feature", "properties": { "id_linea": "sistema", "capa": "SISTEMA TUBUS - Paradas Ruta 801", "orden": 20, "nombre": "Parada #082 / Calz. Roosevelt", "id_ruta": "R801", "sistema": "tubus" }, "geometry": { "type": "Point", "coordinates": [ -90.535921, 14.61384, 0.0 ] } },
{ "type": "Feature", "properties": { "id_linea": "sistema", "capa": "SISTEMA TUBUS - Paradas Ruta 801", "orden": 21, "nombre": "Parada #083 / Blvr. Liberación", "id_ruta": "R801", "sistema": "tubus" }, "geometry": { "type": "Point", "coordinates": [ -90.534638, 14.612177, 0.0 ] } },
{ "type": "Feature", "properties": { "id_linea": "sistema", "capa": "SISTEMA TUBUS - Paradas Ruta 801", "orden": 22, "nombre": "Parada #084 / Blvr. Liberación", "id_ruta": "R801", "sistema": "tubus" }, "geometry": { "type": "Point", "coordinates": [ -90.532066, 14.608651, 0.0 ] } },
{ "type": "Feature", "properties": { "id_linea": "sistema", "capa": "SISTEMA TUBUS - Paradas Ruta 801", "orden": 23, "nombre": "Parada #085 / Avenida La Castellana", "id_ruta": "R801", "sistema": "tubus" }, "geometry": { "type": "Point", "coordinates": [ -90.527203, 14.606431, 0.0 ] } },
{ "type": "Feature", "properties": { "id_linea": "sistema", "capa": "SISTEMA TUBUS - Paradas Ruta 801", "orden": 24, "nombre": "Parada #086 / Avenida La Castellana", "id_ruta": "R801", "sistema": "tubus" }, "geometry": { "type": "Point", "coordinates": [ -90.526215, 14.60854, 0.0 ] } },
{ "type": "Feature", "properties": { "id_linea": "sistema", "capa": "SISTEMA TUBUS - Paradas Ruta 801", "orden": 25, "nombre": "Parada #087 / Terminal", "id_ruta": "R801", "sistema": "tubus" }, "geometry": { "type": "Point", "coordinates": [ -90.5212, 14.610788, 0.0 ] } },
{ "type": "Feature", "properties": { "id_linea": "sistema", "capa": "SISTEMA TUBUS - Paradas Ruta 801", "orden": 26, "nombre": "Parada #088 / Cantón Tívoli", "id_ruta": "R801", "sistema": "tubus" }, "geometry": { "type": "Point", "coordinates": [ -90.523074, 14.61083, 0.0 ] } },
{ "type": "Feature", "properties": { "id_linea": "sistema", "capa": "SISTEMA TUBUS - Paradas Ruta 801", "orden": 27, "nombre": "Parada #089 / Avenida La Castellana", "id_ruta": "R801", "sistema": "tubus" }, "geometry": { "type": "Point", "coordinates": [ -90.525858, 14.609842, 0.0 ] } },
{ "type": "Feature", "properties": { "id_linea": "sistema", "capa": "SISTEMA TUBUS - Paradas Ruta 801", "orden": 28, "nombre": "Parada #090 / Avenida La Castellana", "id_ruta": "R801", "sistema": "tubus" }, "geometry": { "type": "Point", "coordinates": [ -90.527709, 14.60591, 0.0 ] } },
{ "type": "Feature", "properties": { "id_linea": "sistema", "capa": "SISTEMA TUBUS - Paradas Ruta 801", "orden": 29, "nombre": "Parada #091 / Blvr. Liberación", "id_ruta": "R801", "sistema": "tubus" }, "geometry": { "type": "Point", "coordinates": [ -90.531779, 14.609022, 0.0 ] } },
{ "type": "Feature", "properties": { "id_linea": "sistema", "capa": "SISTEMA TUBUS - Paradas Ruta 801", "orden": 30, "nombre": "Parada #092 / Blvr. Liberación", "id_ruta": "R801", "sistema": "tubus" }, "geometry": { "type": "Point", "coordinates": [ -90.533961, 14.612242, 0.0 ] } },
{ "type": "Feature", "properties": { "id_linea": "sistema", "capa": "SISTEMA TUBUS - Paradas Ruta 801", "orden": 31, "nombre": "Parada #093 / Calz. Roosevelt", "id_ruta": "R801", "sistema": "tubus" }, "geometry": { "type": "Point", "coordinates": [ -90.535466, 14.614043, 0.0 ] } },
{ "type": "Feature", "properties": { "id_linea": "sistema", "capa": "SISTEMA TUBUS - Paradas Ruta 801", "orden": 32, "nombre": "Parada #094 / Calz. Roosevelt", "id_ruta": "R801", "sistema": "tubus" }, "geometry": { "type": "Point", "coordinates": [ -90.538006, 14.61589, 0.0 ] } },
{ "type": "Feature", "properties": { "id_linea": "sistema", "capa": "SISTEMA TUBUS - Paradas Ruta 801", "orden": 33, "nombre": "Parada #095 / Col. Quinta Samayoa", "id_ruta": "R801", "sistema": "tubus" }, "geometry": { "type": "Point", "coordinates": [ -90.542693, 14.619027, 0.0 ] } },
{ "type": "Feature", "properties": { "id_linea": "sistema", "capa": "SISTEMA TUBUS - Paradas Ruta 801", "orden": 34, "nombre": "Parada #096 / Col. Quinta Samayoa", "id_ruta": "R801", "sistema": "tubus" }, "geometry": { "type": "Point", "coordinates": [ -90.54368, 14.622285, 0.0 ] } },
{ "type": "Feature", "properties": { "id_linea": "sistema", "capa": "SISTEMA TUBUS - Paradas Ruta 801", "orden": 35, "nombre": "Parada #097 / Col. Quinta Samayoa", "id_ruta": "R801", "sistema": "tubus" }, "geometry": { "type": "Point", "coordinates": [ -90.542322, 14.623307, 0.0 ] } },
{ "type": "Feature", "properties": { "id_linea": "sistema", "capa": "SISTEMA TUBUS - Paradas Ruta 801", "orden": 36, "nombre": "Parada #098 / Col. Castillo Lara", "id_ruta": "R801", "sistema": "tubus" }, "geometry": { "type": "Point", "coordinates": [ -90.542945, 14.626064, 0.0 ] } },
{ "type": "Feature", "properties": { "id_linea": "sistema", "capa": "SISTEMA TUBUS - Paradas Ruta 801", "orden": 37, "nombre": "Parada #099 / Col. Quinta Samayoa", "id_ruta": "R801", "sistema": "tubus" }, "geometry": { "type": "Point", "coordinates": [ -90.545939, 14.629781, 0.0 ] } },
{ "type": "Feature", "properties": { "id_linea": "sistema", "capa": "SISTEMA TUBUS - Paradas Ruta 801", "orden": 38, "nombre": "Parada #100 / Col. Kaminal Juyú II", "id_ruta": "R801", "sistema": "tubus" }, "geometry": { "type": "Point", "coordinates": [ -90.547428, 14.63451, 0.0 ] } },
{ "type": "Feature", "properties": { "id_linea": "sistema", "capa": "SISTEMA TUBUS - Paradas Ruta 801", "orden": 39, "nombre": "Parada #101 / Col. Ciudad de Plata II", "id_ruta": "R801", "sistema": "tubus" }, "geometry": { "type": "Point", "coordinates": [ -90.546556, 14.637737, 0.0 ] } },
{ "type": "Feature", "properties": { "id_linea": "sistema", "capa": "SISTEMA TUBUS - Paradas Ruta 801", "orden": 40, "nombre": "Parada #102 / Col. Mario Julio Salazar", "id_ruta": "R801", "sistema": "tubus" }, "geometry": { "type": "Point", "coordinates": [ -90.54621, 14.640923, 0.0 ] } },
{ "type": "Feature", "properties": { "id_linea": "sistema", "capa": "SISTEMA TUBUS - Paradas Ruta 801", "orden": 41, "nombre": "Parada #103 / Col. El Incienso", "id_ruta": "R801", "sistema": "tubus" }, "geometry": { "type": "Point", "coordinates": [ -90.542633, 14.643297, 0.0 ] } },
{ "type": "Feature", "properties": { "id_linea": "sistema", "capa": "SISTEMA TUBUS - Paradas Ruta 801", "orden": 42, "nombre": "Parada #104 / Col. 4 de Febrero", "id_ruta": "R801", "sistema": "tubus" }, "geometry": { "type": "Point", "coordinates": [ -90.539829, 14.64477, 0.0 ] } },
{ "type": "Feature", "properties": { "id_linea": "sistema", "capa": "SISTEMA TUBUS - Paradas Ruta 801", "orden": 43, "nombre": "Parada #105 / Alcaldía Auxiliar Z.7", "id_ruta": "R801", "sistema": "tubus" }, "geometry": { "type": "Point", "coordinates": [ -90.535831, 14.647386, 0.0 ] } },
{ "type": "Feature", "properties": { "id_linea": "sistema", "capa": "SISTEMA TUBUS - Paradas Ruta 801", "orden": 44, "nombre": "Parada #106 / Col. Bethania", "id_ruta": "R801", "sistema": "tubus" }, "geometry": { "type": "Point", "coordinates": [ -90.534113, 14.649547, 0.0 ] } },
{ "type": "Feature", "properties": { "id_linea": "sistema", "capa": "SISTEMA TUBUS - Paradas Ruta 801", "orden": 45, "nombre": "Parada #107 / Parque Tecún Umán", "id_ruta": "R801", "sistema": "tubus" }, "geometry": { "type": "Point", "coordinates": [ -90.532673, 14.65149, 0.0 ] } },
{ "type": "Feature", "properties": { "id_linea": "sistema", "capa": "SISTEMA TUBUS - Paradas Ruta 801", "orden": 46, "nombre": "Parada #108 / Col. Sakerty II", "id_ruta": "R801", "sistema": "tubus" }, "geometry": { "type": "Point", "coordinates": [ -90.530759, 14.65509, 0.0 ] } },
{ "type": "Feature", "properties": { "id_linea": "sistema", "capa": "SISTEMA TUBUS - Paradas Ruta 801", "orden": 47, "nombre": "Parada #109 / Col. Sakerty I", "id_ruta": "R801", "sistema": "tubus" }, "geometry": { "type": "Point", "coordinates": [ -90.529628, 14.657175, 0.0 ] } },
{ "type": "Feature", "properties": { "id_linea": "sistema", "capa": "SISTEMA TUBUS - Paradas Ruta 802", "orden": 1, "nombre": "Parada #063 / Parque Los Pinos", "id_ruta": "R802", "sistema": "tubus" }, "geometry": { "type": "Point", "coordinates": [ -90.528477, 14.659797, 0.0 ] } },
{ "type": "Feature", "properties": { "id_linea": "sistema", "capa": "SISTEMA TUBUS - Paradas Ruta 802", "orden": 2, "nombre": "Parada #064 / Col. Sakerty I", "id_ruta": "R802", "sistema": "tubus" }, "geometry": { "type": "Point", "coordinates": [ -90.529952, 14.657044, 0.0 ] } },
{ "type": "Feature", "properties": { "id_linea": "sistema", "capa": "SISTEMA TUBUS - Paradas Ruta 802", "orden": 3, "nombre": "Parada #065 / Col. Sakerty II", "id_ruta": "R802", "sistema": "tubus" }, "geometry": { "type": "Point", "coordinates": [ -90.531066, 14.654922, 0.0 ] } },
{ "type": "Feature", "properties": { "id_linea": "sistema", "capa": "SISTEMA TUBUS - Paradas Ruta 802", "orden": 4, "nombre": "Parada #066 / Col. Banvi I", "id_ruta": "R802", "sistema": "tubus" }, "geometry": { "type": "Point", "coordinates": [ -90.533101, 14.651214, 0.0 ] } },
{ "type": "Feature", "properties": { "id_linea": "sistema", "capa": "SISTEMA TUBUS - Paradas Ruta 802", "orden": 5, "nombre": "Parada #067 / Col. Bethania", "id_ruta": "R802", "sistema": "tubus" }, "geometry": { "type": "Point", "coordinates": [ -90.534145, 14.649813, 0.0 ] } },
{ "type": "Feature", "properties": { "id_linea": "sistema", "capa": "SISTEMA TUBUS - Paradas Ruta 802", "orden": 6, "nombre": "Parada #068 / Col. Bethania", "id_ruta": "R802", "sistema": "tubus" }, "geometry": { "type": "Point", "coordinates": [ -90.535628, 14.64777, 0.0 ] } },
{ "type": "Feature", "properties": { "id_linea": "sistema", "capa": "SISTEMA TUBUS - Paradas Ruta 802", "orden": 7, "nombre": "Parada #110 / Anillo Periférico norte", "id_ruta": "R802", "sistema": "tubus" }, "geometry": { "type": "Point", "coordinates": [ -90.536389, 14.645513, 0.0 ] } },
{ "type": "Feature", "properties": { "id_linea": "sistema", "capa": "SISTEMA TUBUS - Paradas Ruta 802", "orden": 8, "nombre": "Parada #111 / Anillo Periférico norte", "id_ruta": "R802", "sistema": "tubus" }, "geometry": { "type": "Point", "coordinates": [ -90.53079, 14.648802, 0.0 ] } },
{ "type": "Feature", "properties": { "id_linea": "sistema", "capa": "SISTEMA TUBUS - Paradas Ruta 802", "orden": 9, "nombre": "Parada #112 / Anillo Periférico norte", "id_ruta": "R802", "sistema": "tubus" }, "geometry": { "type": "Point", "coordinates": [ -90.529282, 14.648647, 0.0 ] } },
{ "type": "Feature", "properties": { "id_linea": "sistema", "capa": "SISTEMA TUBUS - Paradas Ruta 802", "orden": 10, "nombre": "Parada #113 / Anillo Periférico norte", "id_ruta": "R802", "sistema": "tubus" }, "geometry": { "type": "Point", "coordinates": [ -90.525071, 14.64489, 0.0 ] } },
{ "type": "Feature", "properties": { "id_linea": "sistema", "capa": "SISTEMA TUBUS - Paradas Ruta 802", "orden": 11, "nombre": "Parada #114 / Barrio Recolección", "id_ruta": "R802", "sistema": "tubus" }, "geometry": { "type": "Point", "coordinates": [ -90.519209, 14.649127, 0.0 ] } },
{ "type": "Feature", "properties": { "id_linea": "sistema", "capa": "SISTEMA TUBUS - Paradas Ruta 802", "orden": 12, "nombre": "Parada #115 / Barrio Recolección", "id_ruta": "R802", "sistema": "tubus" }, "geometry": { "type": "Point", "coordinates": [ -90.516348, 14.648726, 0.0 ] } },
{ "type": "Feature", "properties": { "id_linea": "sistema", "capa": "SISTEMA TUBUS - Paradas Ruta 802", "orden": 13, "nombre": "Parada #116 / Barrio Recolección", "id_ruta": "R802", "sistema": "tubus" }, "geometry": { "type": "Point", "coordinates": [ -90.51502, 14.647346, 0.0 ] } },
{ "type": "Feature", "properties": { "id_linea": "sistema", "capa": "SISTEMA TUBUS - Paradas Ruta 802", "orden": 14, "nombre": "Parada #117 / Barrio Recolección", "id_ruta": "R802", "sistema": "tubus" }, "geometry": { "type": "Point", "coordinates": [ -90.515504, 14.643776, 0.0 ] } },
{ "type": "Feature", "properties": { "id_linea": "sistema", "capa": "SISTEMA TUBUS - Paradas Ruta 802", "orden": 15, "nombre": "Parada #118 / 4ª Avenida", "id_ruta": "R802", "sistema": "tubus" }, "geometry": { "type": "Point", "coordinates": [ -90.515928, 14.64083, 0.0 ] } },
{ "type": "Feature", "properties": { "id_linea": "sistema", "capa": "SISTEMA TUBUS - Paradas Ruta 802", "orden": 16, "nombre": "Parada #119 / 4ª Avenida", "id_ruta": "R802", "sistema": "tubus" }, "geometry": { "type": "Point", "coordinates": [ -90.516224, 14.638553, 0.0 ] } },
{ "type": "Feature", "properties": { "id_linea": "sistema", "capa": "SISTEMA TUBUS - Paradas Ruta 802", "orden": 17, "nombre": "Parada #120 / 4ª Avenida", "id_ruta": "R802", "sistema": "tubus" }, "geometry": { "type": "Point", "coordinates": [ -90.516864, 14.634046, 0.0 ] } },
{ "type": "Feature", "properties": { "id_linea": "sistema", "capa": "SISTEMA TUBUS - Paradas Ruta 802", "orden": 18, "nombre": "Parada #121 / 4ª Avenida", "id_ruta": "R802", "sistema": "tubus" }, "geometry": { "type": "Point", "coordinates": [ -90.517283, 14.630678, 0.0 ] } },
{ "type": "Feature", "properties": { "id_linea": "sistema", "capa": "SISTEMA TUBUS - Paradas Ruta 802", "orden": 19, "nombre": "Parada #122 / El Pueblito", "id_ruta": "R802", "sistema": "tubus" }, "geometry": { "type": "Point", "coordinates": [ -90.518585, 14.630432, 0.0 ] } },
{ "type": "Feature", "properties": { "id_linea": "sistema", "capa": "SISTEMA TUBUS - Paradas Ruta 802", "orden": 20, "nombre": "Parada #123 / 3ª Avenida", "id_ruta": "R802", "sistema": "tubus" }, "geometry": { "type": "Point", "coordinates": [ -90.518203, 14.633416, 0.0 ] } },
{ "type": "Feature", "properties": { "id_linea": "sistema", "capa": "SISTEMA TUBUS - Paradas Ruta 802", "orden": 21, "nombre": "Parada #124 / 3ª Avenida", "id_ruta": "R802", "sistema": "tubus" }, "geometry": { "type": "Point", "coordinates": [ -90.517649, 14.637105, 0.0 ] } },
{ "type": "Feature", "properties": { "id_linea": "sistema", "capa": "SISTEMA TUBUS - Paradas Ruta 802", "orden": 22, "nombre": "Parada #125 / 3ª Avenida", "id_ruta": "R802", "sistema": "tubus" }, "geometry": { "type": "Point", "coordinates": [ -90.51715, 14.640794, 0.0 ] } },
{ "type": "Feature", "properties": { "id_linea": "sistema", "capa": "SISTEMA TUBUS - Paradas Ruta 802", "orden": 23, "nombre": "Parada #126 / 3ª Avenida", "id_ruta": "R802", "sistema": "tubus" }, "geometry": { "type": "Point", "coordinates": [ -90.516845, 14.642892, 0.0 ] } },
{ "type": "Feature", "properties": { "id_linea": "sistema", "capa": "SISTEMA TUBUS - Paradas Ruta 802", "orden": 24, "nombre": "Parada #127 / Barrio Recolección", "id_ruta": "R802", "sistema": "tubus" }, "geometry": { "type": "Point", "coordinates": [ -90.51767, 14.645277, 0.0 ] } },
{ "type": "Feature", "properties": { "id_linea": "sistema", "capa": "SISTEMA TUBUS - Paradas Ruta 802", "orden": 25, "nombre": "Parada #128 / Barrio Recolección", "id_ruta": "R802", "sistema": "tubus" }, "geometry": { "type": "Point", "coordinates": [ -90.520692, 14.645736, 0.0 ] } },
{ "type": "Feature", "properties": { "id_linea": "sistema", "capa": "SISTEMA TUBUS - Paradas Ruta 802", "orden": 26, "nombre": "Parada #129 / Col. Bran", "id_ruta": "R802", "sistema": "tubus" }, "geometry": { "type": "Point", "coordinates": [ -90.522737, 14.647461, 0.0 ] } },
{ "type": "Feature", "properties": { "id_linea": "sistema", "capa": "SISTEMA TUBUS - Paradas Ruta 802", "orden": 27, "nombre": "Parada #130 / Anillo Periférico sur", "id_ruta": "R802", "sistema": "tubus" }, "geometry": { "type": "Point", "coordinates": [ -90.529255, 14.64894, 0.0 ] } },
{ "type": "Feature", "properties": { "id_linea": "sistema", "capa": "SISTEMA TUBUS - Paradas Ruta 802", "orden": 28, "nombre": "Parada #131 / Col. Madre Dormida", "id_ruta": "R802", "sistema": "tubus" }, "geometry": { "type": "Point", "coordinates": [ -90.531015, 14.648999, 0.0 ] } },
{ "type": "Feature", "properties": { "id_linea": "sistema", "capa": "SISTEMA TUBUS - Paradas Ruta 802", "orden": 29, "nombre": "Parada #132 / Anillo Periférico sur", "id_ruta": "R802", "sistema": "tubus" }, "geometry": { "type": "Point", "coordinates": [ -90.535319, 14.645743, 0.0 ] } },
{ "type": "Feature", "properties": { "id_linea": "sistema", "capa": "SISTEMA TUBUS - Paradas Ruta 802", "orden": 30, "nombre": "Parada #105 / Alcaldía Auxiliar Z.7", "id_ruta": "R802", "sistema": "tubus" }, "geometry": { "type": "Point", "coordinates": [ -90.5358329, 14.6473891, 0.0 ] } },
{ "type": "Feature", "properties": { "id_linea": "sistema", "capa": "SISTEMA TUBUS - Paradas Ruta 802", "orden": 31, "nombre": "Parada #106 / Col. Bethania", "id_ruta": "R802", "sistema": "tubus" }, "geometry": { "type": "Point", "coordinates": [ -90.534113, 14.649547, 0.0 ] } },
{ "type": "Feature", "properties": { "id_linea": "sistema", "capa": "SISTEMA TUBUS - Paradas Ruta 802", "orden": 32, "nombre": "Parada #107 / Parque Tecún Umán", "id_ruta": "R802", "sistema": "tubus" }, "geometry": { "type": "Point", "coordinates": [ -90.532673, 14.65149, 0.0 ] } },
{ "type": "Feature", "properties": { "id_linea": "sistema", "capa": "SISTEMA TUBUS - Paradas Ruta 802", "orden": 33, "nombre": "Parada #109 / Col. Sakerty I", "id_ruta": "R802", "sistema": "tubus" }, "geometry": { "type": "Point", "coordinates": [ -90.529628, 14.657174, 0.0 ] } },
{ "type": "Feature", "properties": { "id_linea": "sistema", "capa": "SISTEMA TUBUS - Paradas Ruta 802", "orden": 34, "nombre": "Parada #108 / Col. Sakerty II", "id_ruta": "R802", "sistema": "tubus" }, "geometry": { "type": "Point", "coordinates": [ -90.5307574, 14.655091, 0.0 ] } },
{ "type": "Feature", "properties": { "id_linea": "sistema", "capa": "SISTEMA TUBUS - Paradas Ruta 305", "orden": 1, "nombre": "Parada #133 / Blvr. Vista Hermosa", "id_ruta": "R305", "sistema": "tubus" }, "geometry": { "type": "Point", "coordinates": [ -90.485073, 14.582059, 0.0 ] } },
{ "type": "Feature", "properties": { "id_linea": "sistema", "capa": "SISTEMA TUBUS - Paradas Ruta 305", "orden": 2, "nombre": "Parada #134 / Blvr. Vista Hermosa", "id_ruta": "R305", "sistema": "tubus" }, "geometry": { "type": "Point", "coordinates": [ -90.487969, 14.585826, 0.0 ] } },
{ "type": "Feature", "properties": { "id_linea": "sistema", "capa": "SISTEMA TUBUS - Paradas Ruta 305", "orden": 3, "nombre": "Parada #135 / Blvr. Vista Hermosa", "id_ruta": "R305", "sistema": "tubus" }, "geometry": { "type": "Point", "coordinates": [ -90.490422, 14.589167, 0.0 ] } },
{ "type": "Feature", "properties": { "id_linea": "sistema", "capa": "SISTEMA TUBUS - Paradas Ruta 305", "orden": 4, "nombre": "Parada #136 / Blvr. Vista Hermosa", "id_ruta": "R305", "sistema": "tubus" }, "geometry": { "type": "Point", "coordinates": [ -90.492939, 14.592508, 0.0 ] } },
{ "type": "Feature", "properties": { "id_linea": "sistema", "capa": "SISTEMA TUBUS - Paradas Ruta 305", "orden": 5, "nombre": "Parada #137 / Blvr. Vista Hermosa", "id_ruta": "R305", "sistema": "tubus" }, "geometry": { "type": "Point", "coordinates": [ -90.494543, 14.594729, 0.0 ] } },
{ "type": "Feature", "properties": { "id_linea": "sistema", "capa": "SISTEMA TUBUS - Paradas Ruta 305", "orden": 6, "nombre": "Parada #138 / Blvr. Vista Hermosa", "id_ruta": "R305", "sistema": "tubus" }, "geometry": { "type": "Point", "coordinates": [ -90.498926, 14.600847, 0.0 ] } },
{ "type": "Feature", "properties": { "id_linea": "sistema", "capa": "SISTEMA TUBUS - Paradas Ruta 305", "orden": 7, "nombre": "Parada #139 / Blvr. Vista Hermosa, inicio columpio Vista Hermosa", "id_ruta": "R305", "sistema": "tubus" }, "geometry": { "type": "Point", "coordinates": [ -90.501301, 14.605748, 0.0 ] } },
{ "type": "Feature", "properties": { "id_linea": "sistema", "capa": "SISTEMA TUBUS - Paradas Ruta 305", "orden": 8, "nombre": "Parada #140 / Blvr. de la Tribuna", "id_ruta": "R305", "sistema": "tubus" }, "geometry": { "type": "Point", "coordinates": [ -90.504425, 14.614229, 0.0 ] } },
{ "type": "Feature", "properties": { "id_linea": "sistema", "capa": "SISTEMA TUBUS - Paradas Ruta 305", "orden": 9, "nombre": "Parada #141 / 6ª avenida “A”", "id_ruta": "R305", "sistema": "tubus" }, "geometry": { "type": "Point", "coordinates": [ -90.509458, 14.614065, 0.0 ] } },
{ "type": "Feature", "properties": { "id_linea": "sistema", "capa": "SISTEMA TUBUS - Paradas Ruta 305", "orden": 10, "nombre": "Parada #142 / Jardín Botánico", "id_ruta": "R305", "sistema": "tubus" }, "geometry": { "type": "Point", "coordinates": [ -90.512886, 14.614004, 0.0 ] } },
{ "type": "Feature", "properties": { "id_linea": "sistema", "capa": "SISTEMA TUBUS - Paradas Ruta 305", "orden": 11, "nombre": "Parada #143 / Jardín Botánico", "id_ruta": "R305", "sistema": "tubus" }, "geometry": { "type": "Point", "coordinates": [ -90.516097, 14.614414, 0.0 ] } },
{ "type": "Feature", "properties": { "id_linea": "sistema", "capa": "SISTEMA TUBUS - Paradas Ruta 305", "orden": 12, "nombre": "Parada #144 / Terminal", "id_ruta": "R305", "sistema": "tubus" }, "geometry": { "type": "Point", "coordinates": [ -90.519577, 14.613394, 0.0 ] } },
{ "type": "Feature", "properties": { "id_linea": "sistema", "capa": "SISTEMA TUBUS - Paradas Ruta 305", "orden": 13, "nombre": "Parada #145 / Jardín Botánico", "id_ruta": "R305", "sistema": "tubus" }, "geometry": { "type": "Point", "coordinates": [ -90.514851, 14.612607, 0.0 ] } },
{ "type": "Feature", "properties": { "id_linea": "sistema", "capa": "SISTEMA TUBUS - Paradas Ruta 305", "orden": 14, "nombre": "Parada #146 / Guardia de Honor", "id_ruta": "R305", "sistema": "tubus" }, "geometry": { "type": "Point", "coordinates": [ -90.512555, 14.612186, 0.0 ] } },
{ "type": "Feature", "properties": { "id_linea": "sistema", "capa": "SISTEMA TUBUS - Paradas Ruta 305", "orden": 15, "nombre": "Parada #147 / Blvr. Vista Hermosa, final columpio sur", "id_ruta": "R305", "sistema": "tubus" }, "geometry": { "type": "Point", "coordinates": [ -90.501636, 14.605907, 0.0 ] } },
{ "type": "Feature", "properties": { "id_linea": "sistema", "capa": "SISTEMA TUBUS - Paradas Ruta 305", "orden": 16, "nombre": "Parada #148 / Plaza de la Marimba", "id_ruta": "R305", "sistema": "tubus" }, "geometry": { "type": "Point", "coordinates": [ -90.49952, 14.600528, 0.0 ] } },
{ "type": "Feature", "properties": { "id_linea": "sistema", "capa": "SISTEMA TUBUS - Paradas Ruta 305", "orden": 17, "nombre": "Parada #149 / Blvr. Vista Hermosa", "id_ruta": "R305", "sistema": "tubus" }, "geometry": { "type": "Point", "coordinates": [ -90.496657, 14.596695, 0.0 ] } },
{ "type": "Feature", "properties": { "id_linea": "sistema", "capa": "SISTEMA TUBUS - Paradas Ruta 305", "orden": 18, "nombre": "Parada #150 / Blvr. Vista Hermosa", "id_ruta": "R305", "sistema": "tubus" }, "geometry": { "type": "Point", "coordinates": [ -90.494762, 14.594285, 0.0 ] } },
{ "type": "Feature", "properties": { "id_linea": "sistema", "capa": "SISTEMA TUBUS - Paradas Ruta 305", "orden": 19, "nombre": "Parada #151 / Blvr. Vista Hermosa", "id_ruta": "R305", "sistema": "tubus" }, "geometry": { "type": "Point", "coordinates": [ -90.493358, 14.592397, 0.0 ] } },
{ "type": "Feature", "properties": { "id_linea": "sistema", "capa": "SISTEMA TUBUS - Paradas Ruta 305", "orden": 20, "nombre": "Parada #152 / Blvr. Vista Hermosa", "id_ruta": "R305", "sistema": "tubus" }, "geometry": { "type": "Point", "coordinates": [ -90.49075, 14.58891, 0.0 ] } },
{ "type": "Feature", "properties": { "id_linea": "sistema", "capa": "SISTEMA TUBUS - Paradas Ruta 305", "orden": 21, "nombre": "Parada #153 / Blvr. Vista Hermosa", "id_ruta": "R305", "sistema": "tubus" }, "geometry": { "type": "Point", "coordinates": [ -90.488259, 14.585575, 0.0 ] } }
]
}
