{
"type": "FeatureCollection",
"name": "trazos",
"crs": { "type": "name", "properties": { "name": "urn:ogc:def:crs:OGC:1.3:CRS84" } },
"features": [
{ "type": "Feature", "properties": { "id_linea": "L1", "capa": "TRANSMETRO - Línea 1", "orden": 11, "nombre": "Línea 1" }, "geometry": { "type": "LineString", "coordinates": [ [ -90.514879, 14.627752, 0.0 ], [ -90.515049, 14.627789, 0.0 ], [ -90.515203, 14.627855, 0.0 ], [ -90.515413, 14.62801, 0.0 ], [ -90.515731, 14.628371, 0.0 ], [ -90.516072, 14.62873, 0.0 ], [ -90.516289, 14.62899, 0.0 ], [ -90.516387, 14.629129, 0.0 ], [ -90.516424, 14.62921, 0.0 ], [ -90.516442, 14.629299, 0.0 ], [ -90.516466, 14.629583, 0.0 ], [ -90.516431, 14.629909, 0.0 ], [ -90.516367, 14.630596, 0.0 ], [ -90.516313, 14.630984, 0.0 ], [ -90.516216, 14.631549, 0.0 ], [ -90.516021, 14.633024, 0.0 ], [ -90.515917, 14.63376, 0.0 ], [ -90.515839, 14.634499, 0.0 ], [ -90.515708, 14.635484, 0.0 ], [ -90.515647, 14.636003, 0.0 ], [ -90.515562, 14.636545, 0.0 ], [ -90.515295, 14.638526, 0.0 ], [ -90.514827, 14.642083, 0.0 ], [ -90.514514, 14.644306, 0.0 ], [ -90.514295, 14.645995, 0.0 ], [ -90.512687, 14.645732, 0.0 ], [ -90.511102, 14.645482, 0.0 ], [ -90.511149, 14.645092, 0.0 ], [ -90.511211, 14.644656, 0.0 ], [ -90.511317, 14.643861, 0.0 ], [ -90.511531, 14.642267, 0.0 ], [ -90.51154, 14.642176, 0.0 ], [ -90.511469, 14.642151, 0.0 ], [ -90.5115, 14.641945, 0.0 ], [ -90.511576, 14.641428, 0.0 ], [ -90.511643, 14.640946, 0.0 ], [ -90.511712, 14.64095, 0.0 ], [ -90.511738, 14.640798, 0.0 ], [ -90.511849, 14.640014, 0.0 ], [ -90.511954, 14.639199, 0.0 ], [ -90.512066, 14.638384, 0.0 ], [ -90.512178, 14.637628, 0.0 ], [ -90.512263, 14.63699, 0.0 ], [ -90.512355, 14.636352, 0.0 ], [ -90.512482, 14.635452, 0.0 ], [ -90.512588, 14.634592, 0.0 ], [ -90.512708, 14.633731, 0.0 ], [ -90.512832, 14.632879, 0.0 ], [ -90.513031, 14.631472, 0.0 ], [ -90.513258, 14.630246, 0.0 ], [ -90.513264, 14.630213, 0.0 ], [ -90.513304, 14.630052, 0.0 ], [ -90.513316, 14.629966, 0.0 ], [ -90.513604, 14.627861, 0.0 ], [ -90.51364, 14.627561, 0.0 ], [ -90.513768, 14.627573, 0.0 ], [ -90.513888, 14.627572, 0.0 ], [ -90.513946, 14.627565, 0.0 ], [ -90.514012, 14.627538, 0.0 ], [ -90.514127, 14.627469, 0.0 ], [ -90.51424, 14.627378, 0.0 ], [ -90.51426, 14.627402, 0.0 ], [ -90.514269, 14.627456, 0.0 ], [ -90.514287, 14.627496, 0.0 ], [ -90.514304, 14.627531, 0.0 ], [ -90.514372, 14.627613, 0.0 ], [ -90.514401, 14.627638, 0.0 ], [ -90.514441, 14.627664, 0.0 ], [ -90.514544, 14.627703, 0.0 ], [ -90.514651, 14.627719, 0.0 ], [ -90.514879, 14.627752, 0.0 ] ] } },
{ "type": "Feature", "properties": { "id_linea": "L7", "capa": "TRANSMETRO - Línea 7", "orden": 30, "nombre": "Línea 7" }, "geometry": { "type": "LineString", "coordinates": [ [ -90.507915, 14.643535, 0.0 ], [ -90.507886, 14.643772, 0.0 ], [ -90.508247, 14.643818, 0.0 ], [ -90.508801, 14.643892, 0.0 ], [ -90.509689, 14.644021, 0.0 ], [ -90.511487, 14.644287, 0.0 ], [ -90.512246, 14.644408, 0.0 ], [ -90.512795, 14.644514, 0.0 ], [ -90.512889, 14.644523, 0.0 ], [ -90.513318, 14.644585, 0.0 ], [ -90.515334, 14.644898, 0.0 ], [ -90.515563, 14.643128, 0.0 ], [ -90.515672, 14.642287, 0.0 ], [ -90.515776, 14.64157, 0.0 ], [ -90.516086, 14.641612, 0.0 ], [ -90.516432, 14.64167, 0.0 ], [ -90.516796, 14.641742, 0.0 ], [ -90.517142, 14.641797, 0.0 ], [ -90.51849, 14.642008, 0.0 ], [ -90.518859, 14.642063, 0.0 ], [ -90.519238, 14.64212, 0.0 ], [ -90.519999, 14.642237, 0.0 ], [ -90.521388, 14.642459, 0.0 ], [ -90.522005, 14.642552, 0.0 ], [ -90.522299, 14.642598, 0.0 ], [ -90.522365, 14.642623, 0.0 ], [ -90.522425, 14.642653, 0.0 ], [ -90.522536, 14.642721, 0.0 ], [ -90.522664, 14.642864, 0.0 ], [ -90.52279, 14.643046, 0.0 ], [ -90.523572, 14.644277, 0.0 ], [ -90.523738, 14.644473, 0.0 ], [ -90.523924, 14.644653, 0.0 ], [ -90.524196, 14.644865, 0.0 ], [ -90.524689, 14.64522, 0.0 ], [ -90.525208, 14.645625, 0.0 ], [ -90.525534, 14.645894, 0.0 ], [ -90.525934, 14.64625, 0.0 ], [ -90.526226, 14.64649, 0.0 ], [ -90.526582, 14.646751, 0.0 ], [ -90.52685, 14.646973, 0.0 ], [ -90.52719, 14.647254, 0.0 ], [ -90.527428, 14.647446, 0.0 ], [ -90.527683, 14.647636, 0.0 ], [ -90.528011, 14.647882, 0.0 ], [ -90.528473, 14.64825, 0.0 ], [ -90.528758, 14.648482, 0.0 ], [ -90.529039, 14.648705, 0.0 ], [ -90.529313, 14.648906, 0.0 ], [ -90.529553, 14.649032, 0.0 ], [ -90.529708, 14.649089, 0.0 ], [ -90.529885, 14.649132, 0.0 ], [ -90.530006, 14.649155, 0.0 ], [ -90.530111, 14.64916, 0.0 ], [ -90.530297, 14.649146, 0.0 ], [ -90.530442, 14.649119, 0.0 ], [ -90.530572, 14.649087, 0.0 ], [ -90.530708, 14.649048, 0.0 ], [ -90.530841, 14.648993, 0.0 ], [ -90.531308, 14.648776, 0.0 ], [ -90.531602, 14.64863, 0.0 ], [ -90.531896, 14.648498, 0.0 ], [ -90.532139, 14.648342, 0.0 ], [ -90.532372, 14.648105, 0.0 ], [ -90.532507, 14.647869, 0.0 ], [ -90.532595, 14.647601, 0.0 ], [ -90.532643, 14.647185, 0.0 ], [ -90.532662, 14.646936, 0.0 ], [ -90.532716, 14.646628, 0.0 ], [ -90.532774, 14.646419, 0.0 ], [ -90.532896, 14.64618, 0.0 ], [ -90.533086, 14.64595, 0.0 ], [ -90.533297, 14.645748, 0.0 ], [ -90.533412, 14.645679, 0.0 ], [ -90.533564, 14.645605, 0.0 ], [ -90.533799, 14.645528, 0.0 ], [ -90.534058, 14.645521, 0.0 ], [ -90.534916, 14.645622, 0.0 ], [ -90.535782, 14.645721, 0.0 ], [ -90.535995, 14.645745, 0.0 ], [ -90.536235, 14.645759, 0.0 ], [ -90.536547, 14.645757, 0.0 ], [ -90.537112, 14.645862, 0.0 ], [ -90.537595, 14.645922, 0.0 ], [ -90.53784, 14.645921, 0.0 ], [ -90.538069, 14.645894, 0.0 ], [ -90.538351, 14.645818, 0.0 ], [ -90.538654, 14.645685, 0.0 ], [ -90.539769, 14.645052, 0.0 ], [ -90.540498, 14.644628, 0.0 ], [ -90.541171, 14.644269, 0.0 ], [ -90.542336, 14.643673, 0.0 ], [ -90.542922, 14.643379, 0.0 ], [ -90.543448, 14.64313, 0.0 ], [ -90.543681, 14.643037, 0.0 ], [ -90.543957, 14.642932, 0.0 ], [ -90.544358, 14.642792, 0.0 ], [ -90.544633, 14.642699, 0.0 ], [ -90.54482, 14.642595, 0.0 ], [ -90.545226, 14.64237, 0.0 ], [ -90.545516, 14.642121, 0.0 ], [ -90.545822, 14.64184, 0.0 ], [ -90.546016, 14.641687, 0.0 ], [ -90.546225, 14.641547, 0.0 ], [ -90.546443, 14.641417, 0.0 ], [ -90.547106, 14.641053, 0.0 ], [ -90.54748, 14.640854, 0.0 ], [ -90.547842, 14.640656, 0.0 ], [ -90.548441, 14.640355, 0.0 ], [ -90.549059, 14.640034, 0.0 ], [ -90.549637, 14.63972, 0.0 ], [ -90.54988, 14.639542, 0.0 ], [ -90.550074, 14.639371, 0.0 ], [ -90.550229, 14.639202, 0.0 ], [ -90.550367, 14.639026, 0.0 ], [ -90.550623, 14.6386, 0.0 ], [ -90.551395, 14.637098, 0.0 ], [ -90.551622, 14.636665, 0.0 ], [ -90.551782, 14.636375, 0.0 ], [ -90.552259, 14.635505, 0.0 ], [ -90.552465, 14.635113, 0.0 ], [ -90.552667, 14.634719, 0.0 ], [ -90.553119, 14.633854, 0.0 ], [ -90.553259, 14.633598, 0.0 ], [ -90.553337, 14.633464, 0.0 ], [ -90.553413, 14.63331, 0.0 ], [ -90.55368, 14.632755, 0.0 ], [ -90.554217, 14.631724, 0.0 ], [ -90.55475, 14.630702, 0.0 ], [ -90.554964, 14.630246, 0.0 ], [ -90.555275, 14.629631, 0.0 ], [ -90.555444, 14.629305, 0.0 ], [ -90.555483, 14.629152, 0.0 ], [ -90.555541, 14.629002, 0.0 ], [ -90.555817, 14.628354, 0.0 ], [ -90.555955, 14.62808, 0.0 ], [ -90.556103, 14.627881, 0.0 ], [ -90.556256, 14.627757, 0.0 ], [ -90.556509, 14.627594, 0.0 ], [ -90.556783, 14.627413, 0.0 ], [ -90.55709, 14.627229, 0.0 ], [ -90.557449, 14.627014, 0.0 ], [ -90.557696, 14.626856, 0.0 ], [ -90.557917, 14.626704, 0.0 ], [ -90.55842, 14.626387, 0.0 ], [ -90.558958, 14.625998, 0.0 ], [ -90.559144, 14.625848, 0.0 ], [ -90.559277, 14.625672, 0.0 ], [ -90.559412, 14.625396, 0.0 ], [ -90.559477, 14.625252, 0.0 ], [ -90.559505, 14.625095, 0.0 ], [ -90.559516, 14.624954, 0.0 ], [ -90.559458, 14.624727, 0.0 ], [ -90.559333, 14.624455, 0.0 ], [ -90.558527, 14.623157, 0.0 ], [ -90.557728, 14.621673, 0.0 ], [ -90.557446, 14.621116, 0.0 ], [ -90.557151, 14.620562, 0.0 ], [ -90.556552, 14.619456, 0.0 ], [ -90.555357, 14.61715, 0.0 ], [ -90.555032, 14.616571, 0.0 ], [ -90.55479, 14.616137, 0.0 ], [ -90.554583, 14.615548, 0.0 ], [ -90.554406, 14.614973, 0.0 ], [ -90.554366, 14.614859, 0.0 ], [ -90.554352, 14.614788, 0.0 ], [ -90.554352, 14.614717, 0.0 ], [ -90.554342, 14.614441, 0.0 ], [ -90.554334, 14.614033, 0.0 ], [ -90.554499, 14.613221, 0.0 ], [ -90.554631, 14.612738, 0.0 ], [ -90.554779, 14.612392, 0.0 ], [ -90.555168, 14.611721, 0.0 ], [ -90.555582, 14.611099, 0.0 ], [ -90.555895, 14.610682, 0.0 ], [ -90.556139, 14.610332, 0.0 ], [ -90.556938, 14.609182, 0.0 ], [ -90.557748, 14.60809, 0.0 ], [ -90.558038, 14.60769, 0.0 ], [ -90.558286, 14.607308, 0.0 ], [ -90.55873, 14.606675, 0.0 ], [ -90.559555, 14.605501, 0.0 ], [ -90.560293, 14.604428, 0.0 ], [ -90.560833, 14.603696, 0.0 ], [ -90.561033, 14.603403, 0.0 ], [ -90.561514, 14.602717, 0.0 ], [ -90.561631, 14.602513, 0.0 ], [ -90.561729, 14.60229, 0.0 ], [ -90.56176, 14.602202, 0.0 ], [ -90.561787, 14.60207, 0.0 ], [ -90.561806, 14.601842, 0.0 ], [ -90.561807, 14.601752, 0.0 ], [ -90.561798, 14.601661, 0.0 ], [ -90.561788, 14.60157, 0.0 ], [ -90.561769, 14.601481, 0.0 ], [ -90.561748, 14.601398, 0.0 ], [ -90.561719, 14.601321, 0.0 ], [ -90.561651, 14.601165, 0.0 ], [ -90.56153, 14.600984, 0.0 ], [ -90.561461, 14.600901, 0.0 ], [ -90.561388, 14.60082, 0.0 ], [ -90.561331, 14.600765, 0.0 ], [ -90.561196, 14.600661, 0.0 ], [ -90.56105, 14.600572, 0.0 ], [ -90.560078, 14.599971, 0.0 ], [ -90.559577, 14.59968, 0.0 ], [ -90.559345, 14.599545, 0.0 ], [ -90.559099, 14.599387, 0.0 ], [ -90.55876, 14.599174, 0.0 ], [ -90.558419, 14.598973, 0.0 ], [ -90.557737, 14.598565, 0.0 ], [ -90.556946, 14.598087, 0.0 ], [ -90.556393, 14.597737, 0.0 ], [ -90.555876, 14.597422, 0.0 ], [ -90.555353, 14.597113, 0.0 ], [ -90.555232, 14.597038, 0.0 ], [ -90.555116, 14.596949, 0.0 ], [ -90.554858, 14.596751, 0.0 ], [ -90.554445, 14.596439, 0.0 ], [ -90.554151, 14.596221, 0.0 ], [ -90.554112, 14.596193, 0.0 ], [ -90.554064, 14.596144, 0.0 ], [ -90.553941, 14.596004, 0.0 ], [ -90.553803, 14.595859, 0.0 ], [ -90.553711, 14.595777, 0.0 ], [ -90.553191, 14.595363, 0.0 ], [ -90.55285, 14.595021, 0.0 ], [ -90.552552, 14.594733, 0.0 ], [ -90.552326, 14.594512, 0.0 ], [ -90.552247, 14.594446, 0.0 ], [ -90.552028, 14.594272, 0.0 ], [ -90.551881, 14.594196, 0.0 ], [ -90.551743, 14.594111, 0.0 ], [ -90.551609, 14.59401, 0.0 ], [ -90.551532, 14.593949, 0.0 ], [ -90.551404, 14.593833, 0.0 ], [ -90.551196, 14.59364, 0.0 ], [ -90.550919, 14.593402, 0.0 ], [ -90.55067, 14.593221, 0.0 ], [ -90.550538, 14.593143, 0.0 ], [ -90.550433, 14.593111, 0.0 ], [ -90.550293, 14.593102, 0.0 ], [ -90.550265, 14.593107, 0.0 ], [ -90.550199, 14.593181, 0.0 ], [ -90.550217, 14.593191, 0.0 ], [ -90.550315, 14.593194, 0.0 ], [ -90.550398, 14.593224, 0.0 ], [ -90.550744, 14.59347, 0.0 ], [ -90.55112, 14.593727, 0.0 ], [ -90.551238, 14.593823, 0.0 ], [ -90.551353, 14.593916, 0.0 ], [ -90.551583, 14.5941, 0.0 ], [ -90.551804, 14.594249, 0.0 ], [ -90.552022, 14.5944, 0.0 ], [ -90.552225, 14.59457, 0.0 ], [ -90.552424, 14.594745, 0.0 ], [ -90.552819, 14.595101, 0.0 ], [ -90.552956, 14.595218, 0.0 ], [ -90.553086, 14.595343, 0.0 ], [ -90.553221, 14.595463, 0.0 ], [ -90.553287, 14.595529, 0.0 ], [ -90.553353, 14.595592, 0.0 ], [ -90.553859, 14.5961, 0.0 ], [ -90.553987, 14.596215, 0.0 ], [ -90.554129, 14.596328, 0.0 ], [ -90.554277, 14.596437, 0.0 ], [ -90.554419, 14.596548, 0.0 ], [ -90.555118, 14.597066, 0.0 ], [ -90.555804, 14.59747, 0.0 ], [ -90.55659, 14.59796, 0.0 ], [ -90.557046, 14.598242, 0.0 ], [ -90.557238, 14.598362, 0.0 ], [ -90.557494, 14.598529, 0.0 ], [ -90.557936, 14.598824, 0.0 ], [ -90.558164, 14.598976, 0.0 ], [ -90.55828, 14.599044, 0.0 ], [ -90.558393, 14.599111, 0.0 ], [ -90.559349, 14.599687, 0.0 ], [ -90.559758, 14.599885, 0.0 ], [ -90.560227, 14.60016, 0.0 ], [ -90.560809, 14.600497, 0.0 ], [ -90.561112, 14.600716, 0.0 ], [ -90.561246, 14.600815, 0.0 ], [ -90.56134, 14.600913, 0.0 ], [ -90.561413, 14.600991, 0.0 ], [ -90.561482, 14.601076, 0.0 ], [ -90.561543, 14.601166, 0.0 ], [ -90.561585, 14.601231, 0.0 ], [ -90.561598, 14.601261, 0.0 ], [ -90.561639, 14.601353, 0.0 ], [ -90.561673, 14.601449, 0.0 ], [ -90.561691, 14.601531, 0.0 ], [ -90.561707, 14.601646, 0.0 ], [ -90.561716, 14.601772, 0.0 ], [ -90.561716, 14.601899, 0.0 ], [ -90.561703, 14.602025, 0.0 ], [ -90.561675, 14.602148, 0.0 ], [ -90.561656, 14.60222, 0.0 ], [ -90.561617, 14.602312, 0.0 ], [ -90.561542, 14.602444, 0.0 ], [ -90.561417, 14.602629, 0.0 ], [ -90.561274, 14.602805, 0.0 ], [ -90.56116, 14.602968, 0.0 ], [ -90.561048, 14.603138, 0.0 ], [ -90.560848, 14.603454, 0.0 ], [ -90.560357, 14.604157, 0.0 ], [ -90.55941, 14.605491, 0.0 ], [ -90.558849, 14.606259, 0.0 ], [ -90.5583, 14.607038, 0.0 ], [ -90.55771, 14.607875, 0.0 ], [ -90.55735, 14.608376, 0.0 ], [ -90.55698, 14.608872, 0.0 ], [ -90.556573, 14.609487, 0.0 ], [ -90.556334, 14.609831, 0.0 ], [ -90.556089, 14.610159, 0.0 ], [ -90.555722, 14.610654, 0.0 ], [ -90.555559, 14.610896, 0.0 ], [ -90.555359, 14.611193, 0.0 ], [ -90.555061, 14.61165, 0.0 ], [ -90.554774, 14.612115, 0.0 ], [ -90.554657, 14.612323, 0.0 ], [ -90.554583, 14.612488, 0.0 ], [ -90.554413, 14.61294, 0.0 ], [ -90.554299, 14.613444, 0.0 ], [ -90.554206, 14.61401, 0.0 ], [ -90.55424, 14.614539, 0.0 ], [ -90.554283, 14.61514, 0.0 ], [ -90.554483, 14.615824, 0.0 ], [ -90.554707, 14.616254, 0.0 ], [ -90.554841, 14.616516, 0.0 ], [ -90.554976, 14.616765, 0.0 ], [ -90.555102, 14.617015, 0.0 ], [ -90.555239, 14.617281, 0.0 ], [ -90.556455, 14.619611, 0.0 ], [ -90.557084, 14.62078, 0.0 ], [ -90.557408, 14.621366, 0.0 ], [ -90.557686, 14.621928, 0.0 ], [ -90.55783, 14.622223, 0.0 ], [ -90.558369, 14.623195, 0.0 ], [ -90.558761, 14.62381, 0.0 ], [ -90.559248, 14.624548, 0.0 ], [ -90.559324, 14.6247, 0.0 ], [ -90.559394, 14.624906, 0.0 ], [ -90.559387, 14.625157, 0.0 ], [ -90.55936, 14.625278, 0.0 ], [ -90.559319, 14.625379, 0.0 ], [ -90.559171, 14.625625, 0.0 ], [ -90.55903, 14.625799, 0.0 ], [ -90.558938, 14.625881, 0.0 ], [ -90.55848, 14.626172, 0.0 ], [ -90.55814, 14.626405, 0.0 ], [ -90.557467, 14.626865, 0.0 ], [ -90.557234, 14.627013, 0.0 ], [ -90.557016, 14.627172, 0.0 ], [ -90.556777, 14.627343, 0.0 ], [ -90.556533, 14.627446, 0.0 ], [ -90.556266, 14.627612, 0.0 ], [ -90.556106, 14.627726, 0.0 ], [ -90.555983, 14.627866, 0.0 ], [ -90.555833, 14.628043, 0.0 ], [ -90.555752, 14.628244, 0.0 ], [ -90.555649, 14.628427, 0.0 ], [ -90.55546, 14.628921, 0.0 ], [ -90.55528, 14.629312, 0.0 ], [ -90.554677, 14.630476, 0.0 ], [ -90.55439, 14.631032, 0.0 ], [ -90.554221, 14.631384, 0.0 ], [ -90.554151, 14.631532, 0.0 ], [ -90.55388, 14.632114, 0.0 ], [ -90.553751, 14.63239, 0.0 ], [ -90.553622, 14.632645, 0.0 ], [ -90.553049, 14.633763, 0.0 ], [ -90.55218, 14.635378, 0.0 ], [ -90.55171, 14.636236, 0.0 ], [ -90.551456, 14.636691, 0.0 ], [ -90.551254, 14.637087, 0.0 ], [ -90.55049, 14.638599, 0.0 ], [ -90.55023, 14.638995, 0.0 ], [ -90.550066, 14.639206, 0.0 ], [ -90.549874, 14.639396, 0.0 ], [ -90.549698, 14.63953, 0.0 ], [ -90.549358, 14.639736, 0.0 ], [ -90.548686, 14.640099, 0.0 ], [ -90.547062, 14.640982, 0.0 ], [ -90.546654, 14.6412, 0.0 ], [ -90.546232, 14.641409, 0.0 ], [ -90.545891, 14.641636, 0.0 ], [ -90.545144, 14.642236, 0.0 ], [ -90.544885, 14.64242, 0.0 ], [ -90.544719, 14.642505, 0.0 ], [ -90.544527, 14.642583, 0.0 ], [ -90.544358, 14.642646, 0.0 ], [ -90.544215, 14.642701, 0.0 ], [ -90.544054, 14.642749, 0.0 ], [ -90.543804, 14.64282, 0.0 ], [ -90.543607, 14.642886, 0.0 ], [ -90.543323, 14.642996, 0.0 ], [ -90.541778, 14.643763, 0.0 ], [ -90.54081, 14.644268, 0.0 ], [ -90.540212, 14.644639, 0.0 ], [ -90.539386, 14.645129, 0.0 ], [ -90.53882, 14.645469, 0.0 ], [ -90.538391, 14.645603, 0.0 ], [ -90.537932, 14.645729, 0.0 ], [ -90.537715, 14.64573, 0.0 ], [ -90.537514, 14.64569, 0.0 ], [ -90.536961, 14.645661, 0.0 ], [ -90.535341, 14.645503, 0.0 ], [ -90.534916, 14.645438, 0.0 ], [ -90.534477, 14.645415, 0.0 ], [ -90.534047, 14.645407, 0.0 ], [ -90.533799, 14.645425, 0.0 ], [ -90.533581, 14.645474, 0.0 ], [ -90.533379, 14.64556, 0.0 ], [ -90.533191, 14.645664, 0.0 ], [ -90.533059, 14.645765, 0.0 ], [ -90.532954, 14.645861, 0.0 ], [ -90.532754, 14.646109, 0.0 ], [ -90.532673, 14.646285, 0.0 ], [ -90.532613, 14.646471, 0.0 ], [ -90.532521, 14.646974, 0.0 ], [ -90.532471, 14.647525, 0.0 ], [ -90.532356, 14.647868, 0.0 ], [ -90.532232, 14.648075, 0.0 ], [ -90.532012, 14.648252, 0.0 ], [ -90.531728, 14.64843, 0.0 ], [ -90.531378, 14.648615, 0.0 ], [ -90.531087, 14.648743, 0.0 ], [ -90.530559, 14.648974, 0.0 ], [ -90.530456, 14.649006, 0.0 ], [ -90.530339, 14.649023, 0.0 ], [ -90.530166, 14.649035, 0.0 ], [ -90.529864, 14.649012, 0.0 ], [ -90.529724, 14.648971, 0.0 ], [ -90.529598, 14.648923, 0.0 ], [ -90.529491, 14.648857, 0.0 ], [ -90.529317, 14.648766, 0.0 ], [ -90.529077, 14.648583, 0.0 ], [ -90.528224, 14.647916, 0.0 ], [ -90.527808, 14.647585, 0.0 ], [ -90.527361, 14.647235, 0.0 ], [ -90.526093, 14.646236, 0.0 ], [ -90.525788, 14.646023, 0.0 ], [ -90.52539, 14.645679, 0.0 ], [ -90.525002, 14.645373, 0.0 ], [ -90.524738, 14.64517, 0.0 ], [ -90.52432, 14.644835, 0.0 ], [ -90.523962, 14.644549, 0.0 ], [ -90.523806, 14.6444, 0.0 ], [ -90.523604, 14.644165, 0.0 ], [ -90.523282, 14.643664, 0.0 ], [ -90.522946, 14.643141, 0.0 ], [ -90.52271, 14.642753, 0.0 ], [ -90.522645, 14.642537, 0.0 ], [ -90.52259, 14.642221, 0.0 ], [ -90.522526, 14.641954, 0.0 ], [ -90.522471, 14.641848, 0.0 ], [ -90.522435, 14.64179, 0.0 ], [ -90.522386, 14.641754, 0.0 ], [ -90.522282, 14.641701, 0.0 ], [ -90.522178, 14.641659, 0.0 ], [ -90.521728, 14.641589, 0.0 ], [ -90.519543, 14.641278, 0.0 ], [ -90.517235, 14.640926, 0.0 ], [ -90.512843, 14.640251, 0.0 ], [ -90.510642, 14.639908, 0.0 ], [ -90.509541, 14.639732, 0.0 ], [ -90.508446, 14.639532, 0.0 ], [ -90.508248, 14.640939, 0.0 ], [ -90.508232, 14.641244, 0.0 ], [ -90.508063, 14.64239, 0.0 ], [ -90.507915, 14.643535, 0.0 ] ] } },
{ "type": "Feature", "properties": { "id_linea": "sistema", "capa": "SISTEMA TRANSMETRO - Estaciones", "orden": 11, "nombre": "Línea 1" }, "geometry": { "type": "LineString", "coordinates": [ [ -90.5148792, 14.6277515, 0.0 ], [ -90.5150486, 14.627789, 0.0 ], [ -90.5152033, 14.6278551, 0.0 ], [ -90.5154132, 14.6280101, 0.0 ], [ -90.515731, 14.6283708, 0.0 ], [ -90.5160716, 14.6287303, 0.0 ], [ -90.5162889, 14.6289898, 0.0 ], [ -90.5163868, 14.6291287, 0.0 ], [ -90.5164237, 14.6292098, 0.0 ], [ -90.5164418, 14.6292987, 0.0 ], [ -90.5164659, 14.6295829, 0.0 ], [ -90.5164311, 14.6299086, 0.0 ], [ -90.5163667, 14.6305963, 0.0 ], [ -90.5163131, 14.6309843, 0.0 ], [ -90.5162165, 14.6315488, 0.0 ], [ -90.5160211, 14.6330239, 0.0 ], [ -90.5159167, 14.6337602, 0.0 ], [ -90.5158391, 14.634499, 0.0 ], [ -90.5157085, 14.6354843, 0.0 ], [ -90.5156472, 14.6360029, 0.0 ], [ -90.5155618, 14.6365448, 0.0 ], [ -90.5152952, 14.6385257, 0.0 ], [ -90.5148271, 14.6420826, 0.0 ], [ -90.5145139, 14.6443065, 0.0 ], [ -90.5142947, 14.6459952, 0.0 ], [ -90.5126866, 14.6457325, 0.0 ], [ -90.5111015, 14.6454821, 0.0 ], [ -90.5111494, 14.6450925, 0.0 ], [ -90.5112108, 14.6446562, 0.0 ], [ -90.5113174, 14.6438614, 0.0 ], [ -90.5115307, 14.6422667, 0.0 ], [ -90.5115401, 14.6421759, 0.0 ], [ -90.511469, 14.6421512, 0.0 ], [ -90.5114999, 14.6419449, 0.0 ], [ -90.5115763, 14.6414279, 0.0 ], [ -90.5116432, 14.6409459, 0.0 ], [ -90.5117117, 14.6409498, 0.0 ], [ -90.5117385, 14.6407979, 0.0 ], [ -90.5118491, 14.6400142, 0.0 ], [ -90.5119544, 14.6391994, 0.0 ], [ -90.5120657, 14.6383845, 0.0 ], [ -90.5121784, 14.637628, 0.0 ], [ -90.5122629, 14.6369896, 0.0 ], [ -90.5123554, 14.6363524, 0.0 ], [ -90.5124822, 14.6354519, 0.0 ], [ -90.5125875, 14.6345916, 0.0 ], [ -90.5127075, 14.6337307, 0.0 ], [ -90.5128315, 14.6328788, 0.0 ], [ -90.5130314, 14.6314722, 0.0 ], [ -90.5132582, 14.6302462, 0.0 ], [ -90.513264, 14.6302132, 0.0 ], [ -90.5133041, 14.630052, 0.0 ], [ -90.5133161, 14.6299661, 0.0 ], [ -90.513604, 14.6278609, 0.0 ], [ -90.5136402, 14.6275611, 0.0 ], [ -90.513768, 14.6275731, 0.0 ], [ -90.5138877, 14.6275722, 0.0 ], [ -90.5139457, 14.6275647, 0.0 ], [ -90.5140122, 14.6275377, 0.0 ], [ -90.5141273, 14.627469, 0.0 ], [ -90.5142397, 14.6273782, 0.0 ], [ -90.5142598, 14.6274024, 0.0 ], [ -90.5142692, 14.6274564, 0.0 ], [ -90.5142866, 14.6274955, 0.0 ], [ -90.514304, 14.6275307, 0.0 ], [ -90.5143724, 14.6276128, 0.0 ], [ -90.5144012, 14.6276382, 0.0 ], [ -90.5144408, 14.6276637, 0.0 ], [ -90.5145444, 14.6277032, 0.0 ], [ -90.5146506, 14.6277193, 0.0 ], [ -90.5148792, 14.6277515, 0.0 ] ] } },
{ "type": "Feature", "properties": { "id_linea": "sistema", "capa": "SISTEMA TRANSMETRO - Estaciones", "orden": 63, "nombre": "Línea 7" }, "geometry": { "type": "LineString", "coordinates": [ [ -90.5079153, 14.6435346, 0.0 ], [ -90.5078859, 14.6437722, 0.0 ], [ -90.5082468, 14.6438181, 0.0 ], [ -90.5088008, 14.6438925, 0.0 ], [ -90.509689, 14.6440207, 0.0 ], [ -90.5114867, 14.6442873, 0.0 ], [ -90.5122455, 14.6444076, 0.0 ], [ -90.5127952, 14.6445145, 0.0 ], [ -90.512889, 14.6445226, 0.0 ], [ -90.513318, 14.6445851, 0.0 ], [ -90.5153344, 14.6448984, 0.0 ], [ -90.515563, 14.6431279, 0.0 ], [ -90.515672, 14.6422868, 0.0 ], [ -90.5157756, 14.6415702, 0.0 ], [ -90.5160865, 14.6416124, 0.0 ], [ -90.5164324, 14.6416701, 0.0 ], [ -90.5167963, 14.6417415, 0.0 ], [ -90.5171415, 14.6417973, 0.0 ], [ -90.51849, 14.6420075, 0.0 ], [ -90.5188586, 14.6420627, 0.0 ], [ -90.519238, 14.6421204, 0.0 ], [ -90.5199994, 14.6422372, 0.0 ], [ -90.5213882, 14.642459, 0.0 ], [ -90.5220051, 14.6425525, 0.0 ], [ -90.5222987, 14.6425979, 0.0 ], [ -90.5223651, 14.6426229, 0.0 ], [ -90.5224248, 14.6426531, 0.0 ], [ -90.5225361, 14.6427212, 0.0 ], [ -90.5226642, 14.6428639, 0.0 ], [ -90.5227896, 14.6430455, 0.0 ], [ -90.5235715, 14.6442769, 0.0 ], [ -90.5237385, 14.6444728, 0.0 ], [ -90.5239242, 14.6446532, 0.0 ], [ -90.5241964, 14.6448647, 0.0 ], [ -90.5246886, 14.6452202, 0.0 ], [ -90.5252076, 14.6456251, 0.0 ], [ -90.5255335, 14.6458936, 0.0 ], [ -90.5259345, 14.6462504, 0.0 ], [ -90.5262262, 14.6464904, 0.0 ], [ -90.5265823, 14.6467512, 0.0 ], [ -90.5268504, 14.6469729, 0.0 ], [ -90.5271895, 14.6472543, 0.0 ], [ -90.5274281, 14.6474462, 0.0 ], [ -90.5276827, 14.6476355, 0.0 ], [ -90.5280109, 14.6478818, 0.0 ], [ -90.5284732, 14.64825, 0.0 ], [ -90.5287582, 14.6484822, 0.0 ], [ -90.5290392, 14.6487053, 0.0 ], [ -90.5293134, 14.6489064, 0.0 ], [ -90.5295528, 14.6490323, 0.0 ], [ -90.5297084, 14.6490888, 0.0 ], [ -90.5298854, 14.6491322, 0.0 ], [ -90.5300061, 14.6491549, 0.0 ], [ -90.5301107, 14.6491595, 0.0 ], [ -90.5302971, 14.6491465, 0.0 ], [ -90.530442, 14.6491186, 0.0 ], [ -90.5305722, 14.6490868, 0.0 ], [ -90.5307078, 14.6490479, 0.0 ], [ -90.5308406, 14.6489934, 0.0 ], [ -90.5313077, 14.6487755, 0.0 ], [ -90.5316019, 14.6486301, 0.0 ], [ -90.5318961, 14.6484977, 0.0 ], [ -90.5321393, 14.648342, 0.0 ], [ -90.5323718, 14.6481046, 0.0 ], [ -90.5325072, 14.6478691, 0.0 ], [ -90.5325951, 14.6476009, 0.0 ], [ -90.5326427, 14.6471847, 0.0 ], [ -90.5326615, 14.6469356, 0.0 ], [ -90.5327164, 14.6466281, 0.0 ], [ -90.5327741, 14.6464192, 0.0 ], [ -90.5328961, 14.6461804, 0.0 ], [ -90.5330859, 14.6459501, 0.0 ], [ -90.5332971, 14.6457483, 0.0 ], [ -90.5334118, 14.6456792, 0.0 ], [ -90.533564, 14.645605, 0.0 ], [ -90.5337994, 14.6455281, 0.0 ], [ -90.5340576, 14.6455213, 0.0 ], [ -90.5349165, 14.6456225, 0.0 ], [ -90.5357822, 14.6457211, 0.0 ], [ -90.5359951, 14.6457451, 0.0 ], [ -90.5362348, 14.6457587, 0.0 ], [ -90.5365466, 14.6457574, 0.0 ], [ -90.5371119, 14.6458625, 0.0 ], [ -90.5375953, 14.6459222, 0.0 ], [ -90.5378404, 14.6459212, 0.0 ], [ -90.5380694, 14.6458943, 0.0 ], [ -90.5383507, 14.6458181, 0.0 ], [ -90.5386535, 14.6456847, 0.0 ], [ -90.5397694, 14.6450516, 0.0 ], [ -90.5404982, 14.6446279, 0.0 ], [ -90.5411708, 14.6442691, 0.0 ], [ -90.5423362, 14.6436729, 0.0 ], [ -90.5429216, 14.6433787, 0.0 ], [ -90.5434479, 14.6431299, 0.0 ], [ -90.5436808, 14.6430368, 0.0 ], [ -90.5439566, 14.642932, 0.0 ], [ -90.5443579, 14.6427925, 0.0 ], [ -90.544633, 14.6426988, 0.0 ], [ -90.5448195, 14.6425946, 0.0 ], [ -90.5452262, 14.6423695, 0.0 ], [ -90.5455163, 14.6421214, 0.0 ], [ -90.5458224, 14.6418395, 0.0 ], [ -90.5460157, 14.6416869, 0.0 ], [ -90.5462251, 14.6415472, 0.0 ], [ -90.5464426, 14.6414171, 0.0 ], [ -90.5471055, 14.6410528, 0.0 ], [ -90.5474805, 14.6408545, 0.0 ], [ -90.5478421, 14.6406561, 0.0 ], [ -90.5484412, 14.6403554, 0.0 ], [ -90.5490591, 14.6400339, 0.0 ], [ -90.5496371, 14.6397199, 0.0 ], [ -90.5498805, 14.6395421, 0.0 ], [ -90.5500743, 14.6393708, 0.0 ], [ -90.5502286, 14.6392022, 0.0 ], [ -90.5503667, 14.6390257, 0.0 ], [ -90.5506229, 14.6386001, 0.0 ], [ -90.5513954, 14.6370976, 0.0 ], [ -90.551622, 14.6366651, 0.0 ], [ -90.5517816, 14.6363754, 0.0 ], [ -90.552259, 14.6355054, 0.0 ], [ -90.5524649, 14.6351128, 0.0 ], [ -90.5526667, 14.634719, 0.0 ], [ -90.5531187, 14.6338535, 0.0 ], [ -90.553259, 14.6335984, 0.0 ], [ -90.5533372, 14.6334643, 0.0 ], [ -90.5534128, 14.6333095, 0.0 ], [ -90.55368, 14.6327551, 0.0 ], [ -90.5542171, 14.6317242, 0.0 ], [ -90.5547495, 14.6307016, 0.0 ], [ -90.5549641, 14.6302455, 0.0 ], [ -90.5552752, 14.6296311, 0.0 ], [ -90.5554442, 14.6293047, 0.0 ], [ -90.5554831, 14.6291519, 0.0 ], [ -90.5555407, 14.6290017, 0.0 ], [ -90.555817, 14.6283542, 0.0 ], [ -90.5559551, 14.6280804, 0.0 ], [ -90.5561027, 14.6278806, 0.0 ], [ -90.5562555, 14.6277573, 0.0 ], [ -90.556509, 14.6275938, 0.0 ], [ -90.5567826, 14.6274128, 0.0 ], [ -90.5570897, 14.6272291, 0.0 ], [ -90.5574491, 14.6270144, 0.0 ], [ -90.5576965, 14.6268564, 0.0 ], [ -90.5579171, 14.6267036, 0.0 ], [ -90.5584201, 14.626387, 0.0 ], [ -90.5589579, 14.6259977, 0.0 ], [ -90.5591443, 14.6258478, 0.0 ], [ -90.559277, 14.625672, 0.0 ], [ -90.5594118, 14.6253956, 0.0 ], [ -90.5594772, 14.6252516, 0.0 ], [ -90.559505, 14.6250946, 0.0 ], [ -90.5595164, 14.6249538, 0.0 ], [ -90.559458, 14.6247273, 0.0 ], [ -90.5593333, 14.6244549, 0.0 ], [ -90.5585273, 14.6231572, 0.0 ], [ -90.5577281, 14.6216727, 0.0 ], [ -90.5574461, 14.6211158, 0.0 ], [ -90.5571507, 14.6205615, 0.0 ], [ -90.5565519, 14.6194556, 0.0 ], [ -90.555357, 14.6171502, 0.0 ], [ -90.5550324, 14.6165714, 0.0 ], [ -90.5547896, 14.6161367, 0.0 ], [ -90.5545831, 14.6155475, 0.0 ], [ -90.5544061, 14.6149726, 0.0 ], [ -90.5543659, 14.6148591, 0.0 ], [ -90.5543525, 14.614788, 0.0 ], [ -90.5543525, 14.614717, 0.0 ], [ -90.5543418, 14.6144406, 0.0 ], [ -90.5543337, 14.6140331, 0.0 ], [ -90.5544987, 14.6132207, 0.0 ], [ -90.5546314, 14.612738, 0.0 ], [ -90.5547789, 14.6123915, 0.0 ], [ -90.5551678, 14.6117212, 0.0 ], [ -90.5555822, 14.6110987, 0.0 ], [ -90.5558954, 14.6106816, 0.0 ], [ -90.5561388, 14.610332, 0.0 ], [ -90.5569381, 14.6091822, 0.0 ], [ -90.5577482, 14.6080895, 0.0 ], [ -90.5580385, 14.6076897, 0.0 ], [ -90.5582858, 14.6073081, 0.0 ], [ -90.5587296, 14.6066746, 0.0 ], [ -90.5595554, 14.6055011, 0.0 ], [ -90.5602926, 14.6044276, 0.0 ], [ -90.5608329, 14.6036961, 0.0 ], [ -90.5610326, 14.6034033, 0.0 ], [ -90.561514, 14.6027168, 0.0 ], [ -90.5616307, 14.602513, 0.0 ], [ -90.5617292, 14.6022898, 0.0 ], [ -90.5617601, 14.6022019, 0.0 ], [ -90.5617869, 14.6020698, 0.0 ], [ -90.5618063, 14.601842, 0.0 ], [ -90.5618066, 14.6017515, 0.0 ], [ -90.5617983, 14.601661, 0.0 ], [ -90.5617879, 14.6015701, 0.0 ], [ -90.5617688, 14.6014812, 0.0 ], [ -90.5617485, 14.6013983, 0.0 ], [ -90.5617188, 14.6013206, 0.0 ], [ -90.5616514, 14.6011652, 0.0 ], [ -90.5615301, 14.6009845, 0.0 ], [ -90.5614611, 14.600901, 0.0 ], [ -90.561388, 14.60082, 0.0 ], [ -90.5613313, 14.6007652, 0.0 ], [ -90.5611955, 14.600661, 0.0 ], [ -90.56105, 14.6005721, 0.0 ], [ -90.5600784, 14.5999713, 0.0 ], [ -90.5595771, 14.5996802, 0.0 ], [ -90.5593446, 14.5995451, 0.0 ], [ -90.5590987, 14.5993866, 0.0 ], [ -90.5587596, 14.5991738, 0.0 ], [ -90.5584191, 14.5989726, 0.0 ], [ -90.5577368, 14.5985651, 0.0 ], [ -90.5569459, 14.5980868, 0.0 ], [ -90.5563929, 14.5977371, 0.0 ], [ -90.5558763, 14.5974217, 0.0 ], [ -90.555353, 14.5971128, 0.0 ], [ -90.5552323, 14.5970382, 0.0 ], [ -90.5551156, 14.5969494, 0.0 ], [ -90.5548581, 14.5967508, 0.0 ], [ -90.554445, 14.5964393, 0.0 ], [ -90.5541506, 14.5962213, 0.0 ], [ -90.5541116, 14.596193, 0.0 ], [ -90.5540645, 14.596144, 0.0 ], [ -90.5539408, 14.5960045, 0.0 ], [ -90.553803, 14.5958592, 0.0 ], [ -90.5537114, 14.5957774, 0.0 ], [ -90.5531908, 14.5953627, 0.0 ], [ -90.5528505, 14.5950208, 0.0 ], [ -90.5525521, 14.5947326, 0.0 ], [ -90.5523264, 14.594512, 0.0 ], [ -90.552247, 14.5944458, 0.0 ], [ -90.552028, 14.5942719, 0.0 ], [ -90.5518809, 14.5941957, 0.0 ], [ -90.5517434, 14.5941111, 0.0 ], [ -90.5516089, 14.5940104, 0.0 ], [ -90.5515319, 14.5939487, 0.0 ], [ -90.5514042, 14.5938328, 0.0 ], [ -90.5511956, 14.5936398, 0.0 ], [ -90.5509193, 14.5934023, 0.0 ], [ -90.5506699, 14.5932206, 0.0 ], [ -90.5505384, 14.5931431, 0.0 ], [ -90.5504331, 14.5931106, 0.0 ], [ -90.5502929, 14.5931015, 0.0 ], [ -90.5502652, 14.5931068, 0.0 ], [ -90.550199, 14.5931812, 0.0 ], [ -90.5502166, 14.5931908, 0.0 ], [ -90.5503154, 14.5931942, 0.0 ], [ -90.5503982, 14.5932235, 0.0 ], [ -90.5507436, 14.5934698, 0.0 ], [ -90.5511204, 14.5937274, 0.0 ], [ -90.5512375, 14.5938229, 0.0 ], [ -90.5513532, 14.5939164, 0.0 ], [ -90.5515834, 14.5941002, 0.0 ], [ -90.5518042, 14.5942487, 0.0 ], [ -90.5520217, 14.5944004, 0.0 ], [ -90.552225, 14.5945701, 0.0 ], [ -90.5524243, 14.594745, 0.0 ], [ -90.5528189, 14.5951012, 0.0 ], [ -90.5529557, 14.5952182, 0.0 ], [ -90.5530858, 14.5953429, 0.0 ], [ -90.5532212, 14.5954631, 0.0 ], [ -90.5532869, 14.5955291, 0.0 ], [ -90.5533533, 14.5955924, 0.0 ], [ -90.5538589, 14.5960998, 0.0 ], [ -90.5539874, 14.5962147, 0.0 ], [ -90.5541287, 14.5963276, 0.0 ], [ -90.5542766, 14.5964367, 0.0 ], [ -90.5544192, 14.5965477, 0.0 ], [ -90.5551182, 14.5970661, 0.0 ], [ -90.5558042, 14.5974697, 0.0 ], [ -90.5565901, 14.5979597, 0.0 ], [ -90.5570461, 14.5982419, 0.0 ], [ -90.5572378, 14.5983623, 0.0 ], [ -90.557494, 14.5985294, 0.0 ], [ -90.5579356, 14.5988243, 0.0 ], [ -90.5581637, 14.5989757, 0.0 ], [ -90.5582798, 14.5990436, 0.0 ], [ -90.5583932, 14.5991108, 0.0 ], [ -90.5593494, 14.599687, 0.0 ], [ -90.5597578, 14.5998852, 0.0 ], [ -90.5602266, 14.60016, 0.0 ], [ -90.5608091, 14.6004969, 0.0 ], [ -90.5611116, 14.6007156, 0.0 ], [ -90.5612464, 14.6008148, 0.0 ], [ -90.5613396, 14.6009128, 0.0 ], [ -90.561413, 14.6009913, 0.0 ], [ -90.5614824, 14.6010763, 0.0 ], [ -90.5615428, 14.6011657, 0.0 ], [ -90.5615847, 14.6012308, 0.0 ], [ -90.5615985, 14.6012612, 0.0 ], [ -90.5616394, 14.6013534, 0.0 ], [ -90.5616729, 14.6014494, 0.0 ], [ -90.5616913, 14.6015308, 0.0 ], [ -90.5617067, 14.6016463, 0.0 ], [ -90.5617164, 14.6017725, 0.0 ], [ -90.5617165, 14.6018991, 0.0 ], [ -90.5617031, 14.602025, 0.0 ], [ -90.5616749, 14.6021483, 0.0 ], [ -90.5616565, 14.6022203, 0.0 ], [ -90.5616166, 14.6023118, 0.0 ], [ -90.5615422, 14.6024445, 0.0 ], [ -90.5614168, 14.6026286, 0.0 ], [ -90.5612739, 14.6028049, 0.0 ], [ -90.5611595, 14.6029682, 0.0 ], [ -90.5610477, 14.603138, 0.0 ], [ -90.5608476, 14.6034543, 0.0 ], [ -90.560357, 14.6041569, 0.0 ], [ -90.5594105, 14.6054908, 0.0 ], [ -90.5588489, 14.606259, 0.0 ], [ -90.5583001, 14.6070383, 0.0 ], [ -90.5577103, 14.6078754, 0.0 ], [ -90.5573504, 14.6083763, 0.0 ], [ -90.5569797, 14.608872, 0.0 ], [ -90.5565734, 14.6094872, 0.0 ], [ -90.556334, 14.6098311, 0.0 ], [ -90.5560893, 14.6101594, 0.0 ], [ -90.5557221, 14.6106542, 0.0 ], [ -90.5555587, 14.6108964, 0.0 ], [ -90.555359, 14.6111931, 0.0 ], [ -90.5550609, 14.6116502, 0.0 ], [ -90.5547736, 14.6121151, 0.0 ], [ -90.5546569, 14.6123234, 0.0 ], [ -90.5545832, 14.6124876, 0.0 ], [ -90.5544129, 14.6129405, 0.0 ], [ -90.5542989, 14.613444, 0.0 ], [ -90.5542064, 14.6140098, 0.0 ], [ -90.5542398, 14.6145393, 0.0 ], [ -90.5542827, 14.61514, 0.0 ], [ -90.5544826, 14.6158239, 0.0 ], [ -90.5547066, 14.6162535, 0.0 ], [ -90.5548406, 14.6165157, 0.0 ], [ -90.5549761, 14.6167648, 0.0 ], [ -90.5551021, 14.6170153, 0.0 ], [ -90.5552389, 14.6172813, 0.0 ], [ -90.5564547, 14.6196113, 0.0 ], [ -90.557084, 14.6207802, 0.0 ], [ -90.557408, 14.6213659, 0.0 ], [ -90.5576865, 14.6219283, 0.0 ], [ -90.55783, 14.6222228, 0.0 ], [ -90.5583691, 14.6231947, 0.0 ], [ -90.5587607, 14.6238099, 0.0 ], [ -90.5592475, 14.6245483, 0.0 ], [ -90.5593239, 14.6247001, 0.0 ], [ -90.5593937, 14.6249064, 0.0 ], [ -90.5593869, 14.6251568, 0.0 ], [ -90.5593595, 14.6252782, 0.0 ], [ -90.5593186, 14.6253787, 0.0 ], [ -90.5591711, 14.6256253, 0.0 ], [ -90.5590296, 14.6257992, 0.0 ], [ -90.5589378, 14.6258809, 0.0 ], [ -90.5584804, 14.6261715, 0.0 ], [ -90.5581398, 14.6264051, 0.0 ], [ -90.5574666, 14.6268646, 0.0 ], [ -90.5572345, 14.6270132, 0.0 ], [ -90.5570159, 14.6271721, 0.0 ], [ -90.5567772, 14.6273434, 0.0 ], [ -90.5565332, 14.6274459, 0.0 ], [ -90.5562663, 14.627612, 0.0 ], [ -90.556106, 14.6277262, 0.0 ], [ -90.5559833, 14.6278663, 0.0 ], [ -90.5558331, 14.6280428, 0.0 ], [ -90.555752, 14.6282439, 0.0 ], [ -90.5556494, 14.6284269, 0.0 ], [ -90.5554596, 14.6289213, 0.0 ], [ -90.5552805, 14.6293119, 0.0 ], [ -90.554677, 14.6304765, 0.0 ], [ -90.55439, 14.6310315, 0.0 ], [ -90.554221, 14.6313843, 0.0 ], [ -90.5541513, 14.6315321, 0.0 ], [ -90.5538797, 14.6321144, 0.0 ], [ -90.5537507, 14.63239, 0.0 ], [ -90.5536216, 14.6326448, 0.0 ], [ -90.5530489, 14.6337627, 0.0 ], [ -90.5521798, 14.6353783, 0.0 ], [ -90.5517105, 14.6362359, 0.0 ], [ -90.5514557, 14.6366914, 0.0 ], [ -90.5512545, 14.6370871, 0.0 ], [ -90.5504901, 14.6385989, 0.0 ], [ -90.5502299, 14.6389952, 0.0 ], [ -90.5500656, 14.6392058, 0.0 ], [ -90.5498745, 14.6393955, 0.0 ], [ -90.5496975, 14.6395298, 0.0 ], [ -90.5493582, 14.6397355, 0.0 ], [ -90.5486863, 14.6400988, 0.0 ], [ -90.5470622, 14.6409824, 0.0 ], [ -90.5466538, 14.6411997, 0.0 ], [ -90.5462321, 14.6414093, 0.0 ], [ -90.5458914, 14.6416364, 0.0 ], [ -90.5451444, 14.6422358, 0.0 ], [ -90.5448853, 14.6424197, 0.0 ], [ -90.5447187, 14.642505, 0.0 ], [ -90.5445272, 14.6425832, 0.0 ], [ -90.5443585, 14.6426458, 0.0 ], [ -90.5442149, 14.6427012, 0.0 ], [ -90.5440538, 14.6427487, 0.0 ], [ -90.543804, 14.6428204, 0.0 ], [ -90.5436066, 14.6428863, 0.0 ], [ -90.5433233, 14.6429963, 0.0 ], [ -90.5417783, 14.6437631, 0.0 ], [ -90.54081, 14.6442685, 0.0 ], [ -90.5402119, 14.6446389, 0.0 ], [ -90.5393858, 14.6451294, 0.0 ], [ -90.5388198, 14.6454693, 0.0 ], [ -90.5383907, 14.645603, 0.0 ], [ -90.537932, 14.6457288, 0.0 ], [ -90.5377147, 14.6457301, 0.0 ], [ -90.5375135, 14.6456899, 0.0 ], [ -90.536961, 14.6456614, 0.0 ], [ -90.535341, 14.645503, 0.0 ], [ -90.5349159, 14.6454381, 0.0 ], [ -90.5344773, 14.6454148, 0.0 ], [ -90.5340468, 14.645407, 0.0 ], [ -90.5337987, 14.6454252, 0.0 ], [ -90.5335808, 14.6454745, 0.0 ], [ -90.533379, 14.6455602, 0.0 ], [ -90.5331906, 14.645664, 0.0 ], [ -90.5330588, 14.6457652, 0.0 ], [ -90.5329539, 14.6458613, 0.0 ], [ -90.532754, 14.6461091, 0.0 ], [ -90.5326729, 14.6462849, 0.0 ], [ -90.5326132, 14.6464711, 0.0 ], [ -90.5325206, 14.6469745, 0.0 ], [ -90.532471, 14.6475246, 0.0 ], [ -90.5323557, 14.6478684, 0.0 ], [ -90.5322324, 14.6480747, 0.0 ], [ -90.5320124, 14.6482525, 0.0 ], [ -90.5317281, 14.6484303, 0.0 ], [ -90.531378, 14.6486152, 0.0 ], [ -90.531087, 14.648743, 0.0 ], [ -90.5305586, 14.6489739, 0.0 ], [ -90.5304556, 14.6490064, 0.0 ], [ -90.5303393, 14.6490232, 0.0 ], [ -90.5301656, 14.6490349, 0.0 ], [ -90.529864, 14.6490115, 0.0 ], [ -90.5297245, 14.6489706, 0.0 ], [ -90.5295984, 14.6489229, 0.0 ], [ -90.5294911, 14.6488571, 0.0 ], [ -90.5293168, 14.6487657, 0.0 ], [ -90.5290767, 14.6485834, 0.0 ], [ -90.5282244, 14.6479164, 0.0 ], [ -90.5278076, 14.6475849, 0.0 ], [ -90.5273614, 14.6472352, 0.0 ], [ -90.5260927, 14.6462362, 0.0 ], [ -90.5257882, 14.6460231, 0.0 ], [ -90.5253899, 14.6456789, 0.0 ], [ -90.5250024, 14.645373, 0.0 ], [ -90.5247382, 14.6451696, 0.0 ], [ -90.5243198, 14.6448348, 0.0 ], [ -90.5239617, 14.6445494, 0.0 ], [ -90.5238055, 14.6443999, 0.0 ], [ -90.5236037, 14.6441647, 0.0 ], [ -90.5232818, 14.6436645, 0.0 ], [ -90.5229465, 14.6431409, 0.0 ], [ -90.5227098, 14.6427531, 0.0 ], [ -90.5226448, 14.6425366, 0.0 ], [ -90.5225895, 14.6422207, 0.0 ], [ -90.5225261, 14.6419541, 0.0 ], [ -90.522471, 14.6418476, 0.0 ], [ -90.5224354, 14.6417904, 0.0 ], [ -90.5223864, 14.641754, 0.0 ], [ -90.5222817, 14.6417007, 0.0 ], [ -90.5221784, 14.641659, 0.0 ], [ -90.5217276, 14.6415887, 0.0 ], [ -90.5195429, 14.6412779, 0.0 ], [ -90.5172348, 14.6409255, 0.0 ], [ -90.512843, 14.6402508, 0.0 ], [ -90.5106417, 14.6399082, 0.0 ], [ -90.5095411, 14.6397317, 0.0 ], [ -90.5084458, 14.6395325, 0.0 ], [ -90.5082476, 14.6409393, 0.0 ], [ -90.5082323, 14.6412435, 0.0 ], [ -90.5080631, 14.6423904, 0.0 ], [ -90.5079153, 14.6435346, 0.0 ] ] } },
{ "type": "Feature", "properties": { "id_linea": "sistema", "capa": "SISTEMA TUBUS - Paradas Ruta 104", "orden": 63, "nombre": "RUTA 104" }, "geometry": { "type": "LineString", "coordinates": [ [ -90.509964, 14.62838, 0.0 ], [ -90.509964, 14.628378, 0.0 ], [ -90.509965, 14.628377, 0.0 ], [ -90.509965, 14.628375, 0.0 ], [ -90.509965, 14.628374, 0.0 ], [ -90.509966, 14.628372, 0.0 ], [ -90.509966, 14.628371, 0.0 ], [ -90.509967, 14.628369, 0.0 ], [ -90.509968, 14.628368, 0.0 ], [ -90.509968, 14.628367, 0.0 ], [ -90.509969, 14.628365, 0.0 ], [ -90.50997, 14.628364, 0.0 ], [ -90.509971, 14.628362, 0.0 ], [ -90.509971, 14.628361, 0.0 ], [ -90.509972, 14.62836, 0.0 ], [ -90.509973, 14.628359, 0.0 ], [ -90.509974, 14.628357, 0.0 ], [ -90.509975, 14.628356, 0.0 ], [ -90.509976, 14.628355, 0.0 ], [ -90.509978, 14.628354, 0.0 ], [ -90.509979, 14.628353, 0.0 ], [ -90.50998, 14.628352, 0.0 ], [ -90.509981, 14.628351, 0.0 ], [ -90.509983, 14.62835, 0.0 ], [ -90.509984, 14.628349, 0.0 ], [ -90.509985, 14.628348, 0.0 ], [ -90.509987, 14.628347, 0.0 ], [ -90.509988, 14.628347, 0.0 ], [ -90.509989, 14.628346, 0.0 ], [ -90.509991, 14.628345, 0.0 ], [ -90.509992, 14.628345, 0.0 ], [ -90.509994, 14.628344, 0.0 ], [ -90.509995, 14.628343, 0.0 ], [ -90.509997, 14.628343, 0.0 ], [ -90.509999, 14.628343, 0.0 ], [ -90.51, 14.628342, 0.0 ], [ -90.510002, 14.628342, 0.0 ], [ -90.510003, 14.628342, 0.0 ], [ -90.510005, 14.628341, 0.0 ], [ -90.510006, 14.628341, 0.0 ], [ -90.510008, 14.628341, 0.0 ], [ -90.51001, 14.628341, 0.0 ], [ -90.510011, 14.628341, 0.0 ], [ -90.510013, 14.628341, 0.0 ], [ -90.510015, 14.628341, 0.0 ], [ -90.510016, 14.628342, 0.0 ], [ -90.510987, 14.62847, 0.0 ], [ -90.510993, 14.628471, 0.0 ], [ -90.511, 14.628471, 0.0 ], [ -90.511006, 14.628472, 0.0 ], [ -90.511013, 14.628472, 0.0 ], [ -90.511019, 14.628472, 0.0 ], [ -90.511025, 14.628471, 0.0 ], [ -90.511032, 14.628471, 0.0 ], [ -90.511038, 14.62847, 0.0 ], [ -90.511045, 14.628469, 0.0 ], [ -90.511051, 14.628468, 0.0 ], [ -90.511057, 14.628466, 0.0 ], [ -90.511064, 14.628465, 0.0 ], [ -90.51107, 14.628463, 0.0 ], [ -90.511076, 14.628461, 0.0 ], [ -90.511082, 14.628458, 0.0 ], [ -90.511088, 14.628456, 0.0 ], [ -90.511094, 14.628453, 0.0 ], [ -90.5111, 14.62845, 0.0 ], [ -90.511105, 14.628447, 0.0 ], [ -90.511111, 14.628444, 0.0 ], [ -90.511116, 14.62844, 0.0 ], [ -90.511122, 14.628437, 0.0 ], [ -90.511127, 14.628433, 0.0 ], [ -90.511132, 14.628429, 0.0 ], [ -90.511137, 14.628425, 0.0 ], [ -90.511141, 14.62842, 0.0 ], [ -90.511146, 14.628416, 0.0 ], [ -90.51115, 14.628411, 0.0 ], [ -90.511155, 14.628406, 0.0 ], [ -90.511159, 14.628401, 0.0 ], [ -90.511162, 14.628396, 0.0 ], [ -90.511166, 14.628391, 0.0 ], [ -90.51117, 14.628386, 0.0 ], [ -90.511173, 14.62838, 0.0 ], [ -90.511176, 14.628375, 0.0 ], [ -90.511179, 14.628369, 0.0 ], [ -90.511182, 14.628364, 0.0 ], [ -90.511184, 14.628358, 0.0 ], [ -90.511186, 14.628352, 0.0 ], [ -90.511189, 14.628346, 0.0 ], [ -90.51119, 14.62834, 0.0 ], [ -90.511192, 14.628334, 0.0 ], [ -90.511193, 14.628327, 0.0 ], [ -90.511195, 14.628321, 0.0 ], [ -90.511196, 14.628315, 0.0 ], [ -90.511196, 14.628309, 0.0 ], [ -90.511197, 14.628302, 0.0 ], [ -90.511197, 14.628296, 0.0 ], [ -90.511197, 14.62829, 0.0 ], [ -90.511197, 14.628284, 0.0 ], [ -90.511148, 14.627147, 0.0 ], [ -90.511141, 14.627099, 0.0 ], [ -90.511135, 14.627051, 0.0 ], [ -90.511132, 14.627003, 0.0 ], [ -90.51113, 14.626955, 0.0 ], [ -90.511129, 14.626907, 0.0 ], [ -90.511131, 14.626859, 0.0 ], [ -90.511134, 14.626811, 0.0 ], [ -90.511139, 14.626763, 0.0 ], [ -90.511145, 14.626715, 0.0 ], [ -90.511153, 14.626667, 0.0 ], [ -90.511398, 14.625358, 0.0 ], [ -90.511406, 14.625299, 0.0 ], [ -90.511412, 14.62524, 0.0 ], [ -90.511416, 14.625181, 0.0 ], [ -90.511418, 14.625122, 0.0 ], [ -90.511419, 14.625063, 0.0 ], [ -90.511419, 14.625059, 0.0 ], [ -90.511419, 14.625055, 0.0 ], [ -90.511418, 14.625051, 0.0 ], [ -90.511418, 14.625047, 0.0 ], [ -90.511417, 14.625043, 0.0 ], [ -90.511416, 14.625039, 0.0 ], [ -90.511415, 14.625035, 0.0 ], [ -90.511414, 14.625031, 0.0 ], [ -90.511413, 14.625027, 0.0 ], [ -90.511412, 14.625023, 0.0 ], [ -90.51141, 14.62502, 0.0 ], [ -90.511409, 14.625016, 0.0 ], [ -90.511407, 14.625012, 0.0 ], [ -90.511405, 14.625008, 0.0 ], [ -90.511403, 14.625005, 0.0 ], [ -90.511401, 14.625001, 0.0 ], [ -90.511398, 14.624998, 0.0 ], [ -90.511394, 14.624991, 0.0 ], [ -90.51139, 14.624984, 0.0 ], [ -90.511386, 14.624977, 0.0 ], [ -90.511382, 14.62497, 0.0 ], [ -90.511379, 14.624963, 0.0 ], [ -90.511375, 14.624955, 0.0 ], [ -90.511372, 14.624948, 0.0 ], [ -90.51137, 14.62494, 0.0 ], [ -90.511367, 14.624933, 0.0 ], [ -90.511365, 14.624925, 0.0 ], [ -90.511363, 14.624917, 0.0 ], [ -90.511362, 14.624909, 0.0 ], [ -90.51136, 14.624901, 0.0 ], [ -90.511359, 14.624893, 0.0 ], [ -90.511359, 14.624885, 0.0 ], [ -90.511358, 14.624877, 0.0 ], [ -90.511358, 14.624869, 0.0 ], [ -90.511358, 14.624861, 0.0 ], [ -90.511358, 14.624853, 0.0 ], [ -90.511359, 14.624845, 0.0 ], [ -90.51136, 14.624837, 0.0 ], [ -90.511361, 14.62483, 0.0 ], [ -90.511363, 14.624822, 0.0 ], [ -90.511365, 14.624814, 0.0 ], [ -90.511367, 14.624806, 0.0 ], [ -90.511369, 14.624798, 0.0 ], [ -90.511371, 14.624791, 0.0 ], [ -90.511374, 14.624783, 0.0 ], [ -90.511377, 14.624776, 0.0 ], [ -90.511381, 14.624768, 0.0 ], [ -90.511384, 14.624761, 0.0 ], [ -90.511388, 14.624754, 0.0 ], [ -90.511392, 14.624747, 0.0 ], [ -90.511397, 14.62474, 0.0 ], [ -90.511401, 14.624734, 0.0 ], [ -90.511406, 14.624727, 0.0 ], [ -90.511411, 14.624721, 0.0 ], [ -90.511417, 14.624715, 0.0 ], [ -90.511422, 14.624709, 0.0 ], [ -90.511428, 14.624703, 0.0 ], [ -90.511434, 14.624698, 0.0 ], [ -90.51144, 14.624692, 0.0 ], [ -90.511447, 14.624686, 0.0 ], [ -90.511455, 14.624679, 0.0 ], [ -90.511462, 14.624672, 0.0 ], [ -90.511468, 14.624664, 0.0 ], [ -90.511475, 14.624657, 0.0 ], [ -90.511481, 14.624649, 0.0 ], [ -90.511487, 14.624641, 0.0 ], [ -90.511493, 14.624633, 0.0 ], [ -90.511498, 14.624625, 0.0 ], [ -90.511503, 14.624616, 0.0 ], [ -90.511508, 14.624608, 0.0 ], [ -90.511513, 14.624599, 0.0 ], [ -90.511517, 14.62459, 0.0 ], [ -90.511521, 14.624581, 0.0 ], [ -90.511524, 14.624571, 0.0 ], [ -90.511528, 14.624562, 0.0 ], [ -90.51153, 14.624553, 0.0 ], [ -90.511533, 14.624543, 0.0 ], [ -90.511535, 14.624534, 0.0 ], [ -90.511594, 14.624266, 0.0 ], [ -90.511698, 14.623664, 0.0 ], [ -90.511863, 14.622673, 0.0 ], [ -90.512035, 14.621843, 0.0 ], [ -90.512209, 14.621135, 0.0 ], [ -90.512212, 14.621121, 0.0 ], [ -90.512215, 14.621107, 0.0 ], [ -90.512217, 14.621092, 0.0 ], [ -90.512219, 14.621077, 0.0 ], [ -90.51222, 14.621063, 0.0 ], [ -90.512221, 14.621048, 0.0 ], [ -90.512222, 14.621033, 0.0 ], [ -90.512221, 14.621019, 0.0 ], [ -90.512221, 14.621004, 0.0 ], [ -90.51222, 14.620989, 0.0 ], [ -90.512218, 14.620975, 0.0 ], [ -90.512216, 14.62096, 0.0 ], [ -90.512109, 14.620296, 0.0 ], [ -90.51196, 14.619444, 0.0 ], [ -90.511957, 14.619429, 0.0 ], [ -90.511954, 14.619413, 0.0 ], [ -90.51195, 14.619398, 0.0 ], [ -90.511945, 14.619383, 0.0 ], [ -90.51194, 14.619368, 0.0 ], [ -90.511934, 14.619353, 0.0 ], [ -90.511928, 14.619339, 0.0 ], [ -90.511922, 14.619325, 0.0 ], [ -90.511321, 14.618102, 0.0 ], [ -90.511314, 14.618088, 0.0 ], [ -90.511308, 14.618074, 0.0 ], [ -90.511303, 14.61806, 0.0 ], [ -90.511298, 14.618045, 0.0 ], [ -90.511293, 14.618031, 0.0 ], [ -90.511289, 14.618016, 0.0 ], [ -90.511285, 14.618001, 0.0 ], [ -90.511282, 14.617987, 0.0 ], [ -90.51128, 14.617972, 0.0 ], [ -90.511278, 14.617957, 0.0 ], [ -90.511277, 14.617941, 0.0 ], [ -90.511276, 14.617926, 0.0 ], [ -90.511275, 14.617911, 0.0 ], [ -90.511275, 14.617896, 0.0 ], [ -90.511276, 14.617881, 0.0 ], [ -90.511277, 14.617866, 0.0 ], [ -90.511279, 14.617851, 0.0 ], [ -90.511281, 14.617836, 0.0 ], [ -90.511284, 14.617821, 0.0 ], [ -90.511407, 14.617201, 0.0 ], [ -90.511577, 14.616249, 0.0 ], [ -90.511609, 14.616071, 0.0 ], [ -90.51179, 14.615071, 0.0 ], [ -90.511823, 14.614876, 0.0 ], [ -90.512008, 14.613858, 0.0 ], [ -90.512038, 14.61368, 0.0 ], [ -90.512282, 14.612352, 0.0 ], [ -90.512317, 14.612146, 0.0 ], [ -90.512419, 14.611462, 0.0 ], [ -90.512435, 14.611307, 0.0 ], [ -90.51253, 14.610609, 0.0 ], [ -90.512555, 14.610445, 0.0 ], [ -90.512635, 14.609913, 0.0 ], [ -90.512664, 14.609671, 0.0 ], [ -90.512904, 14.608043, 0.0 ], [ -90.512923, 14.607831, 0.0 ], [ -90.513024, 14.60719, 0.0 ], [ -90.513049, 14.607041, 0.0 ], [ -90.513099, 14.606725, 0.0 ], [ -90.513126, 14.606562, 0.0 ], [ -90.513154, 14.60638, 0.0 ], [ -90.513191, 14.606124, 0.0 ], [ -90.513191, 14.606121, 0.0 ], [ -90.513192, 14.606118, 0.0 ], [ -90.513193, 14.606115, 0.0 ], [ -90.513194, 14.606112, 0.0 ], [ -90.513195, 14.606109, 0.0 ], [ -90.513196, 14.606106, 0.0 ], [ -90.513197, 14.606103, 0.0 ], [ -90.513198, 14.6061, 0.0 ], [ -90.513199, 14.606097, 0.0 ], [ -90.513201, 14.606094, 0.0 ], [ -90.513202, 14.606092, 0.0 ], [ -90.513204, 14.606089, 0.0 ], [ -90.513206, 14.606086, 0.0 ], [ -90.513208, 14.606084, 0.0 ], [ -90.51321, 14.606081, 0.0 ], [ -90.513212, 14.606079, 0.0 ], [ -90.513214, 14.606076, 0.0 ], [ -90.513216, 14.606074, 0.0 ], [ -90.513218, 14.606072, 0.0 ], [ -90.513221, 14.60607, 0.0 ], [ -90.513223, 14.606068, 0.0 ], [ -90.513226, 14.606066, 0.0 ], [ -90.513228, 14.606064, 0.0 ], [ -90.513231, 14.606062, 0.0 ], [ -90.513234, 14.60606, 0.0 ], [ -90.513236, 14.606059, 0.0 ], [ -90.513239, 14.606057, 0.0 ], [ -90.513242, 14.606056, 0.0 ], [ -90.513245, 14.606054, 0.0 ], [ -90.513248, 14.606053, 0.0 ], [ -90.513251, 14.606052, 0.0 ], [ -90.513254, 14.606051, 0.0 ], [ -90.513257, 14.60605, 0.0 ], [ -90.51326, 14.606049, 0.0 ], [ -90.513263, 14.606049, 0.0 ], [ -90.513267, 14.606048, 0.0 ], [ -90.51327, 14.606047, 0.0 ], [ -90.513273, 14.606047, 0.0 ], [ -90.513276, 14.606047, 0.0 ], [ -90.513279, 14.606047, 0.0 ], [ -90.513283, 14.606047, 0.0 ], [ -90.513286, 14.606047, 0.0 ], [ -90.513289, 14.606047, 0.0 ], [ -90.513292, 14.606047, 0.0 ], [ -90.513364, 14.606054, 0.0 ], [ -90.513368, 14.606055, 0.0 ], [ -90.513371, 14.606055, 0.0 ], [ -90.513374, 14.606055, 0.0 ], [ -90.513377, 14.606055, 0.0 ], [ -90.51338, 14.606055, 0.0 ], [ -90.513384, 14.606054, 0.0 ], [ -90.513387, 14.606054, 0.0 ], [ -90.51339, 14.606053, 0.0 ], [ -90.513393, 14.606053, 0.0 ], [ -90.513396, 14.606052, 0.0 ], [ -90.513399, 14.606051, 0.0 ], [ -90.513402, 14.60605, 0.0 ], [ -90.513405, 14.606049, 0.0 ], [ -90.513408, 14.606048, 0.0 ], [ -90.513411, 14.606047, 0.0 ], [ -90.513414, 14.606046, 0.0 ], [ -90.513417, 14.606044, 0.0 ], [ -90.51342, 14.606043, 0.0 ], [ -90.513423, 14.606041, 0.0 ], [ -90.513425, 14.60604, 0.0 ], [ -90.513428, 14.606038, 0.0 ], [ -90.513431, 14.606036, 0.0 ], [ -90.513433, 14.606034, 0.0 ], [ -90.513436, 14.606032, 0.0 ], [ -90.513438, 14.60603, 0.0 ], [ -90.51344, 14.606028, 0.0 ], [ -90.513443, 14.606025, 0.0 ], [ -90.513445, 14.606023, 0.0 ], [ -90.513447, 14.606021, 0.0 ], [ -90.513449, 14.606018, 0.0 ], [ -90.51345, 14.606015, 0.0 ], [ -90.513452, 14.606013, 0.0 ], [ -90.513454, 14.60601, 0.0 ], [ -90.513456, 14.606007, 0.0 ], [ -90.513457, 14.606005, 0.0 ], [ -90.513458, 14.606002, 0.0 ], [ -90.51346, 14.605999, 0.0 ], [ -90.513461, 14.605996, 0.0 ], [ -90.513462, 14.605993, 0.0 ], [ -90.513463, 14.60599, 0.0 ], [ -90.513464, 14.605987, 0.0 ], [ -90.513464, 14.605984, 0.0 ], [ -90.513465, 14.605981, 0.0 ], [ -90.513466, 14.605978, 0.0 ], [ -90.513504, 14.60573, 0.0 ], [ -90.513505, 14.605724, 0.0 ], [ -90.513506, 14.605718, 0.0 ], [ -90.513508, 14.605712, 0.0 ], [ -90.513509, 14.605706, 0.0 ], [ -90.513511, 14.6057, 0.0 ], [ -90.513513, 14.605694, 0.0 ], [ -90.513516, 14.605689, 0.0 ], [ -90.513518, 14.605683, 0.0 ], [ -90.513521, 14.605677, 0.0 ], [ -90.513524, 14.605672, 0.0 ], [ -90.513527, 14.605666, 0.0 ], [ -90.51353, 14.605661, 0.0 ], [ -90.513533, 14.605656, 0.0 ], [ -90.513537, 14.605651, 0.0 ], [ -90.513541, 14.605646, 0.0 ], [ -90.513545, 14.605641, 0.0 ], [ -90.513549, 14.605637, 0.0 ], [ -90.513553, 14.605632, 0.0 ], [ -90.513558, 14.605628, 0.0 ], [ -90.513608, 14.605579, 0.0 ], [ -90.513613, 14.605575, 0.0 ], [ -90.513617, 14.60557, 0.0 ], [ -90.513621, 14.605566, 0.0 ], [ -90.513625, 14.605561, 0.0 ], [ -90.513629, 14.605556, 0.0 ], [ -90.513633, 14.605551, 0.0 ], [ -90.513636, 14.605546, 0.0 ], [ -90.513639, 14.605541, 0.0 ], [ -90.513642, 14.605535, 0.0 ], [ -90.513645, 14.60553, 0.0 ], [ -90.513648, 14.605524, 0.0 ], [ -90.51365, 14.605518, 0.0 ], [ -90.513653, 14.605513, 0.0 ], [ -90.513655, 14.605507, 0.0 ], [ -90.513657, 14.605501, 0.0 ], [ -90.513658, 14.605495, 0.0 ], [ -90.51366, 14.605489, 0.0 ], [ -90.513661, 14.605483, 0.0 ], [ -90.513662, 14.605477, 0.0 ], [ -90.513792, 14.604634, 0.0 ], [ -90.513815, 14.604491, 0.0 ], [ -90.513941, 14.60368, 0.0 ], [ -90.513941, 14.603677, 0.0 ], [ -90.513941, 14.603674, 0.0 ], [ -90.513942, 14.603671, 0.0 ], [ -90.513942, 14.603668, 0.0 ], [ -90.513942, 14.603665, 0.0 ], [ -90.513942, 14.603662, 0.0 ], [ -90.513941, 14.603658, 0.0 ], [ -90.513941, 14.603655, 0.0 ], [ -90.51394, 14.603652, 0.0 ], [ -90.51394, 14.603649, 0.0 ], [ -90.513939, 14.603646, 0.0 ], [ -90.513938, 14.603643, 0.0 ], [ -90.513938, 14.60364, 0.0 ], [ -90.513937, 14.603637, 0.0 ], [ -90.513936, 14.603634, 0.0 ], [ -90.513934, 14.603631, 0.0 ], [ -90.513933, 14.603629, 0.0 ], [ -90.513932, 14.603626, 0.0 ], [ -90.51393, 14.603623, 0.0 ], [ -90.513929, 14.60362, 0.0 ], [ -90.513927, 14.603618, 0.0 ], [ -90.513925, 14.603615, 0.0 ], [ -90.513923, 14.603613, 0.0 ], [ -90.513921, 14.60361, 0.0 ], [ -90.513919, 14.603608, 0.0 ], [ -90.513917, 14.603605, 0.0 ], [ -90.513915, 14.603603, 0.0 ], [ -90.513913, 14.603601, 0.0 ], [ -90.51391, 14.603599, 0.0 ], [ -90.513908, 14.603597, 0.0 ], [ -90.513905, 14.603595, 0.0 ], [ -90.513903, 14.603593, 0.0 ], [ -90.5139, 14.603591, 0.0 ], [ -90.513897, 14.60359, 0.0 ], [ -90.513895, 14.603588, 0.0 ], [ -90.513892, 14.603587, 0.0 ], [ -90.513889, 14.603585, 0.0 ], [ -90.513886, 14.603584, 0.0 ], [ -90.513883, 14.603583, 0.0 ], [ -90.51388, 14.603582, 0.0 ], [ -90.513877, 14.603581, 0.0 ], [ -90.513874, 14.60358, 0.0 ], [ -90.513871, 14.603579, 0.0 ], [ -90.513868, 14.603578, 0.0 ], [ -90.513865, 14.603578, 0.0 ], [ -90.513862, 14.603577, 0.0 ], [ -90.513859, 14.603577, 0.0 ], [ -90.513128, 14.603503, 0.0 ], [ -90.512797, 14.603467, 0.0 ], [ -90.512335, 14.603421, 0.0 ], [ -90.512198, 14.603408, 0.0 ], [ -90.511892, 14.603377, 0.0 ], [ -90.511489, 14.603335, 0.0 ], [ -90.511321, 14.603319, 0.0 ], [ -90.510551, 14.603241, 0.0 ], [ -90.510544, 14.60324, 0.0 ], [ -90.510538, 14.60324, 0.0 ], [ -90.510532, 14.603238, 0.0 ], [ -90.510525, 14.603237, 0.0 ], [ -90.510519, 14.603235, 0.0 ], [ -90.510513, 14.603234, 0.0 ], [ -90.510507, 14.603231, 0.0 ], [ -90.510501, 14.603229, 0.0 ], [ -90.510495, 14.603227, 0.0 ], [ -90.510489, 14.603224, 0.0 ], [ -90.510483, 14.603221, 0.0 ], [ -90.510478, 14.603218, 0.0 ], [ -90.510472, 14.603215, 0.0 ], [ -90.510467, 14.603212, 0.0 ], [ -90.510462, 14.603208, 0.0 ], [ -90.510456, 14.603204, 0.0 ], [ -90.510451, 14.6032, 0.0 ], [ -90.510446, 14.603196, 0.0 ], [ -90.510442, 14.603192, 0.0 ], [ -90.510437, 14.603188, 0.0 ], [ -90.510433, 14.603183, 0.0 ], [ -90.510428, 14.603178, 0.0 ], [ -90.510424, 14.603174, 0.0 ], [ -90.51042, 14.603169, 0.0 ], [ -90.510417, 14.603163, 0.0 ], [ -90.510413, 14.603158, 0.0 ], [ -90.51041, 14.603153, 0.0 ], [ -90.510407, 14.603147, 0.0 ], [ -90.510404, 14.603142, 0.0 ], [ -90.510212, 14.602766, 0.0 ], [ -90.510048, 14.602443, 0.0 ], [ -90.509823, 14.602013, 0.0 ], [ -90.509629, 14.601637, 0.0 ], [ -90.509521, 14.601423, 0.0 ], [ -90.509406, 14.601202, 0.0 ], [ -90.509256, 14.600916, 0.0 ], [ -90.509206, 14.60082, 0.0 ], [ -90.509105, 14.600623, 0.0 ], [ -90.508975, 14.600384, 0.0 ], [ -90.508759, 14.599959, 0.0 ], [ -90.508586, 14.599617, 0.0 ], [ -90.508422, 14.59929, 0.0 ], [ -90.508236, 14.598931, 0.0 ], [ -90.507928, 14.598335, 0.0 ], [ -90.507838, 14.598148, 0.0 ], [ -90.507634, 14.597763, 0.0 ], [ -90.507477, 14.59747, 0.0 ], [ -90.507051, 14.596672, 0.0 ], [ -90.506651, 14.595972, 0.0 ], [ -90.506647, 14.595965, 0.0 ], [ -90.506642, 14.595958, 0.0 ], [ -90.506637, 14.595951, 0.0 ], [ -90.506632, 14.595944, 0.0 ], [ -90.506627, 14.595937, 0.0 ], [ -90.506622, 14.595931, 0.0 ], [ -90.506036, 14.595243, 0.0 ], [ -90.505916, 14.595103, 0.0 ], [ -90.505767, 14.594927, 0.0 ], [ -90.505327, 14.594405, 0.0 ], [ -90.505172, 14.594214, 0.0 ], [ -90.504847, 14.593826, 0.0 ], [ -90.504834, 14.593812, 0.0 ], [ -90.504823, 14.593797, 0.0 ], [ -90.504812, 14.593782, 0.0 ], [ -90.504801, 14.593767, 0.0 ], [ -90.504791, 14.593751, 0.0 ], [ -90.504781, 14.593736, 0.0 ], [ -90.504772, 14.593719, 0.0 ], [ -90.504763, 14.593703, 0.0 ], [ -90.504755, 14.593686, 0.0 ], [ -90.504555, 14.59318, 0.0 ], [ -90.504318, 14.592546, 0.0 ], [ -90.5041, 14.591995, 0.0 ], [ -90.503869, 14.591427, 0.0 ], [ -90.503797, 14.591257, 0.0 ], [ -90.503731, 14.591054, 0.0 ], [ -90.50368, 14.590897, 0.0 ], [ -90.503652, 14.590746, 0.0 ], [ -90.503629, 14.590593, 0.0 ], [ -90.503619, 14.590533, 0.0 ], [ -90.503608, 14.590474, 0.0 ], [ -90.503595, 14.590415, 0.0 ], [ -90.503581, 14.590356, 0.0 ], [ -90.503564, 14.590317, 0.0 ], [ -90.503547, 14.590278, 0.0 ], [ -90.503528, 14.59024, 0.0 ], [ -90.503508, 14.590202, 0.0 ], [ -90.503486, 14.590166, 0.0 ], [ -90.503463, 14.590129, 0.0 ], [ -90.503439, 14.590094, 0.0 ], [ -90.503214, 14.589735, 0.0 ], [ -90.503111, 14.58958, 0.0 ], [ -90.502958, 14.589317, 0.0 ], [ -90.502821, 14.589038, 0.0 ], [ -90.502568, 14.588474, 0.0 ], [ -90.502375, 14.588007, 0.0 ], [ -90.502239, 14.587729, 0.0 ], [ -90.501877, 14.586935, 0.0 ], [ -90.50183, 14.586819, 0.0 ], [ -90.501732, 14.586553, 0.0 ], [ -90.501727, 14.586539, 0.0 ], [ -90.501721, 14.586524, 0.0 ], [ -90.501714, 14.58651, 0.0 ], [ -90.501707, 14.586496, 0.0 ], [ -90.501699, 14.586483, 0.0 ], [ -90.501691, 14.586469, 0.0 ], [ -90.501682, 14.586456, 0.0 ], [ -90.501673, 14.586443, 0.0 ], [ -90.501664, 14.586431, 0.0 ], [ -90.501654, 14.586419, 0.0 ], [ -90.501644, 14.586407, 0.0 ], [ -90.501633, 14.586395, 0.0 ], [ -90.501622, 14.586384, 0.0 ], [ -90.501469, 14.586237, 0.0 ], [ -90.5013, 14.586074, 0.0 ], [ -90.500802, 14.585585, 0.0 ], [ -90.500663, 14.585458, 0.0 ], [ -90.500163, 14.584969, 0.0 ], [ -90.499561, 14.584226, 0.0 ], [ -90.499556, 14.584221, 0.0 ], [ -90.499552, 14.584215, 0.0 ], [ -90.499549, 14.58421, 0.0 ], [ -90.499545, 14.584204, 0.0 ], [ -90.499445, 14.584045, 0.0 ], [ -90.499344, 14.583895, 0.0 ], [ -90.499162, 14.583632, 0.0 ], [ -90.498889, 14.583215, 0.0 ], [ -90.498775, 14.583027, 0.0 ], [ -90.498654, 14.582802, 0.0 ], [ -90.498577, 14.582529, 0.0 ], [ -90.49853, 14.582273, 0.0 ], [ -90.498474, 14.582029, 0.0 ], [ -90.498454, 14.581986, 0.0 ], [ -90.498432, 14.581944, 0.0 ], [ -90.498409, 14.581903, 0.0 ], [ -90.498385, 14.581863, 0.0 ], [ -90.498359, 14.581823, 0.0 ], [ -90.498332, 14.581784, 0.0 ], [ -90.498155, 14.581589, 0.0 ], [ -90.497989, 14.58142, 0.0 ], [ -90.497795, 14.581194, 0.0 ], [ -90.497656, 14.581049, 0.0 ], [ -90.497505, 14.580905, 0.0 ], [ -90.497503, 14.580903, 0.0 ], [ -90.497501, 14.580901, 0.0 ], [ -90.497499, 14.580898, 0.0 ], [ -90.497497, 14.580896, 0.0 ], [ -90.497495, 14.580893, 0.0 ], [ -90.497493, 14.580891, 0.0 ], [ -90.497491, 14.580888, 0.0 ], [ -90.49749, 14.580885, 0.0 ], [ -90.497488, 14.580883, 0.0 ], [ -90.497487, 14.58088, 0.0 ], [ -90.497485, 14.580877, 0.0 ], [ -90.497484, 14.580874, 0.0 ], [ -90.497483, 14.580871, 0.0 ], [ -90.497482, 14.580868, 0.0 ], [ -90.497481, 14.580865, 0.0 ], [ -90.49748, 14.580862, 0.0 ], [ -90.49748, 14.580859, 0.0 ], [ -90.497479, 14.580856, 0.0 ], [ -90.497478, 14.580853, 0.0 ], [ -90.497478, 14.58085, 0.0 ], [ -90.497478, 14.580847, 0.0 ], [ -90.497478, 14.580844, 0.0 ], [ -90.497477, 14.580841, 0.0 ], [ -90.497478, 14.580838, 0.0 ], [ -90.497478, 14.580834, 0.0 ], [ -90.497478, 14.580831, 0.0 ], [ -90.497478, 14.580828, 0.0 ], [ -90.497479, 14.580825, 0.0 ], [ -90.497479, 14.580822, 0.0 ], [ -90.49748, 14.580819, 0.0 ], [ -90.497481, 14.580816, 0.0 ], [ -90.497482, 14.580813, 0.0 ], [ -90.497483, 14.58081, 0.0 ], [ -90.497484, 14.580807, 0.0 ], [ -90.497485, 14.580804, 0.0 ], [ -90.497487, 14.580802, 0.0 ], [ -90.497488, 14.580799, 0.0 ], [ -90.49749, 14.580796, 0.0 ], [ -90.497491, 14.580793, 0.0 ], [ -90.497493, 14.580791, 0.0 ], [ -90.497495, 14.580788, 0.0 ], [ -90.497497, 14.580786, 0.0 ], [ -90.497499, 14.580783, 0.0 ], [ -90.497501, 14.580781, 0.0 ], [ -90.497503, 14.580778, 0.0 ], [ -90.497505, 14.580776, 0.0 ], [ -90.497507, 14.580774, 0.0 ], [ -90.49751, 14.580772, 0.0 ], [ -90.497512, 14.58077, 0.0 ], [ -90.497515, 14.580768, 0.0 ], [ -90.497517, 14.580766, 0.0 ], [ -90.49752, 14.580765, 0.0 ], [ -90.497523, 14.580763, 0.0 ], [ -90.49826, 14.580335, 0.0 ], [ -90.498267, 14.580331, 0.0 ], [ -90.498274, 14.580328, 0.0 ], [ -90.498281, 14.580324, 0.0 ], [ -90.498289, 14.580321, 0.0 ], [ -90.498296, 14.580318, 0.0 ], [ -90.498304, 14.580316, 0.0 ], [ -90.498311, 14.580313, 0.0 ], [ -90.498319, 14.580311, 0.0 ], [ -90.498327, 14.580309, 0.0 ], [ -90.498335, 14.580308, 0.0 ], [ -90.498343, 14.580306, 0.0 ], [ -90.498351, 14.580305, 0.0 ], [ -90.498359, 14.580304, 0.0 ], [ -90.498367, 14.580304, 0.0 ], [ -90.498375, 14.580303, 0.0 ], [ -90.498383, 14.580303, 0.0 ], [ -90.498391, 14.580304, 0.0 ], [ -90.498399, 14.580304, 0.0 ], [ -90.498407, 14.580305, 0.0 ], [ -90.498415, 14.580306, 0.0 ], [ -90.498422, 14.580307, 0.0 ], [ -90.49843, 14.580309, 0.0 ], [ -90.498438, 14.580311, 0.0 ], [ -90.498446, 14.580313, 0.0 ], [ -90.498453, 14.580315, 0.0 ], [ -90.498461, 14.580318, 0.0 ], [ -90.498468, 14.580321, 0.0 ], [ -90.498476, 14.580324, 0.0 ], [ -90.498483, 14.580328, 0.0 ], [ -90.498729, 14.580448, 0.0 ], [ -90.498945, 14.580589, 0.0 ], [ -90.499243, 14.580816, 0.0 ], [ -90.499594, 14.581112, 0.0 ], [ -90.499732, 14.581213, 0.0 ], [ -90.499974, 14.581389, 0.0 ], [ -90.500171, 14.581501, 0.0 ], [ -90.500293, 14.581564, 0.0 ], [ -90.50096, 14.581846, 0.0 ], [ -90.501364, 14.582017, 0.0 ], [ -90.501468, 14.582064, 0.0 ], [ -90.502129, 14.58234, 0.0 ], [ -90.502312, 14.582416, 0.0 ], [ -90.502879, 14.582658, 0.0 ], [ -90.503079, 14.582743, 0.0 ], [ -90.503259, 14.582819, 0.0 ], [ -90.50334, 14.582854, 0.0 ], [ -90.503518, 14.582929, 0.0 ], [ -90.503584, 14.582958, 0.0 ], [ -90.503941, 14.583145, 0.0 ], [ -90.504203, 14.583302, 0.0 ], [ -90.504331, 14.583374, 0.0 ], [ -90.504621, 14.583542, 0.0 ], [ -90.504624, 14.583544, 0.0 ], [ -90.504627, 14.583545, 0.0 ], [ -90.50463, 14.583547, 0.0 ], [ -90.504633, 14.583548, 0.0 ], [ -90.504636, 14.583549, 0.0 ], [ -90.504639, 14.58355, 0.0 ], [ -90.504642, 14.583551, 0.0 ], [ -90.504645, 14.583552, 0.0 ], [ -90.504648, 14.583553, 0.0 ], [ -90.504651, 14.583553, 0.0 ], [ -90.504654, 14.583554, 0.0 ], [ -90.504658, 14.583554, 0.0 ], [ -90.504661, 14.583555, 0.0 ], [ -90.504664, 14.583555, 0.0 ], [ -90.504667, 14.583555, 0.0 ], [ -90.50467, 14.583555, 0.0 ], [ -90.504673, 14.583555, 0.0 ], [ -90.504677, 14.583555, 0.0 ], [ -90.50468, 14.583554, 0.0 ], [ -90.504683, 14.583554, 0.0 ], [ -90.504686, 14.583553, 0.0 ], [ -90.504689, 14.583553, 0.0 ], [ -90.504692, 14.583552, 0.0 ], [ -90.504696, 14.583551, 0.0 ], [ -90.504699, 14.58355, 0.0 ], [ -90.504702, 14.583549, 0.0 ], [ -90.504705, 14.583548, 0.0 ], [ -90.504707, 14.583547, 0.0 ], [ -90.50471, 14.583545, 0.0 ], [ -90.504713, 14.583544, 0.0 ], [ -90.504716, 14.583542, 0.0 ], [ -90.504719, 14.583541, 0.0 ], [ -90.504721, 14.583539, 0.0 ], [ -90.504724, 14.583537, 0.0 ], [ -90.504727, 14.583535, 0.0 ], [ -90.504729, 14.583533, 0.0 ], [ -90.504731, 14.583531, 0.0 ], [ -90.504734, 14.583529, 0.0 ], [ -90.504736, 14.583527, 0.0 ], [ -90.504738, 14.583525, 0.0 ], [ -90.50474, 14.583522, 0.0 ], [ -90.504742, 14.58352, 0.0 ], [ -90.504744, 14.583517, 0.0 ], [ -90.504746, 14.583515, 0.0 ], [ -90.504748, 14.583512, 0.0 ], [ -90.504749, 14.583509, 0.0 ], [ -90.504751, 14.583507, 0.0 ], [ -90.504752, 14.583504, 0.0 ], [ -90.504754, 14.583501, 0.0 ], [ -90.504755, 14.583498, 0.0 ], [ -90.505047, 14.582787, 0.0 ], [ -90.505137, 14.582522, 0.0 ], [ -90.505474, 14.581816, 0.0 ], [ -90.505476, 14.581812, 0.0 ], [ -90.505478, 14.581808, 0.0 ], [ -90.505479, 14.581804, 0.0 ], [ -90.505481, 14.581801, 0.0 ], [ -90.505682, 14.581193, 0.0 ], [ -90.505797, 14.580547, 0.0 ], [ -90.505798, 14.580544, 0.0 ], [ -90.505799, 14.580541, 0.0 ], [ -90.5058, 14.580538, 0.0 ], [ -90.5058, 14.580535, 0.0 ], [ -90.505802, 14.580532, 0.0 ], [ -90.505803, 14.580529, 0.0 ], [ -90.505804, 14.580526, 0.0 ], [ -90.505805, 14.580524, 0.0 ], [ -90.505807, 14.580521, 0.0 ], [ -90.505808, 14.580518, 0.0 ], [ -90.50581, 14.580515, 0.0 ], [ -90.505812, 14.580513, 0.0 ], [ -90.505814, 14.58051, 0.0 ], [ -90.505816, 14.580508, 0.0 ], [ -90.505818, 14.580505, 0.0 ], [ -90.50582, 14.580503, 0.0 ], [ -90.505822, 14.5805, 0.0 ], [ -90.505824, 14.580498, 0.0 ], [ -90.505826, 14.580496, 0.0 ], [ -90.505829, 14.580494, 0.0 ], [ -90.505831, 14.580492, 0.0 ], [ -90.505834, 14.58049, 0.0 ], [ -90.505837, 14.580488, 0.0 ], [ -90.505839, 14.580486, 0.0 ], [ -90.505842, 14.580485, 0.0 ], [ -90.505845, 14.580483, 0.0 ], [ -90.505848, 14.580482, 0.0 ], [ -90.505851, 14.580481, 0.0 ], [ -90.505854, 14.580479, 0.0 ], [ -90.505857, 14.580478, 0.0 ], [ -90.50586, 14.580477, 0.0 ], [ -90.505863, 14.580476, 0.0 ], [ -90.505866, 14.580475, 0.0 ], [ -90.505869, 14.580475, 0.0 ], [ -90.505872, 14.580474, 0.0 ], [ -90.505876, 14.580474, 0.0 ], [ -90.505879, 14.580473, 0.0 ], [ -90.505882, 14.580473, 0.0 ], [ -90.505885, 14.580473, 0.0 ], [ -90.505888, 14.580473, 0.0 ], [ -90.505892, 14.580473, 0.0 ], [ -90.505895, 14.580473, 0.0 ], [ -90.505957, 14.580477, 0.0 ], [ -90.506677, 14.580549, 0.0 ], [ -90.507099, 14.580662, 0.0 ], [ -90.507233, 14.580698, 0.0 ], [ -90.508188, 14.58092, 0.0 ], [ -90.509175, 14.581143, 0.0 ], [ -90.509218, 14.581141, 0.0 ], [ -90.509247, 14.581122, 0.0 ], [ -90.509269, 14.581093, 0.0 ], [ -90.509278, 14.581055, 0.0 ], [ -90.509412, 14.580453, 0.0 ], [ -90.509511, 14.579957, 0.0 ], [ -90.509542, 14.579819, 0.0 ], [ -90.509561, 14.579784, 0.0 ], [ -90.509596, 14.579763, 0.0 ], [ -90.509635, 14.579752, 0.0 ], [ -90.509678, 14.579755, 0.0 ], [ -90.509717, 14.579763, 0.0 ], [ -90.509744, 14.579786, 0.0 ], [ -90.509758, 14.579823, 0.0 ], [ -90.509746, 14.579859, 0.0 ], [ -90.509705, 14.579889, 0.0 ], [ -90.509664, 14.579902, 0.0 ], [ -90.509635, 14.579915, 0.0 ], [ -90.509611, 14.579927, 0.0 ], [ -90.509589, 14.579944, 0.0 ], [ -90.509577, 14.579972, 0.0 ], [ -90.509272, 14.581286, 0.0 ], [ -90.509223, 14.581524, 0.0 ], [ -90.509206, 14.5816, 0.0 ], [ -90.509186, 14.581675, 0.0 ], [ -90.509164, 14.58175, 0.0 ], [ -90.509139, 14.581824, 0.0 ], [ -90.509111, 14.581897, 0.0 ], [ -90.50908, 14.581969, 0.0 ], [ -90.509048, 14.582041, 0.0 ], [ -90.508547, 14.583075, 0.0 ], [ -90.508377, 14.583437, 0.0 ], [ -90.508356, 14.583491, 0.0 ], [ -90.508337, 14.583545, 0.0 ], [ -90.508319, 14.5836, 0.0 ], [ -90.508304, 14.583656, 0.0 ], [ -90.50829, 14.583712, 0.0 ], [ -90.508278, 14.583768, 0.0 ], [ -90.508207, 14.584063, 0.0 ], [ -90.508018, 14.584901, 0.0 ], [ -90.508017, 14.584904, 0.0 ], [ -90.508017, 14.584907, 0.0 ], [ -90.508016, 14.58491, 0.0 ], [ -90.508015, 14.584913, 0.0 ], [ -90.508013, 14.584916, 0.0 ], [ -90.508012, 14.584919, 0.0 ], [ -90.508011, 14.584922, 0.0 ], [ -90.508009, 14.584924, 0.0 ], [ -90.508008, 14.584927, 0.0 ], [ -90.508006, 14.58493, 0.0 ], [ -90.508004, 14.584932, 0.0 ], [ -90.508002, 14.584935, 0.0 ], [ -90.508001, 14.584937, 0.0 ], [ -90.507998, 14.58494, 0.0 ], [ -90.507996, 14.584942, 0.0 ], [ -90.507994, 14.584944, 0.0 ], [ -90.507992, 14.584947, 0.0 ], [ -90.50799, 14.584949, 0.0 ], [ -90.507987, 14.584951, 0.0 ], [ -90.507985, 14.584953, 0.0 ], [ -90.507982, 14.584955, 0.0 ], [ -90.507979, 14.584956, 0.0 ], [ -90.507977, 14.584958, 0.0 ], [ -90.507974, 14.58496, 0.0 ], [ -90.507971, 14.584961, 0.0 ], [ -90.507968, 14.584963, 0.0 ], [ -90.507965, 14.584964, 0.0 ], [ -90.507962, 14.584965, 0.0 ], [ -90.507959, 14.584966, 0.0 ], [ -90.507956, 14.584967, 0.0 ], [ -90.507953, 14.584968, 0.0 ], [ -90.50795, 14.584969, 0.0 ], [ -90.507947, 14.58497, 0.0 ], [ -90.507944, 14.58497, 0.0 ], [ -90.507941, 14.584971, 0.0 ], [ -90.507938, 14.584971, 0.0 ], [ -90.507934, 14.584972, 0.0 ], [ -90.507931, 14.584972, 0.0 ], [ -90.507928, 14.584972, 0.0 ], [ -90.507925, 14.584972, 0.0 ], [ -90.507921, 14.584972, 0.0 ], [ -90.507918, 14.584971, 0.0 ], [ -90.507915, 14.584971, 0.0 ], [ -90.507912, 14.584971, 0.0 ], [ -90.507909, 14.58497, 0.0 ], [ -90.507906, 14.584969, 0.0 ], [ -90.507903, 14.584968, 0.0 ], [ -90.507899, 14.584968, 0.0 ], [ -90.507896, 14.584967, 0.0 ], [ -90.507893, 14.584965, 0.0 ], [ -90.505438, 14.584016, 0.0 ], [ -90.505424, 14.58401, 0.0 ], [ -90.505411, 14.584004, 0.0 ], [ -90.505397, 14.583998, 0.0 ], [ -90.505384, 14.583991, 0.0 ], [ -90.505371, 14.583984, 0.0 ], [ -90.504797, 14.58365, 0.0 ], [ -90.504794, 14.583649, 0.0 ], [ -90.504791, 14.583647, 0.0 ], [ -90.504789, 14.583646, 0.0 ], [ -90.504786, 14.583645, 0.0 ], [ -90.504783, 14.583644, 0.0 ], [ -90.50478, 14.583642, 0.0 ], [ -90.504776, 14.583642, 0.0 ], [ -90.504773, 14.583641, 0.0 ], [ -90.50477, 14.58364, 0.0 ], [ -90.504767, 14.583639, 0.0 ], [ -90.504764, 14.583639, 0.0 ], [ -90.504761, 14.583638, 0.0 ], [ -90.504757, 14.583638, 0.0 ], [ -90.504754, 14.583638, 0.0 ], [ -90.504751, 14.583638, 0.0 ], [ -90.504748, 14.583638, 0.0 ], [ -90.504744, 14.583638, 0.0 ], [ -90.504741, 14.583638, 0.0 ], [ -90.504738, 14.583638, 0.0 ], [ -90.504735, 14.583639, 0.0 ], [ -90.504732, 14.583639, 0.0 ], [ -90.504728, 14.58364, 0.0 ], [ -90.504725, 14.583641, 0.0 ], [ -90.504722, 14.583642, 0.0 ], [ -90.504719, 14.583643, 0.0 ], [ -90.504716, 14.583644, 0.0 ], [ -90.504713, 14.583645, 0.0 ], [ -90.50471, 14.583646, 0.0 ], [ -90.504707, 14.583648, 0.0 ], [ -90.504704, 14.583649, 0.0 ], [ -90.504701, 14.583651, 0.0 ], [ -90.504699, 14.583652, 0.0 ], [ -90.504696, 14.583654, 0.0 ], [ -90.504693, 14.583656, 0.0 ], [ -90.504691, 14.583658, 0.0 ], [ -90.504688, 14.58366, 0.0 ], [ -90.504686, 14.583662, 0.0 ], [ -90.504684, 14.583664, 0.0 ], [ -90.504681, 14.583667, 0.0 ], [ -90.504679, 14.583669, 0.0 ], [ -90.504677, 14.583672, 0.0 ], [ -90.504675, 14.583674, 0.0 ], [ -90.504673, 14.583677, 0.0 ], [ -90.504672, 14.583679, 0.0 ], [ -90.50467, 14.583682, 0.0 ], [ -90.504668, 14.583685, 0.0 ], [ -90.504667, 14.583687, 0.0 ], [ -90.504665, 14.58369, 0.0 ], [ -90.504664, 14.583693, 0.0 ], [ -90.504167, 14.584854, 0.0 ], [ -90.503858, 14.585597, 0.0 ], [ -90.503743, 14.585906, 0.0 ], [ -90.503623, 14.586183, 0.0 ], [ -90.503406, 14.586736, 0.0 ], [ -90.503201, 14.587278, 0.0 ], [ -90.502728, 14.588511, 0.0 ], [ -90.502725, 14.588518, 0.0 ], [ -90.502723, 14.588526, 0.0 ], [ -90.502721, 14.588533, 0.0 ], [ -90.502719, 14.588541, 0.0 ], [ -90.502717, 14.588549, 0.0 ], [ -90.502716, 14.588556, 0.0 ], [ -90.502715, 14.588564, 0.0 ], [ -90.502714, 14.588572, 0.0 ], [ -90.502714, 14.588579, 0.0 ], [ -90.502713, 14.588587, 0.0 ], [ -90.502713, 14.588595, 0.0 ], [ -90.502714, 14.588603, 0.0 ], [ -90.502714, 14.58861, 0.0 ], [ -90.502715, 14.588618, 0.0 ], [ -90.502716, 14.588626, 0.0 ], [ -90.502718, 14.588633, 0.0 ], [ -90.502719, 14.588641, 0.0 ], [ -90.502721, 14.588648, 0.0 ], [ -90.502723, 14.588656, 0.0 ], [ -90.502726, 14.588663, 0.0 ], [ -90.502729, 14.588671, 0.0 ], [ -90.502732, 14.588678, 0.0 ], [ -90.502735, 14.588685, 0.0 ], [ -90.503056, 14.589362, 0.0 ], [ -90.503168, 14.589543, 0.0 ], [ -90.503265, 14.589705, 0.0 ], [ -90.503592, 14.590194, 0.0 ], [ -90.5036, 14.590207, 0.0 ], [ -90.503608, 14.59022, 0.0 ], [ -90.503615, 14.590233, 0.0 ], [ -90.503621, 14.590246, 0.0 ], [ -90.503628, 14.590259, 0.0 ], [ -90.503634, 14.590273, 0.0 ], [ -90.503639, 14.590286, 0.0 ], [ -90.503644, 14.5903, 0.0 ], [ -90.503648, 14.590315, 0.0 ], [ -90.503652, 14.590329, 0.0 ], [ -90.503719, 14.590581, 0.0 ], [ -90.503763, 14.590888, 0.0 ], [ -90.503791, 14.591042, 0.0 ], [ -90.503855, 14.591232, 0.0 ], [ -90.503927, 14.591404, 0.0 ], [ -90.504161, 14.591972, 0.0 ], [ -90.504229, 14.592139, 0.0 ], [ -90.504313, 14.59235, 0.0 ], [ -90.50438, 14.592523, 0.0 ], [ -90.504623, 14.593155, 0.0 ], [ -90.504822, 14.593652, 0.0 ], [ -90.504831, 14.593669, 0.0 ], [ -90.504839, 14.593686, 0.0 ], [ -90.504849, 14.593703, 0.0 ], [ -90.504859, 14.593719, 0.0 ], [ -90.504869, 14.593735, 0.0 ], [ -90.50488, 14.593751, 0.0 ], [ -90.504891, 14.593766, 0.0 ], [ -90.504903, 14.593781, 0.0 ], [ -90.505228, 14.594169, 0.0 ], [ -90.505387, 14.594356, 0.0 ], [ -90.505829, 14.594877, 0.0 ], [ -90.505976, 14.595054, 0.0 ], [ -90.506096, 14.595194, 0.0 ], [ -90.506737, 14.595937, 0.0 ], [ -90.506765, 14.595971, 0.0 ], [ -90.506792, 14.596005, 0.0 ], [ -90.506817, 14.59604, 0.0 ], [ -90.506842, 14.596075, 0.0 ], [ -90.506865, 14.596112, 0.0 ], [ -90.506887, 14.596149, 0.0 ], [ -90.506908, 14.596187, 0.0 ], [ -90.507563, 14.597422, 0.0 ], [ -90.507971, 14.598208, 0.0 ], [ -90.508126, 14.598506, 0.0 ], [ -90.508347, 14.598934, 0.0 ], [ -90.508751, 14.599721, 0.0 ], [ -90.508968, 14.600143, 0.0 ], [ -90.509555, 14.601278, 0.0 ], [ -90.509645, 14.601452, 0.0 ], [ -90.510488, 14.603087, 0.0 ], [ -90.510495, 14.6031, 0.0 ], [ -90.510501, 14.603114, 0.0 ], [ -90.510507, 14.603128, 0.0 ], [ -90.510512, 14.603142, 0.0 ], [ -90.510517, 14.603157, 0.0 ], [ -90.510521, 14.603171, 0.0 ], [ -90.510525, 14.603186, 0.0 ], [ -90.510528, 14.603201, 0.0 ], [ -90.510531, 14.603216, 0.0 ], [ -90.510533, 14.603231, 0.0 ], [ -90.510535, 14.603246, 0.0 ], [ -90.510536, 14.603261, 0.0 ], [ -90.510537, 14.603276, 0.0 ], [ -90.510537, 14.603291, 0.0 ], [ -90.510537, 14.603306, 0.0 ], [ -90.510536, 14.603321, 0.0 ], [ -90.510478, 14.604114, 0.0 ], [ -90.510475, 14.604256, 0.0 ], [ -90.510371, 14.605973, 0.0 ], [ -90.510362, 14.606769, 0.0 ], [ -90.510353, 14.60723, 0.0 ], [ -90.510347, 14.607584, 0.0 ], [ -90.510325, 14.609278, 0.0 ], [ -90.510322, 14.609484, 0.0 ], [ -90.510325, 14.610174, 0.0 ], [ -90.510327, 14.610345, 0.0 ], [ -90.510324, 14.610693, 0.0 ], [ -90.510315, 14.611451, 0.0 ], [ -90.510308, 14.611963, 0.0 ], [ -90.510308, 14.611989, 0.0 ], [ -90.510309, 14.612016, 0.0 ], [ -90.510311, 14.612042, 0.0 ], [ -90.510313, 14.612068, 0.0 ], [ -90.510316, 14.612094, 0.0 ], [ -90.510485, 14.613319, 0.0 ], [ -90.510553, 14.613719, 0.0 ], [ -90.510609, 14.614182, 0.0 ], [ -90.510612, 14.61421, 0.0 ], [ -90.510614, 14.614239, 0.0 ], [ -90.510615, 14.614267, 0.0 ], [ -90.510615, 14.614295, 0.0 ], [ -90.510614, 14.614324, 0.0 ], [ -90.510612, 14.614352, 0.0 ], [ -90.51061, 14.61438, 0.0 ], [ -90.510606, 14.614409, 0.0 ], [ -90.510388, 14.615974, 0.0 ], [ -90.51019, 14.617373, 0.0 ], [ -90.510157, 14.617569, 0.0 ], [ -90.509946, 14.619148, 0.0 ], [ -90.509912, 14.619385, 0.0 ], [ -90.509836, 14.619921, 0.0 ], [ -90.509718, 14.620994, 0.0 ], [ -90.509622, 14.621742, 0.0 ], [ -90.509582, 14.622022, 0.0 ], [ -90.509504, 14.622587, 0.0 ], [ -90.50946, 14.622897, 0.0 ], [ -90.509138, 14.625273, 0.0 ], [ -90.509068, 14.625764, 0.0 ], [ -90.509006, 14.626394, 0.0 ], [ -90.508963, 14.626872, 0.0 ], [ -90.508962, 14.626886, 0.0 ], [ -90.50896, 14.626901, 0.0 ], [ -90.508905, 14.627314, 0.0 ], [ -90.508903, 14.627328, 0.0 ], [ -90.5089, 14.627343, 0.0 ], [ -90.508897, 14.627357, 0.0 ], [ -90.508893, 14.627372, 0.0 ], [ -90.508889, 14.627386, 0.0 ], [ -90.508813, 14.627633, 0.0 ], [ -90.508807, 14.627653, 0.0 ], [ -90.508802, 14.627673, 0.0 ], [ -90.508797, 14.627693, 0.0 ], [ -90.508793, 14.627713, 0.0 ], [ -90.50879, 14.627733, 0.0 ], [ -90.508741, 14.628066, 0.0 ], [ -90.508709, 14.628244, 0.0 ], [ -90.508662, 14.62858, 0.0 ], [ -90.50862, 14.628871, 0.0 ], [ -90.508598, 14.629025, 0.0 ], [ -90.508527, 14.629517, 0.0 ], [ -90.508506, 14.629674, 0.0 ], [ -90.508456, 14.630024, 0.0 ], [ -90.508439, 14.630168, 0.0 ], [ -90.508372, 14.630665, 0.0 ], [ -90.508352, 14.630806, 0.0 ], [ -90.508287, 14.63127, 0.0 ], [ -90.508268, 14.631408, 0.0 ], [ -90.508193, 14.631954, 0.0 ], [ -90.508178, 14.632065, 0.0 ], [ -90.508035, 14.633129, 0.0 ], [ -90.508013, 14.633289, 0.0 ], [ -90.507931, 14.633887, 0.0 ], [ -90.507866, 14.634363, 0.0 ], [ -90.507851, 14.634473, 0.0 ], [ -90.507784, 14.634959, 0.0 ], [ -90.507763, 14.635108, 0.0 ], [ -90.507698, 14.635581, 0.0 ], [ -90.507678, 14.635729, 0.0 ], [ -90.507614, 14.636197, 0.0 ], [ -90.507594, 14.636338, 0.0 ], [ -90.507378, 14.637918, 0.0 ], [ -90.507356, 14.638077, 0.0 ], [ -90.507064, 14.640194, 0.0 ], [ -90.507063, 14.640196, 0.0 ], [ -90.507063, 14.640198, 0.0 ], [ -90.507062, 14.6402, 0.0 ], [ -90.507062, 14.640202, 0.0 ], [ -90.507061, 14.640205, 0.0 ], [ -90.50706, 14.640207, 0.0 ], [ -90.50706, 14.640209, 0.0 ], [ -90.507059, 14.640211, 0.0 ], [ -90.507058, 14.640213, 0.0 ], [ -90.507057, 14.640215, 0.0 ], [ -90.507056, 14.640217, 0.0 ], [ -90.507055, 14.640218, 0.0 ], [ -90.507053, 14.64022, 0.0 ], [ -90.507052, 14.640222, 0.0 ], [ -90.507051, 14.640224, 0.0 ], [ -90.50705, 14.640226, 0.0 ], [ -90.507048, 14.640227, 0.0 ], [ -90.507047, 14.640229, 0.0 ], [ -90.507045, 14.64023, 0.0 ], [ -90.507043, 14.640232, 0.0 ], [ -90.507042, 14.640233, 0.0 ], [ -90.50704, 14.640235, 0.0 ], [ -90.507038, 14.640236, 0.0 ], [ -90.507036, 14.640237, 0.0 ], [ -90.507035, 14.640239, 0.0 ], [ -90.507033, 14.64024, 0.0 ], [ -90.507031, 14.640241, 0.0 ], [ -90.507029, 14.640242, 0.0 ], [ -90.507027, 14.640243, 0.0 ], [ -90.507025, 14.640244, 0.0 ], [ -90.507023, 14.640245, 0.0 ], [ -90.50702, 14.640245, 0.0 ], [ -90.507018, 14.640246, 0.0 ], [ -90.507016, 14.640247, 0.0 ], [ -90.507014, 14.640247, 0.0 ], [ -90.507012, 14.640248, 0.0 ], [ -90.50701, 14.640248, 0.0 ], [ -90.507007, 14.640248, 0.0 ], [ -90.507005, 14.640248, 0.0 ], [ -90.507003, 14.640249, 0.0 ], [ -90.507001, 14.640249, 0.0 ], [ -90.506998, 14.640249, 0.0 ], [ -90.506996, 14.640249, 0.0 ], [ -90.506994, 14.640249, 0.0 ], [ -90.506992, 14.640248, 0.0 ], [ -90.50699, 14.640248, 0.0 ], [ -90.505271, 14.639995, 0.0 ], [ -90.505269, 14.639995, 0.0 ], [ -90.505267, 14.639995, 0.0 ], [ -90.505264, 14.639995, 0.0 ], [ -90.505262, 14.639995, 0.0 ], [ -90.50526, 14.639995, 0.0 ], [ -90.505258, 14.639995, 0.0 ], [ -90.505255, 14.639995, 0.0 ], [ -90.505253, 14.639995, 0.0 ], [ -90.505251, 14.639995, 0.0 ], [ -90.505249, 14.639996, 0.0 ], [ -90.505247, 14.639996, 0.0 ], [ -90.505244, 14.639997, 0.0 ], [ -90.505242, 14.639997, 0.0 ], [ -90.50524, 14.639998, 0.0 ], [ -90.505238, 14.639999, 0.0 ], [ -90.505236, 14.64, 0.0 ], [ -90.505234, 14.64, 0.0 ], [ -90.505232, 14.640001, 0.0 ], [ -90.50523, 14.640002, 0.0 ], [ -90.505228, 14.640003, 0.0 ], [ -90.505226, 14.640005, 0.0 ], [ -90.505224, 14.640006, 0.0 ], [ -90.505223, 14.640007, 0.0 ], [ -90.505221, 14.640008, 0.0 ], [ -90.505219, 14.64001, 0.0 ], [ -90.505217, 14.640011, 0.0 ], [ -90.505216, 14.640013, 0.0 ], [ -90.505214, 14.640014, 0.0 ], [ -90.505213, 14.640016, 0.0 ], [ -90.505211, 14.640018, 0.0 ], [ -90.50521, 14.640019, 0.0 ], [ -90.505209, 14.640021, 0.0 ], [ -90.505207, 14.640023, 0.0 ], [ -90.505206, 14.640025, 0.0 ], [ -90.505205, 14.640026, 0.0 ], [ -90.505204, 14.640028, 0.0 ], [ -90.505203, 14.64003, 0.0 ], [ -90.505202, 14.640032, 0.0 ], [ -90.505201, 14.640034, 0.0 ], [ -90.5052, 14.640036, 0.0 ], [ -90.5052, 14.640038, 0.0 ], [ -90.505199, 14.64004, 0.0 ], [ -90.505198, 14.640043, 0.0 ], [ -90.505198, 14.640045, 0.0 ], [ -90.505197, 14.640047, 0.0 ], [ -90.505197, 14.640049, 0.0 ], [ -90.505101, 14.640714, 0.0 ], [ -90.505016, 14.641315, 0.0 ], [ -90.505006, 14.641372, 0.0 ], [ -90.504995, 14.641429, 0.0 ], [ -90.504982, 14.641485, 0.0 ], [ -90.504967, 14.641541, 0.0 ], [ -90.50495, 14.641596, 0.0 ], [ -90.504931, 14.641651, 0.0 ], [ -90.50491, 14.641705, 0.0 ], [ -90.504888, 14.641758, 0.0 ], [ -90.504787, 14.641938, 0.0 ], [ -90.504721, 14.642056, 0.0 ], [ -90.504562, 14.642352, 0.0 ], [ -90.503954, 14.64345, 0.0 ], [ -90.503873, 14.643595, 0.0 ], [ -90.503063, 14.645058, 0.0 ], [ -90.502895, 14.645365, 0.0 ], [ -90.502884, 14.645384, 0.0 ], [ -90.502873, 14.645403, 0.0 ], [ -90.502861, 14.645421, 0.0 ], [ -90.502848, 14.645439, 0.0 ], [ -90.502826, 14.64547, 0.0 ], [ -90.502805, 14.645502, 0.0 ], [ -90.502785, 14.645535, 0.0 ], [ -90.50189, 14.647138, 0.0 ], [ -90.501704, 14.647469, 0.0 ], [ -90.501229, 14.648303, 0.0 ], [ -90.50115, 14.648441, 0.0 ], [ -90.500963, 14.648967, 0.0 ], [ -90.500746, 14.649737, 0.0 ], [ -90.500709, 14.649902, 0.0 ], [ -90.500621, 14.650258, 0.0 ], [ -90.50058, 14.650434, 0.0 ], [ -90.500536, 14.650625, 0.0 ], [ -90.50046, 14.650906, 0.0 ], [ -90.500013, 14.652769, 0.0 ], [ -90.500006, 14.652799, 0.0 ], [ -90.500001, 14.65283, 0.0 ], [ -90.499996, 14.65286, 0.0 ], [ -90.499993, 14.652891, 0.0 ], [ -90.49999, 14.652922, 0.0 ], [ -90.499989, 14.652953, 0.0 ], [ -90.499975, 14.653523, 0.0 ], [ -90.499974, 14.653705, 0.0 ], [ -90.499969, 14.654093, 0.0 ], [ -90.499971, 14.654254, 0.0 ], [ -90.499965, 14.654833, 0.0 ], [ -90.499965, 14.654836, 0.0 ], [ -90.499965, 14.654839, 0.0 ], [ -90.499964, 14.654842, 0.0 ], [ -90.499964, 14.654845, 0.0 ], [ -90.499963, 14.654848, 0.0 ], [ -90.499963, 14.654852, 0.0 ], [ -90.499962, 14.654855, 0.0 ], [ -90.499961, 14.654858, 0.0 ], [ -90.49996, 14.654861, 0.0 ], [ -90.499959, 14.654864, 0.0 ], [ -90.499958, 14.654866, 0.0 ], [ -90.499956, 14.654869, 0.0 ], [ -90.499955, 14.654872, 0.0 ], [ -90.499954, 14.654875, 0.0 ], [ -90.499952, 14.654878, 0.0 ], [ -90.49995, 14.65488, 0.0 ], [ -90.499949, 14.654883, 0.0 ], [ -90.499947, 14.654886, 0.0 ], [ -90.499945, 14.654888, 0.0 ], [ -90.499943, 14.65489, 0.0 ], [ -90.499941, 14.654893, 0.0 ], [ -90.499938, 14.654895, 0.0 ], [ -90.499936, 14.654897, 0.0 ], [ -90.499934, 14.654899, 0.0 ], [ -90.499931, 14.654901, 0.0 ], [ -90.499929, 14.654903, 0.0 ], [ -90.499926, 14.654905, 0.0 ], [ -90.499923, 14.654907, 0.0 ], [ -90.499921, 14.654909, 0.0 ], [ -90.499918, 14.65491, 0.0 ], [ -90.499915, 14.654912, 0.0 ], [ -90.499912, 14.654913, 0.0 ], [ -90.499909, 14.654915, 0.0 ], [ -90.499906, 14.654916, 0.0 ], [ -90.499903, 14.654917, 0.0 ], [ -90.4999, 14.654918, 0.0 ], [ -90.499897, 14.654919, 0.0 ], [ -90.499894, 14.65492, 0.0 ], [ -90.499891, 14.65492, 0.0 ], [ -90.499888, 14.654921, 0.0 ], [ -90.499884, 14.654921, 0.0 ], [ -90.499881, 14.654922, 0.0 ], [ -90.499878, 14.654922, 0.0 ], [ -90.499875, 14.654922, 0.0 ], [ -90.499872, 14.654922, 0.0 ], [ -90.499868, 14.654922, 0.0 ], [ -90.499865, 14.654922, 0.0 ], [ -90.499862, 14.654922, 0.0 ], [ -90.499859, 14.654921, 0.0 ], [ -90.499856, 14.654921, 0.0 ], [ -90.499852, 14.65492, 0.0 ], [ -90.499849, 14.654919, 0.0 ], [ -90.499846, 14.654919, 0.0 ], [ -90.499843, 14.654918, 0.0 ], [ -90.499067, 14.654668, 0.0 ], [ -90.499043, 14.65466, 0.0 ], [ -90.499019, 14.654651, 0.0 ], [ -90.498995, 14.654642, 0.0 ], [ -90.498972, 14.654632, 0.0 ], [ -90.498167, 14.654273, 0.0 ], [ -90.497661, 14.654064, 0.0 ], [ -90.496021, 14.653292, 0.0 ], [ -90.495094, 14.652879, 0.0 ], [ -90.494828, 14.652759, 0.0 ], [ -90.494622, 14.652668, 0.0 ], [ -90.49443, 14.65259, 0.0 ], [ -90.494269, 14.652521, 0.0 ], [ -90.49357, 14.652271, 0.0 ], [ -90.493365, 14.652209, 0.0 ], [ -90.492674, 14.651962, 0.0 ], [ -90.492436, 14.651881, 0.0 ], [ -90.492099, 14.651765, 0.0 ], [ -90.492068, 14.651754, 0.0 ], [ -90.492038, 14.651742, 0.0 ], [ -90.492009, 14.651729, 0.0 ], [ -90.49198, 14.651715, 0.0 ], [ -90.491951, 14.6517, 0.0 ], [ -90.491923, 14.651684, 0.0 ], [ -90.491896, 14.651667, 0.0 ], [ -90.491869, 14.651649, 0.0 ], [ -90.491843, 14.65163, 0.0 ], [ -90.491817, 14.65161, 0.0 ], [ -90.491692, 14.65151, 0.0 ], [ -90.491236, 14.651158, 0.0 ], [ -90.491113, 14.651061, 0.0 ], [ -90.490916, 14.650908, 0.0 ], [ -90.490914, 14.650906, 0.0 ], [ -90.490912, 14.650905, 0.0 ], [ -90.49091, 14.650904, 0.0 ], [ -90.490908, 14.650902, 0.0 ], [ -90.490906, 14.650901, 0.0 ], [ -90.490904, 14.6509, 0.0 ], [ -90.490901, 14.650899, 0.0 ], [ -90.490899, 14.650898, 0.0 ], [ -90.490896, 14.650897, 0.0 ], [ -90.490894, 14.650896, 0.0 ], [ -90.490892, 14.650895, 0.0 ], [ -90.490889, 14.650894, 0.0 ], [ -90.490887, 14.650894, 0.0 ], [ -90.490884, 14.650893, 0.0 ], [ -90.490882, 14.650893, 0.0 ], [ -90.490879, 14.650893, 0.0 ], [ -90.490877, 14.650892, 0.0 ], [ -90.490874, 14.650892, 0.0 ], [ -90.490871, 14.650892, 0.0 ], [ -90.490869, 14.650892, 0.0 ], [ -90.490866, 14.650892, 0.0 ], [ -90.490864, 14.650892, 0.0 ], [ -90.490861, 14.650893, 0.0 ], [ -90.490859, 14.650893, 0.0 ], [ -90.490856, 14.650893, 0.0 ], [ -90.490854, 14.650894, 0.0 ], [ -90.490851, 14.650894, 0.0 ], [ -90.490849, 14.650895, 0.0 ], [ -90.490846, 14.650896, 0.0 ], [ -90.490844, 14.650897, 0.0 ], [ -90.490841, 14.650898, 0.0 ], [ -90.490839, 14.650899, 0.0 ], [ -90.490837, 14.6509, 0.0 ], [ -90.490834, 14.650901, 0.0 ], [ -90.490832, 14.650902, 0.0 ], [ -90.49083, 14.650904, 0.0 ], [ -90.490828, 14.650905, 0.0 ], [ -90.490826, 14.650906, 0.0 ], [ -90.490824, 14.650908, 0.0 ], [ -90.490822, 14.65091, 0.0 ], [ -90.49082, 14.650911, 0.0 ], [ -90.490818, 14.650913, 0.0 ], [ -90.490816, 14.650915, 0.0 ], [ -90.490814, 14.650917, 0.0 ], [ -90.490813, 14.650918, 0.0 ], [ -90.490811, 14.65092, 0.0 ], [ -90.49081, 14.650922, 0.0 ], [ -90.490808, 14.650924, 0.0 ], [ -90.490807, 14.650927, 0.0 ], [ -90.490806, 14.650929, 0.0 ], [ -90.490804, 14.650931, 0.0 ], [ -90.490803, 14.650933, 0.0 ], [ -90.490802, 14.650935, 0.0 ], [ -90.490801, 14.650938, 0.0 ], [ -90.49067, 14.651261, 0.0 ], [ -90.490344, 14.652145, 0.0 ], [ -90.489996, 14.653037, 0.0 ], [ -90.489953, 14.653132, 0.0 ], [ -90.489903, 14.653246, 0.0 ], [ -90.489856, 14.653362, 0.0 ], [ -90.489601, 14.654019, 0.0 ], [ -90.489535, 14.654185, 0.0 ], [ -90.489269, 14.654823, 0.0 ], [ -90.48921, 14.654972, 0.0 ], [ -90.489156, 14.655123, 0.0 ], [ -90.489152, 14.655136, 0.0 ], [ -90.488831, 14.655948, 0.0 ], [ -90.48883, 14.65595, 0.0 ], [ -90.488829, 14.655951, 0.0 ], [ -90.488829, 14.655953, 0.0 ], [ -90.488828, 14.655954, 0.0 ], [ -90.488827, 14.655955, 0.0 ], [ -90.488826, 14.655957, 0.0 ], [ -90.488825, 14.655958, 0.0 ], [ -90.488824, 14.655959, 0.0 ], [ -90.488823, 14.655961, 0.0 ], [ -90.488822, 14.655962, 0.0 ], [ -90.488821, 14.655963, 0.0 ], [ -90.48882, 14.655964, 0.0 ], [ -90.488819, 14.655965, 0.0 ], [ -90.488818, 14.655966, 0.0 ], [ -90.488816, 14.655967, 0.0 ], [ -90.488815, 14.655968, 0.0 ], [ -90.488814, 14.655969, 0.0 ], [ -90.488812, 14.65597, 0.0 ], [ -90.488811, 14.655971, 0.0 ], [ -90.48881, 14.655972, 0.0 ], [ -90.488808, 14.655972, 0.0 ], [ -90.488807, 14.655973, 0.0 ], [ -90.488805, 14.655974, 0.0 ], [ -90.488804, 14.655974, 0.0 ], [ -90.488802, 14.655975, 0.0 ], [ -90.488801, 14.655975, 0.0 ], [ -90.488799, 14.655976, 0.0 ], [ -90.488798, 14.655976, 0.0 ], [ -90.488796, 14.655976, 0.0 ], [ -90.488794, 14.655977, 0.0 ], [ -90.488793, 14.655977, 0.0 ], [ -90.488791, 14.655977, 0.0 ], [ -90.48879, 14.655977, 0.0 ], [ -90.488788, 14.655977, 0.0 ], [ -90.488786, 14.655977, 0.0 ], [ -90.488785, 14.655977, 0.0 ], [ -90.488783, 14.655977, 0.0 ], [ -90.488781, 14.655977, 0.0 ], [ -90.48878, 14.655977, 0.0 ], [ -90.488778, 14.655976, 0.0 ], [ -90.488777, 14.655976, 0.0 ], [ -90.488775, 14.655976, 0.0 ], [ -90.488774, 14.655975, 0.0 ], [ -90.488772, 14.655975, 0.0 ], [ -90.488771, 14.655974, 0.0 ], [ -90.488347, 14.655814, 0.0 ], [ -90.487892, 14.655649, 0.0 ], [ -90.487857, 14.655636, 0.0 ], [ -90.487855, 14.655636, 0.0 ], [ -90.487854, 14.655635, 0.0 ], [ -90.487852, 14.655635, 0.0 ], [ -90.48785, 14.655635, 0.0 ], [ -90.487849, 14.655634, 0.0 ], [ -90.487847, 14.655634, 0.0 ], [ -90.487846, 14.655634, 0.0 ], [ -90.487844, 14.655634, 0.0 ], [ -90.487842, 14.655634, 0.0 ], [ -90.487841, 14.655634, 0.0 ], [ -90.487839, 14.655634, 0.0 ], [ -90.487837, 14.655634, 0.0 ], [ -90.487836, 14.655634, 0.0 ], [ -90.487834, 14.655634, 0.0 ], [ -90.487833, 14.655634, 0.0 ], [ -90.487831, 14.655634, 0.0 ], [ -90.48783, 14.655635, 0.0 ], [ -90.487828, 14.655635, 0.0 ], [ -90.487826, 14.655636, 0.0 ], [ -90.487825, 14.655636, 0.0 ], [ -90.487823, 14.655637, 0.0 ], [ -90.487822, 14.655637, 0.0 ], [ -90.48782, 14.655638, 0.0 ], [ -90.487819, 14.655639, 0.0 ], [ -90.487817, 14.655639, 0.0 ], [ -90.487816, 14.65564, 0.0 ], [ -90.487815, 14.655641, 0.0 ], [ -90.487813, 14.655642, 0.0 ], [ -90.487812, 14.655643, 0.0 ], [ -90.487811, 14.655644, 0.0 ], [ -90.48781, 14.655645, 0.0 ], [ -90.487808, 14.655646, 0.0 ], [ -90.487807, 14.655647, 0.0 ], [ -90.487806, 14.655648, 0.0 ], [ -90.487805, 14.655649, 0.0 ], [ -90.487804, 14.655651, 0.0 ], [ -90.487803, 14.655652, 0.0 ], [ -90.487802, 14.655653, 0.0 ], [ -90.487801, 14.655654, 0.0 ], [ -90.4878, 14.655656, 0.0 ], [ -90.4878, 14.655657, 0.0 ], [ -90.487799, 14.655659, 0.0 ], [ -90.487798, 14.65566, 0.0 ], [ -90.487797, 14.655661, 0.0 ], [ -90.487797, 14.655663, 0.0 ], [ -90.487611, 14.656148, 0.0 ], [ -90.487338, 14.656842, 0.0 ], [ -90.487278, 14.657, 0.0 ], [ -90.486843, 14.658116, 0.0 ], [ -90.486452, 14.659102, 0.0 ], [ -90.486452, 14.659104, 0.0 ], [ -90.486451, 14.659105, 0.0 ], [ -90.48645, 14.659107, 0.0 ], [ -90.486449, 14.659108, 0.0 ], [ -90.486449, 14.659109, 0.0 ], [ -90.486448, 14.659111, 0.0 ], [ -90.486447, 14.659112, 0.0 ], [ -90.486446, 14.659113, 0.0 ], [ -90.486445, 14.659114, 0.0 ], [ -90.486444, 14.659116, 0.0 ], [ -90.486443, 14.659117, 0.0 ], [ -90.486442, 14.659118, 0.0 ], [ -90.486441, 14.659119, 0.0 ], [ -90.48644, 14.65912, 0.0 ], [ -90.486438, 14.659121, 0.0 ], [ -90.486437, 14.659122, 0.0 ], [ -90.486436, 14.659123, 0.0 ], [ -90.486435, 14.659124, 0.0 ], [ -90.486433, 14.659125, 0.0 ], [ -90.486432, 14.659125, 0.0 ], [ -90.486431, 14.659126, 0.0 ], [ -90.486429, 14.659127, 0.0 ], [ -90.486428, 14.659128, 0.0 ], [ -90.486426, 14.659128, 0.0 ], [ -90.486425, 14.659129, 0.0 ], [ -90.486423, 14.659129, 0.0 ], [ -90.486422, 14.65913, 0.0 ], [ -90.48642, 14.65913, 0.0 ], [ -90.486419, 14.659131, 0.0 ], [ -90.486417, 14.659131, 0.0 ], [ -90.486416, 14.659131, 0.0 ], [ -90.486414, 14.659131, 0.0 ], [ -90.486412, 14.659131, 0.0 ], [ -90.486411, 14.659132, 0.0 ], [ -90.486409, 14.659132, 0.0 ], [ -90.486408, 14.659132, 0.0 ], [ -90.486406, 14.659132, 0.0 ], [ -90.486404, 14.659131, 0.0 ], [ -90.486403, 14.659131, 0.0 ], [ -90.486401, 14.659131, 0.0 ], [ -90.4864, 14.659131, 0.0 ], [ -90.486398, 14.65913, 0.0 ], [ -90.486397, 14.65913, 0.0 ], [ -90.486395, 14.65913, 0.0 ], [ -90.486394, 14.659129, 0.0 ], [ -90.486392, 14.659129, 0.0 ], [ -90.485849, 14.658927, 0.0 ], [ -90.485847, 14.658926, 0.0 ], [ -90.485846, 14.658926, 0.0 ], [ -90.485844, 14.658925, 0.0 ], [ -90.485843, 14.658924, 0.0 ], [ -90.485841, 14.658924, 0.0 ], [ -90.48584, 14.658923, 0.0 ], [ -90.485839, 14.658922, 0.0 ], [ -90.485837, 14.658921, 0.0 ], [ -90.485836, 14.65892, 0.0 ], [ -90.485835, 14.658919, 0.0 ], [ -90.485834, 14.658918, 0.0 ], [ -90.485832, 14.658917, 0.0 ], [ -90.485831, 14.658916, 0.0 ], [ -90.48583, 14.658915, 0.0 ], [ -90.485829, 14.658913, 0.0 ], [ -90.485828, 14.658912, 0.0 ], [ -90.485827, 14.658911, 0.0 ], [ -90.485826, 14.65891, 0.0 ], [ -90.485825, 14.658908, 0.0 ], [ -90.485825, 14.658907, 0.0 ], [ -90.485824, 14.658905, 0.0 ], [ -90.485823, 14.658904, 0.0 ], [ -90.485823, 14.658903, 0.0 ], [ -90.485822, 14.658901, 0.0 ], [ -90.485821, 14.6589, 0.0 ], [ -90.485821, 14.658898, 0.0 ], [ -90.48582, 14.658897, 0.0 ], [ -90.48582, 14.658895, 0.0 ], [ -90.48582, 14.658894, 0.0 ], [ -90.485819, 14.658892, 0.0 ], [ -90.485819, 14.65889, 0.0 ], [ -90.485819, 14.658889, 0.0 ], [ -90.485819, 14.658887, 0.0 ], [ -90.485819, 14.658886, 0.0 ], [ -90.485819, 14.658884, 0.0 ], [ -90.485819, 14.658883, 0.0 ], [ -90.485819, 14.658881, 0.0 ], [ -90.485819, 14.658879, 0.0 ], [ -90.485819, 14.658878, 0.0 ], [ -90.48582, 14.658876, 0.0 ], [ -90.48582, 14.658875, 0.0 ], [ -90.48582, 14.658873, 0.0 ], [ -90.485821, 14.658872, 0.0 ], [ -90.485821, 14.65887, 0.0 ], [ -90.485822, 14.658869, 0.0 ], [ -90.486226, 14.657836, 0.0 ], [ -90.486226, 14.657834, 0.0 ], [ -90.486227, 14.657833, 0.0 ], [ -90.486228, 14.657832, 0.0 ], [ -90.486228, 14.65783, 0.0 ], [ -90.486229, 14.657829, 0.0 ], [ -90.48623, 14.657828, 0.0 ], [ -90.486231, 14.657826, 0.0 ], [ -90.486232, 14.657825, 0.0 ], [ -90.486233, 14.657824, 0.0 ], [ -90.486234, 14.657823, 0.0 ], [ -90.486235, 14.657821, 0.0 ], [ -90.486236, 14.65782, 0.0 ], [ -90.486237, 14.657819, 0.0 ], [ -90.486238, 14.657818, 0.0 ], [ -90.486239, 14.657817, 0.0 ], [ -90.486241, 14.657816, 0.0 ], [ -90.486242, 14.657815, 0.0 ], [ -90.486243, 14.657814, 0.0 ], [ -90.486245, 14.657814, 0.0 ], [ -90.486246, 14.657813, 0.0 ], [ -90.486247, 14.657812, 0.0 ], [ -90.486249, 14.657811, 0.0 ], [ -90.48625, 14.657811, 0.0 ], [ -90.486252, 14.65781, 0.0 ], [ -90.486253, 14.65781, 0.0 ], [ -90.486255, 14.657809, 0.0 ], [ -90.486256, 14.657809, 0.0 ], [ -90.486258, 14.657808, 0.0 ], [ -90.486259, 14.657808, 0.0 ], [ -90.486261, 14.657808, 0.0 ], [ -90.486262, 14.657807, 0.0 ], [ -90.486264, 14.657807, 0.0 ], [ -90.486266, 14.657807, 0.0 ], [ -90.486267, 14.657807, 0.0 ], [ -90.486269, 14.657807, 0.0 ], [ -90.48627, 14.657807, 0.0 ], [ -90.486272, 14.657807, 0.0 ], [ -90.486274, 14.657807, 0.0 ], [ -90.486275, 14.657807, 0.0 ], [ -90.486277, 14.657807, 0.0 ], [ -90.486278, 14.657808, 0.0 ], [ -90.48628, 14.657808, 0.0 ], [ -90.486281, 14.657808, 0.0 ], [ -90.486283, 14.657809, 0.0 ], [ -90.486284, 14.657809, 0.0 ], [ -90.486286, 14.65781, 0.0 ], [ -90.486807, 14.658006, 0.0 ], [ -90.486809, 14.658006, 0.0 ], [ -90.48681, 14.658007, 0.0 ], [ -90.486812, 14.658007, 0.0 ], [ -90.486813, 14.658008, 0.0 ], [ -90.486815, 14.658008, 0.0 ], [ -90.486816, 14.658008, 0.0 ], [ -90.486818, 14.658009, 0.0 ], [ -90.48682, 14.658009, 0.0 ], [ -90.486821, 14.658009, 0.0 ], [ -90.486823, 14.658009, 0.0 ], [ -90.486824, 14.658009, 0.0 ], [ -90.486826, 14.658009, 0.0 ], [ -90.486827, 14.658009, 0.0 ], [ -90.486829, 14.658009, 0.0 ], [ -90.486831, 14.658008, 0.0 ], [ -90.486832, 14.658008, 0.0 ], [ -90.486834, 14.658008, 0.0 ], [ -90.486835, 14.658008, 0.0 ], [ -90.486837, 14.658007, 0.0 ], [ -90.486838, 14.658007, 0.0 ], [ -90.48684, 14.658006, 0.0 ], [ -90.486841, 14.658006, 0.0 ], [ -90.486843, 14.658005, 0.0 ], [ -90.486844, 14.658004, 0.0 ], [ -90.486846, 14.658004, 0.0 ], [ -90.486847, 14.658003, 0.0 ], [ -90.486848, 14.658002, 0.0 ], [ -90.48685, 14.658001, 0.0 ], [ -90.486851, 14.658, 0.0 ], [ -90.486852, 14.657999, 0.0 ], [ -90.486854, 14.657999, 0.0 ], [ -90.486855, 14.657997, 0.0 ], [ -90.486856, 14.657996, 0.0 ], [ -90.486857, 14.657995, 0.0 ], [ -90.486858, 14.657994, 0.0 ], [ -90.486859, 14.657993, 0.0 ], [ -90.48686, 14.657992, 0.0 ], [ -90.486861, 14.657991, 0.0 ], [ -90.486862, 14.657989, 0.0 ], [ -90.486863, 14.657988, 0.0 ], [ -90.486864, 14.657987, 0.0 ], [ -90.486865, 14.657985, 0.0 ], [ -90.486865, 14.657984, 0.0 ], [ -90.486866, 14.657983, 0.0 ], [ -90.486867, 14.657981, 0.0 ], [ -90.486867, 14.65798, 0.0 ], [ -90.487252, 14.65699, 0.0 ], [ -90.487312, 14.656833, 0.0 ], [ -90.487585, 14.656138, 0.0 ], [ -90.487815, 14.655544, 0.0 ], [ -90.488143, 14.654747, 0.0 ], [ -90.488206, 14.654587, 0.0 ], [ -90.488512, 14.653807, 0.0 ], [ -90.488514, 14.653804, 0.0 ], [ -90.488515, 14.653802, 0.0 ], [ -90.488516, 14.653799, 0.0 ], [ -90.488518, 14.653796, 0.0 ], [ -90.488519, 14.653793, 0.0 ], [ -90.488521, 14.653791, 0.0 ], [ -90.488523, 14.653788, 0.0 ], [ -90.488525, 14.653786, 0.0 ], [ -90.488526, 14.653783, 0.0 ], [ -90.488529, 14.653781, 0.0 ], [ -90.488531, 14.653779, 0.0 ], [ -90.488533, 14.653776, 0.0 ], [ -90.488535, 14.653774, 0.0 ], [ -90.488537, 14.653772, 0.0 ], [ -90.48854, 14.65377, 0.0 ], [ -90.488542, 14.653768, 0.0 ], [ -90.488545, 14.653766, 0.0 ], [ -90.488547, 14.653764, 0.0 ], [ -90.48855, 14.653763, 0.0 ], [ -90.488553, 14.653761, 0.0 ], [ -90.488556, 14.65376, 0.0 ], [ -90.488558, 14.653758, 0.0 ], [ -90.488561, 14.653757, 0.0 ], [ -90.488564, 14.653756, 0.0 ], [ -90.488567, 14.653755, 0.0 ], [ -90.48857, 14.653754, 0.0 ], [ -90.488573, 14.653753, 0.0 ], [ -90.488576, 14.653752, 0.0 ], [ -90.488579, 14.653751, 0.0 ], [ -90.488583, 14.653751, 0.0 ], [ -90.488586, 14.65375, 0.0 ], [ -90.488589, 14.65375, 0.0 ], [ -90.488592, 14.653749, 0.0 ], [ -90.488595, 14.653749, 0.0 ], [ -90.488598, 14.653749, 0.0 ], [ -90.488602, 14.653749, 0.0 ], [ -90.488605, 14.653749, 0.0 ], [ -90.488608, 14.65375, 0.0 ], [ -90.488611, 14.65375, 0.0 ], [ -90.488614, 14.65375, 0.0 ], [ -90.488617, 14.653751, 0.0 ], [ -90.48862, 14.653752, 0.0 ], [ -90.488624, 14.653752, 0.0 ], [ -90.488627, 14.653753, 0.0 ], [ -90.48863, 14.653754, 0.0 ], [ -90.488633, 14.653755, 0.0 ], [ -90.489497, 14.654082, 0.0 ], [ -90.489499, 14.654082, 0.0 ], [ -90.4895, 14.654083, 0.0 ], [ -90.489502, 14.654083, 0.0 ], [ -90.489503, 14.654084, 0.0 ], [ -90.489505, 14.654084, 0.0 ], [ -90.489506, 14.654084, 0.0 ], [ -90.489508, 14.654084, 0.0 ], [ -90.489509, 14.654085, 0.0 ], [ -90.489511, 14.654085, 0.0 ], [ -90.489513, 14.654085, 0.0 ], [ -90.489514, 14.654085, 0.0 ], [ -90.489516, 14.654085, 0.0 ], [ -90.489517, 14.654085, 0.0 ], [ -90.489519, 14.654085, 0.0 ], [ -90.489521, 14.654084, 0.0 ], [ -90.489522, 14.654084, 0.0 ], [ -90.489524, 14.654084, 0.0 ], [ -90.489525, 14.654083, 0.0 ], [ -90.489527, 14.654083, 0.0 ], [ -90.489528, 14.654083, 0.0 ], [ -90.48953, 14.654082, 0.0 ], [ -90.489531, 14.654082, 0.0 ], [ -90.489533, 14.654081, 0.0 ], [ -90.489534, 14.65408, 0.0 ], [ -90.489536, 14.65408, 0.0 ], [ -90.489537, 14.654079, 0.0 ], [ -90.489538, 14.654078, 0.0 ], [ -90.48954, 14.654077, 0.0 ], [ -90.489541, 14.654076, 0.0 ], [ -90.489542, 14.654075, 0.0 ], [ -90.489544, 14.654074, 0.0 ], [ -90.489545, 14.654073, 0.0 ], [ -90.489546, 14.654072, 0.0 ], [ -90.489547, 14.654071, 0.0 ], [ -90.489548, 14.65407, 0.0 ], [ -90.489549, 14.654069, 0.0 ], [ -90.48955, 14.654068, 0.0 ], [ -90.489551, 14.654066, 0.0 ], [ -90.489552, 14.654065, 0.0 ], [ -90.489553, 14.654064, 0.0 ], [ -90.489554, 14.654063, 0.0 ], [ -90.489555, 14.654061, 0.0 ], [ -90.489555, 14.65406, 0.0 ], [ -90.489556, 14.654058, 0.0 ], [ -90.489557, 14.654057, 0.0 ], [ -90.489557, 14.654056, 0.0 ], [ -90.489875, 14.653236, 0.0 ], [ -90.489952, 14.653021, 0.0 ], [ -90.490304, 14.652128, 0.0 ], [ -90.490638, 14.651249, 0.0 ], [ -90.49075, 14.650983, 0.0 ], [ -90.490904, 14.650563, 0.0 ], [ -90.490905, 14.650561, 0.0 ], [ -90.490907, 14.650558, 0.0 ], [ -90.490908, 14.650555, 0.0 ], [ -90.490909, 14.650552, 0.0 ], [ -90.490911, 14.650549, 0.0 ], [ -90.490912, 14.650547, 0.0 ], [ -90.490914, 14.650544, 0.0 ], [ -90.490916, 14.650541, 0.0 ], [ -90.490918, 14.650539, 0.0 ], [ -90.49092, 14.650537, 0.0 ], [ -90.490922, 14.650534, 0.0 ], [ -90.490924, 14.650532, 0.0 ], [ -90.490926, 14.65053, 0.0 ], [ -90.490929, 14.650528, 0.0 ], [ -90.490931, 14.650525, 0.0 ], [ -90.490933, 14.650523, 0.0 ], [ -90.490936, 14.650522, 0.0 ], [ -90.490939, 14.65052, 0.0 ], [ -90.490941, 14.650518, 0.0 ], [ -90.490944, 14.650516, 0.0 ], [ -90.490947, 14.650515, 0.0 ], [ -90.490949, 14.650513, 0.0 ], [ -90.490952, 14.650512, 0.0 ], [ -90.490955, 14.650511, 0.0 ], [ -90.490958, 14.65051, 0.0 ], [ -90.490961, 14.650509, 0.0 ], [ -90.490964, 14.650508, 0.0 ], [ -90.490967, 14.650507, 0.0 ], [ -90.49097, 14.650506, 0.0 ], [ -90.490973, 14.650505, 0.0 ], [ -90.490977, 14.650505, 0.0 ], [ -90.49098, 14.650504, 0.0 ], [ -90.490983, 14.650504, 0.0 ], [ -90.490986, 14.650504, 0.0 ], [ -90.490989, 14.650504, 0.0 ], [ -90.490993, 14.650504, 0.0 ], [ -90.490996, 14.650504, 0.0 ], [ -90.490999, 14.650504, 0.0 ], [ -90.492283, 14.650603, 0.0 ], [ -90.492306, 14.650606, 0.0 ], [ -90.49233, 14.650608, 0.0 ], [ -90.492353, 14.650612, 0.0 ], [ -90.492576, 14.650646, 0.0 ], [ -90.494654, 14.651012, 0.0 ], [ -90.494661, 14.651013, 0.0 ], [ -90.494669, 14.651014, 0.0 ], [ -90.494677, 14.651015, 0.0 ], [ -90.494685, 14.651015, 0.0 ], [ -90.494693, 14.651015, 0.0 ], [ -90.494701, 14.651015, 0.0 ], [ -90.494709, 14.651015, 0.0 ], [ -90.494717, 14.651014, 0.0 ], [ -90.494725, 14.651014, 0.0 ], [ -90.494733, 14.651012, 0.0 ], [ -90.494741, 14.651011, 0.0 ], [ -90.494749, 14.651009, 0.0 ], [ -90.494756, 14.651007, 0.0 ], [ -90.494764, 14.651005, 0.0 ], [ -90.494772, 14.651003, 0.0 ], [ -90.494779, 14.651, 0.0 ], [ -90.494786, 14.650997, 0.0 ], [ -90.494883, 14.650957, 0.0 ], [ -90.494891, 14.650954, 0.0 ], [ -90.494898, 14.650951, 0.0 ], [ -90.494905, 14.650949, 0.0 ], [ -90.494912, 14.650947, 0.0 ], [ -90.49492, 14.650945, 0.0 ], [ -90.494927, 14.650943, 0.0 ], [ -90.494935, 14.650942, 0.0 ], [ -90.494943, 14.65094, 0.0 ], [ -90.49495, 14.65094, 0.0 ], [ -90.494958, 14.650939, 0.0 ], [ -90.494966, 14.650938, 0.0 ], [ -90.494973, 14.650938, 0.0 ], [ -90.494981, 14.650938, 0.0 ], [ -90.494989, 14.650939, 0.0 ], [ -90.494996, 14.650939, 0.0 ], [ -90.495004, 14.65094, 0.0 ], [ -90.495012, 14.650941, 0.0 ], [ -90.49764, 14.651352, 0.0 ], [ -90.498254, 14.651448, 0.0 ], [ -90.498382, 14.651468, 0.0 ], [ -90.498864, 14.651542, 0.0 ], [ -90.498867, 14.651542, 0.0 ], [ -90.49887, 14.651543, 0.0 ], [ -90.498873, 14.651544, 0.0 ], [ -90.498877, 14.651544, 0.0 ], [ -90.49888, 14.651545, 0.0 ], [ -90.498883, 14.651546, 0.0 ], [ -90.498886, 14.651548, 0.0 ], [ -90.498888, 14.651549, 0.0 ], [ -90.498891, 14.65155, 0.0 ], [ -90.498894, 14.651552, 0.0 ], [ -90.498897, 14.651553, 0.0 ], [ -90.4989, 14.651555, 0.0 ], [ -90.498902, 14.651557, 0.0 ], [ -90.498905, 14.651558, 0.0 ], [ -90.498907, 14.65156, 0.0 ], [ -90.49891, 14.651562, 0.0 ], [ -90.498912, 14.651564, 0.0 ], [ -90.498915, 14.651566, 0.0 ], [ -90.498917, 14.651569, 0.0 ], [ -90.498919, 14.651571, 0.0 ], [ -90.498921, 14.651573, 0.0 ], [ -90.498923, 14.651576, 0.0 ], [ -90.498925, 14.651578, 0.0 ], [ -90.498927, 14.651581, 0.0 ], [ -90.498928, 14.651583, 0.0 ], [ -90.49893, 14.651586, 0.0 ], [ -90.498932, 14.651589, 0.0 ], [ -90.498933, 14.651592, 0.0 ], [ -90.498934, 14.651594, 0.0 ], [ -90.498936, 14.651597, 0.0 ], [ -90.498937, 14.6516, 0.0 ], [ -90.498938, 14.651603, 0.0 ], [ -90.498939, 14.651606, 0.0 ], [ -90.49894, 14.651609, 0.0 ], [ -90.49894, 14.651612, 0.0 ], [ -90.498941, 14.651615, 0.0 ], [ -90.498941, 14.651618, 0.0 ], [ -90.498942, 14.651621, 0.0 ], [ -90.498942, 14.651624, 0.0 ], [ -90.498942, 14.651627, 0.0 ], [ -90.498942, 14.651631, 0.0 ], [ -90.498942, 14.651634, 0.0 ], [ -90.498942, 14.651637, 0.0 ], [ -90.498942, 14.65164, 0.0 ], [ -90.498942, 14.651643, 0.0 ], [ -90.498941, 14.651646, 0.0 ], [ -90.498941, 14.651649, 0.0 ], [ -90.49894, 14.651652, 0.0 ], [ -90.498698, 14.652634, 0.0 ], [ -90.498697, 14.652636, 0.0 ], [ -90.498697, 14.652639, 0.0 ], [ -90.498696, 14.652641, 0.0 ], [ -90.498696, 14.652644, 0.0 ], [ -90.498696, 14.652646, 0.0 ], [ -90.498696, 14.652649, 0.0 ], [ -90.498696, 14.652651, 0.0 ], [ -90.498696, 14.652654, 0.0 ], [ -90.498696, 14.652656, 0.0 ], [ -90.498696, 14.652659, 0.0 ], [ -90.498696, 14.652661, 0.0 ], [ -90.498697, 14.652664, 0.0 ], [ -90.498697, 14.652666, 0.0 ], [ -90.498698, 14.652668, 0.0 ], [ -90.498699, 14.652671, 0.0 ], [ -90.498699, 14.652673, 0.0 ], [ -90.4987, 14.652676, 0.0 ], [ -90.498701, 14.652678, 0.0 ], [ -90.498702, 14.65268, 0.0 ], [ -90.498703, 14.652683, 0.0 ], [ -90.498705, 14.652685, 0.0 ], [ -90.498706, 14.652687, 0.0 ], [ -90.498707, 14.652689, 0.0 ], [ -90.498709, 14.652691, 0.0 ], [ -90.49871, 14.652693, 0.0 ], [ -90.498712, 14.652695, 0.0 ], [ -90.498713, 14.652697, 0.0 ], [ -90.498715, 14.652699, 0.0 ], [ -90.498717, 14.652701, 0.0 ], [ -90.498719, 14.652703, 0.0 ], [ -90.49872, 14.652704, 0.0 ], [ -90.498722, 14.652706, 0.0 ], [ -90.498724, 14.652708, 0.0 ], [ -90.498726, 14.652709, 0.0 ], [ -90.498729, 14.652711, 0.0 ], [ -90.498731, 14.652712, 0.0 ], [ -90.498733, 14.652713, 0.0 ], [ -90.498735, 14.652714, 0.0 ], [ -90.498738, 14.652716, 0.0 ], [ -90.49874, 14.652717, 0.0 ], [ -90.498742, 14.652718, 0.0 ], [ -90.498745, 14.652718, 0.0 ], [ -90.498747, 14.652719, 0.0 ], [ -90.49875, 14.65272, 0.0 ], [ -90.498752, 14.652721, 0.0 ], [ -90.498755, 14.652721, 0.0 ], [ -90.498757, 14.652722, 0.0 ], [ -90.499217, 14.6528, 0.0 ], [ -90.499246, 14.652805, 0.0 ], [ -90.499274, 14.652808, 0.0 ], [ -90.499302, 14.652811, 0.0 ], [ -90.499331, 14.652813, 0.0 ], [ -90.499889, 14.65284, 0.0 ], [ -90.500095, 14.652855, 0.0 ], [ -90.500265, 14.652868, 0.0 ], [ -90.500273, 14.652869, 0.0 ], [ -90.50028, 14.652869, 0.0 ], [ -90.500288, 14.652869, 0.0 ], [ -90.500295, 14.652868, 0.0 ], [ -90.500303, 14.652868, 0.0 ], [ -90.500311, 14.652867, 0.0 ], [ -90.500318, 14.652866, 0.0 ], [ -90.500326, 14.652865, 0.0 ], [ -90.500333, 14.652863, 0.0 ], [ -90.50034, 14.652862, 0.0 ], [ -90.500348, 14.65286, 0.0 ], [ -90.500355, 14.652858, 0.0 ], [ -90.500362, 14.652855, 0.0 ], [ -90.500369, 14.652853, 0.0 ], [ -90.500735, 14.65271, 0.0 ], [ -90.500738, 14.652709, 0.0 ], [ -90.500741, 14.652707, 0.0 ], [ -90.500744, 14.652706, 0.0 ], [ -90.500747, 14.652705, 0.0 ], [ -90.500749, 14.652703, 0.0 ], [ -90.500752, 14.652701, 0.0 ], [ -90.500755, 14.652699, 0.0 ], [ -90.500757, 14.652697, 0.0 ], [ -90.50076, 14.652696, 0.0 ], [ -90.500762, 14.652693, 0.0 ], [ -90.500765, 14.652691, 0.0 ], [ -90.500767, 14.652689, 0.0 ], [ -90.500769, 14.652687, 0.0 ], [ -90.500771, 14.652684, 0.0 ], [ -90.500773, 14.652682, 0.0 ], [ -90.500775, 14.652679, 0.0 ], [ -90.500777, 14.652677, 0.0 ], [ -90.500779, 14.652674, 0.0 ], [ -90.500781, 14.652672, 0.0 ], [ -90.500782, 14.652669, 0.0 ], [ -90.500784, 14.652666, 0.0 ], [ -90.500785, 14.652663, 0.0 ], [ -90.500786, 14.65266, 0.0 ], [ -90.500788, 14.652657, 0.0 ], [ -90.500789, 14.652654, 0.0 ], [ -90.50088, 14.652382, 0.0 ], [ -90.500925, 14.652247, 0.0 ], [ -90.501031, 14.651925, 0.0 ], [ -90.501066, 14.651778, 0.0 ], [ -90.501148, 14.65146, 0.0 ], [ -90.501187, 14.651294, 0.0 ], [ -90.501357, 14.650727, 0.0 ], [ -90.501454, 14.65048, 0.0 ], [ -90.501497, 14.650359, 0.0 ], [ -90.501687, 14.649901, 0.0 ], [ -90.501743, 14.649766, 0.0 ], [ -90.501872, 14.649477, 0.0 ], [ -90.502189, 14.648788, 0.0 ], [ -90.502242, 14.648657, 0.0 ], [ -90.502603, 14.647825, 0.0 ], [ -90.502845, 14.647092, 0.0 ], [ -90.502943, 14.646778, 0.0 ], [ -90.502951, 14.646752, 0.0 ], [ -90.502961, 14.646726, 0.0 ], [ -90.502971, 14.646701, 0.0 ], [ -90.503103, 14.646385, 0.0 ], [ -90.503405, 14.645762, 0.0 ], [ -90.503452, 14.64568, 0.0 ], [ -90.503713, 14.645206, 0.0 ], [ -90.503893, 14.644839, 0.0 ], [ -90.503962, 14.644692, 0.0 ], [ -90.504222, 14.644122, 0.0 ], [ -90.504229, 14.644109, 0.0 ], [ -90.504236, 14.644096, 0.0 ], [ -90.504243, 14.644082, 0.0 ], [ -90.504251, 14.64407, 0.0 ], [ -90.504259, 14.644057, 0.0 ], [ -90.504268, 14.644045, 0.0 ], [ -90.504277, 14.644033, 0.0 ], [ -90.504286, 14.644021, 0.0 ], [ -90.504296, 14.644009, 0.0 ], [ -90.504307, 14.643998, 0.0 ], [ -90.505172, 14.643093, 0.0 ], [ -90.505192, 14.643073, 0.0 ], [ -90.505213, 14.643054, 0.0 ], [ -90.505234, 14.643035, 0.0 ], [ -90.505256, 14.643016, 0.0 ], [ -90.505278, 14.642999, 0.0 ], [ -90.505669, 14.6427, 0.0 ], [ -90.505824, 14.642578, 0.0 ], [ -90.505836, 14.642568, 0.0 ], [ -90.505848, 14.642558, 0.0 ], [ -90.505859, 14.642548, 0.0 ], [ -90.505869, 14.642538, 0.0 ], [ -90.50588, 14.642527, 0.0 ], [ -90.50589, 14.642515, 0.0 ], [ -90.505899, 14.642504, 0.0 ], [ -90.505909, 14.642492, 0.0 ], [ -90.505917, 14.64248, 0.0 ], [ -90.505926, 14.642467, 0.0 ], [ -90.505934, 14.642455, 0.0 ], [ -90.505941, 14.642442, 0.0 ], [ -90.506037, 14.64227, 0.0 ], [ -90.506039, 14.642267, 0.0 ], [ -90.506041, 14.642264, 0.0 ], [ -90.506042, 14.642262, 0.0 ], [ -90.506044, 14.642259, 0.0 ], [ -90.506046, 14.642257, 0.0 ], [ -90.506048, 14.642254, 0.0 ], [ -90.506051, 14.642252, 0.0 ], [ -90.506053, 14.64225, 0.0 ], [ -90.506055, 14.642247, 0.0 ], [ -90.506058, 14.642245, 0.0 ], [ -90.50606, 14.642243, 0.0 ], [ -90.506063, 14.642241, 0.0 ], [ -90.506065, 14.642239, 0.0 ], [ -90.506068, 14.642237, 0.0 ], [ -90.506071, 14.642236, 0.0 ], [ -90.506073, 14.642234, 0.0 ], [ -90.506076, 14.642233, 0.0 ], [ -90.506079, 14.642231, 0.0 ], [ -90.506082, 14.64223, 0.0 ], [ -90.506085, 14.642229, 0.0 ], [ -90.506088, 14.642228, 0.0 ], [ -90.506091, 14.642227, 0.0 ], [ -90.506094, 14.642226, 0.0 ], [ -90.506097, 14.642225, 0.0 ], [ -90.506101, 14.642224, 0.0 ], [ -90.506104, 14.642224, 0.0 ], [ -90.506107, 14.642223, 0.0 ], [ -90.50611, 14.642223, 0.0 ], [ -90.506114, 14.642223, 0.0 ], [ -90.506117, 14.642223, 0.0 ], [ -90.50612, 14.642223, 0.0 ], [ -90.506123, 14.642223, 0.0 ], [ -90.506127, 14.642223, 0.0 ], [ -90.50613, 14.642223, 0.0 ], [ -90.506133, 14.642224, 0.0 ], [ -90.506713, 14.64231, 0.0 ], [ -90.506861, 14.642332, 0.0 ], [ -90.507347, 14.642406, 0.0 ], [ -90.507453, 14.642422, 0.0 ], [ -90.507984, 14.642502, 0.0 ], [ -90.507986, 14.642502, 0.0 ], [ -90.507987, 14.642502, 0.0 ], [ -90.507989, 14.642502, 0.0 ], [ -90.50799, 14.642502, 0.0 ], [ -90.507992, 14.642502, 0.0 ], [ -90.507994, 14.642502, 0.0 ], [ -90.507995, 14.642502, 0.0 ], [ -90.507997, 14.642502, 0.0 ], [ -90.507998, 14.642502, 0.0 ], [ -90.508, 14.642502, 0.0 ], [ -90.508002, 14.642501, 0.0 ], [ -90.508003, 14.642501, 0.0 ], [ -90.508005, 14.642501, 0.0 ], [ -90.508006, 14.6425, 0.0 ], [ -90.508008, 14.6425, 0.0 ], [ -90.508009, 14.642499, 0.0 ], [ -90.508011, 14.642498, 0.0 ], [ -90.508012, 14.642498, 0.0 ], [ -90.508013, 14.642497, 0.0 ], [ -90.508015, 14.642496, 0.0 ], [ -90.508016, 14.642495, 0.0 ], [ -90.508018, 14.642494, 0.0 ], [ -90.508019, 14.642493, 0.0 ], [ -90.50802, 14.642493, 0.0 ], [ -90.508021, 14.642492, 0.0 ], [ -90.508023, 14.64249, 0.0 ], [ -90.508024, 14.642489, 0.0 ], [ -90.508025, 14.642488, 0.0 ], [ -90.508026, 14.642487, 0.0 ], [ -90.508027, 14.642486, 0.0 ], [ -90.508028, 14.642485, 0.0 ], [ -90.508029, 14.642483, 0.0 ], [ -90.50803, 14.642482, 0.0 ], [ -90.508031, 14.642481, 0.0 ], [ -90.508031, 14.642479, 0.0 ], [ -90.508032, 14.642478, 0.0 ], [ -90.508033, 14.642477, 0.0 ], [ -90.508034, 14.642475, 0.0 ], [ -90.508034, 14.642474, 0.0 ], [ -90.508035, 14.642472, 0.0 ], [ -90.508035, 14.642471, 0.0 ], [ -90.508036, 14.642469, 0.0 ], [ -90.508036, 14.642468, 0.0 ], [ -90.508037, 14.642466, 0.0 ], [ -90.508037, 14.642465, 0.0 ], [ -90.508037, 14.642463, 0.0 ], [ -90.508303, 14.640515, 0.0 ], [ -90.508462, 14.639447, 0.0 ], [ -90.508738, 14.637404, 0.0 ], [ -90.509046, 14.635147, 0.0 ], [ -90.509111, 14.634676, 0.0 ], [ -90.509536, 14.631492, 0.0 ], [ -90.509687, 14.630356, 0.0 ], [ -90.509871, 14.629022, 0.0 ], [ -90.509964, 14.62838, 0.0 ] ] } },
{ "type": "Feature", "properties": { "id_linea": "sistema", "capa": "RUTA 5 - TUBUS Operado por Transmetro", "orden": 15, "nombre": "RUTA 5" }, "geometry": { "type": "LineString", "coordinates": [ [ -90.507232, 14.639355, 0.0 ], [ -90.505949, 14.639136, 0.0 ], [ -90.505734, 14.640857, 0.0 ], [ -90.505481, 14.640838, 0.0 ], [ -90.504658, 14.640693, 0.0 ], [ -90.504488, 14.640653, 0.0 ], [ -90.504162, 14.640542, 0.0 ], [ -90.503753, 14.640358, 0.0 ], [ -90.503265, 14.640108, 0.0 ], [ -90.502553, 14.639791, 0.0 ], [ -90.502032, 14.639666, 0.0 ], [ -90.501562, 14.639657, 0.0 ], [ -90.50118, 14.639694, 0.0 ], [ -90.500592, 14.639737, 0.0 ], [ -90.500234, 14.639763, 0.0 ], [ -90.500004, 14.639714, 0.0 ], [ -90.49986, 14.639638, 0.0 ], [ -90.499674, 14.639488, 0.0 ], [ -90.499308, 14.639199, 0.0 ], [ -90.49897, 14.638941, 0.0 ], [ -90.49867, 14.638732, 0.0 ], [ -90.498498, 14.638638, 0.0 ], [ -90.498332, 14.638597, 0.0 ], [ -90.498084, 14.638565, 0.0 ], [ -90.49761, 14.638559, 0.0 ], [ -90.497296, 14.63855, 0.0 ], [ -90.49703, 14.638539, 0.0 ], [ -90.496781, 14.638482, 0.0 ], [ -90.496581, 14.638409, 0.0 ], [ -90.496244, 14.638203, 0.0 ], [ -90.495843, 14.637987, 0.0 ], [ -90.495531, 14.637802, 0.0 ], [ -90.494708, 14.63736, 0.0 ], [ -90.494059, 14.636972, 0.0 ], [ -90.493802, 14.636805, 0.0 ], [ -90.49352, 14.63655, 0.0 ], [ -90.493311, 14.636014, 0.0 ], [ -90.493229, 14.635721, 0.0 ], [ -90.493199, 14.635421, 0.0 ], [ -90.493301, 14.635023, 0.0 ], [ -90.493446, 14.634684, 0.0 ], [ -90.494227, 14.633226, 0.0 ], [ -90.494833, 14.63222, 0.0 ], [ -90.495007, 14.631731, 0.0 ], [ -90.495062, 14.631377, 0.0 ], [ -90.495049, 14.631033, 0.0 ], [ -90.494906, 14.630723, 0.0 ], [ -90.494705, 14.630357, 0.0 ], [ -90.494016, 14.629206, 0.0 ], [ -90.493887, 14.628888, 0.0 ], [ -90.493849, 14.628694, 0.0 ], [ -90.493875, 14.628501, 0.0 ], [ -90.493945, 14.628296, 0.0 ], [ -90.494032, 14.628112, 0.0 ], [ -90.494114, 14.627992, 0.0 ], [ -90.495017, 14.627283, 0.0 ], [ -90.495435, 14.626974, 0.0 ], [ -90.496137, 14.626631, 0.0 ], [ -90.496562, 14.626409, 0.0 ], [ -90.498021, 14.625306, 0.0 ], [ -90.498996, 14.624605, 0.0 ], [ -90.49926, 14.624432, 0.0 ], [ -90.499666, 14.62424, 0.0 ], [ -90.499849, 14.624156, 0.0 ], [ -90.500066, 14.624041, 0.0 ], [ -90.500528, 14.623757, 0.0 ], [ -90.501543, 14.623062, 0.0 ], [ -90.501711, 14.622866, 0.0 ], [ -90.502258, 14.621871, 0.0 ], [ -90.502308, 14.621849, 0.0 ], [ -90.5025, 14.62184, 0.0 ], [ -90.502815, 14.621854, 0.0 ], [ -90.503192, 14.62197, 0.0 ], [ -90.503413, 14.622018, 0.0 ], [ -90.503654, 14.62205, 0.0 ], [ -90.504064, 14.622118, 0.0 ], [ -90.505559, 14.622308, 0.0 ], [ -90.506818, 14.62248, 0.0 ], [ -90.507967, 14.62262, 0.0 ], [ -90.509084, 14.622796, 0.0 ], [ -90.509383, 14.622838, 0.0 ], [ -90.510104, 14.622803, 0.0 ], [ -90.51061, 14.622764, 0.0 ], [ -90.511248, 14.622788, 0.0 ], [ -90.512052, 14.622882, 0.0 ], [ -90.513112, 14.623021, 0.0 ], [ -90.514038, 14.623153, 0.0 ], [ -90.514559, 14.623216, 0.0 ], [ -90.514837, 14.623247, 0.0 ], [ -90.51521, 14.623315, 0.0 ], [ -90.515742, 14.623582, 0.0 ], [ -90.516184, 14.623833, 0.0 ], [ -90.516227, 14.623879, 0.0 ], [ -90.516198, 14.623927, 0.0 ], [ -90.514878, 14.624896, 0.0 ], [ -90.514666, 14.62632, 0.0 ], [ -90.516038, 14.626482, 0.0 ], [ -90.516233, 14.624969, 0.0 ], [ -90.516369, 14.623914, 0.0 ], [ -90.516299, 14.623792, 0.0 ], [ -90.515803, 14.623491, 0.0 ], [ -90.515489, 14.62334, 0.0 ], [ -90.515153, 14.62322, 0.0 ], [ -90.514722, 14.623166, 0.0 ], [ -90.514236, 14.62311, 0.0 ], [ -90.513624, 14.623028, 0.0 ], [ -90.512761, 14.62291, 0.0 ], [ -90.511936, 14.622809, 0.0 ], [ -90.511241, 14.622691, 0.0 ], [ -90.511138, 14.622566, 0.0 ], [ -90.511001, 14.622354, 0.0 ], [ -90.510869, 14.622231, 0.0 ], [ -90.510694, 14.622133, 0.0 ], [ -90.510085, 14.621932, 0.0 ], [ -90.509648, 14.621797, 0.0 ], [ -90.509171, 14.621738, 0.0 ], [ -90.508678, 14.621687, 0.0 ], [ -90.507846, 14.621639, 0.0 ], [ -90.50602, 14.621681, 0.0 ], [ -90.504845, 14.621701, 0.0 ], [ -90.503562, 14.62177, 0.0 ], [ -90.503469, 14.621784, 0.0 ], [ -90.503403, 14.621825, 0.0 ], [ -90.503364, 14.62196, 0.0 ], [ -90.503326, 14.622091, 0.0 ], [ -90.503208, 14.622948, 0.0 ], [ -90.503055, 14.624048, 0.0 ], [ -90.502945, 14.624819, 0.0 ], [ -90.502917, 14.62492, 0.0 ], [ -90.502748, 14.624891, 0.0 ], [ -90.50194, 14.624775, 0.0 ], [ -90.49993, 14.624497, 0.0 ], [ -90.499387, 14.624434, 0.0 ], [ -90.499161, 14.624382, 0.0 ], [ -90.498991, 14.624432, 0.0 ], [ -90.49866, 14.624644, 0.0 ], [ -90.498217, 14.624977, 0.0 ], [ -90.497368, 14.625626, 0.0 ], [ -90.496557, 14.626272, 0.0 ], [ -90.496359, 14.626385, 0.0 ], [ -90.495767, 14.626672, 0.0 ], [ -90.495253, 14.626923, 0.0 ], [ -90.494622, 14.627372, 0.0 ], [ -90.494038, 14.627842, 0.0 ], [ -90.49384, 14.628021, 0.0 ], [ -90.493736, 14.628228, 0.0 ], [ -90.493686, 14.628472, 0.0 ], [ -90.49365, 14.628717, 0.0 ], [ -90.493671, 14.628924, 0.0 ], [ -90.493774, 14.629156, 0.0 ], [ -90.493987, 14.629534, 0.0 ], [ -90.494528, 14.630421, 0.0 ], [ -90.494775, 14.63092, 0.0 ], [ -90.494866, 14.631231, 0.0 ], [ -90.49488, 14.631548, 0.0 ], [ -90.494786, 14.63182, 0.0 ], [ -90.494654, 14.632119, 0.0 ], [ -90.49329, 14.634558, 0.0 ], [ -90.493139, 14.63486, 0.0 ], [ -90.493051, 14.635209, 0.0 ], [ -90.493026, 14.635496, 0.0 ], [ -90.493042, 14.635789, 0.0 ], [ -90.493106, 14.636011, 0.0 ], [ -90.49328, 14.636367, 0.0 ], [ -90.493458, 14.636606, 0.0 ], [ -90.493765, 14.636859, 0.0 ], [ -90.494141, 14.637107, 0.0 ], [ -90.494468, 14.637283, 0.0 ], [ -90.494822, 14.637479, 0.0 ], [ -90.495469, 14.637851, 0.0 ], [ -90.495821, 14.638064, 0.0 ], [ -90.496205, 14.638295, 0.0 ], [ -90.496557, 14.638493, 0.0 ], [ -90.496778, 14.63858, 0.0 ], [ -90.497055, 14.638616, 0.0 ], [ -90.497324, 14.638637, 0.0 ], [ -90.497622, 14.638655, 0.0 ], [ -90.498096, 14.63866, 0.0 ], [ -90.498341, 14.638716, 0.0 ], [ -90.498524, 14.638778, 0.0 ], [ -90.4987, 14.638878, 0.0 ], [ -90.499014, 14.639092, 0.0 ], [ -90.499483, 14.63947, 0.0 ], [ -90.4998, 14.639713, 0.0 ], [ -90.499966, 14.639799, 0.0 ], [ -90.500213, 14.639854, 0.0 ], [ -90.500474, 14.639843, 0.0 ], [ -90.500788, 14.639805, 0.0 ], [ -90.501165, 14.639768, 0.0 ], [ -90.501633, 14.639732, 0.0 ], [ -90.502028, 14.639752, 0.0 ], [ -90.502525, 14.63985, 0.0 ], [ -90.503231, 14.640182, 0.0 ], [ -90.503692, 14.640413, 0.0 ], [ -90.503952, 14.640548, 0.0 ], [ -90.504286, 14.640664, 0.0 ], [ -90.504558, 14.640755, 0.0 ], [ -90.504851, 14.6408, 0.0 ], [ -90.50514, 14.640832, 0.0 ], [ -90.50524, 14.640002, 0.0 ], [ -90.505437, 14.640027, 0.0 ], [ -90.505843, 14.640085, 0.0 ], [ -90.507131, 14.640257, 0.0 ], [ -90.507227, 14.639359, 0.0 ] ] } },
{ "type": "Feature", "properties": { "id_linea": "sistema", "capa": "SISTEMA TUBUS - Paradas Ruta 801", "orden": 48, "nombre": "Ruta 801" }, "geometry": { "type": "LineString", "coordinates": [ [ -90.528292, 14.659809, 0.0 ], [ -90.528359, 14.659678, 0.0 ], [ -90.528998, 14.658452, 0.0 ], [ -90.529861, 14.656801, 0.0 ], [ -90.530585, 14.65543, 0.0 ], [ -90.530833, 14.654988, 0.0 ], [ -90.531096, 14.654554, 0.0 ], [ -90.531114, 14.654525, 0.0 ], [ -90.531131, 14.654495, 0.0 ], [ -90.531146, 14.654464, 0.0 ], [ -90.53116, 14.654433, 0.0 ], [ -90.531174, 14.654401, 0.0 ], [ -90.531186, 14.654369, 0.0 ], [ -90.531196, 14.654337, 0.0 ], [ -90.531206, 14.654304, 0.0 ], [ -90.531215, 14.654271, 0.0 ], [ -90.531222, 14.654238, 0.0 ], [ -90.531228, 14.654204, 0.0 ], [ -90.531242, 14.654131, 0.0 ], [ -90.531257, 14.654058, 0.0 ], [ -90.531275, 14.653985, 0.0 ], [ -90.531296, 14.653913, 0.0 ], [ -90.531318, 14.653842, 0.0 ], [ -90.531336, 14.653791, 0.0 ], [ -90.531356, 14.653741, 0.0 ], [ -90.531378, 14.653692, 0.0 ], [ -90.531401, 14.653643, 0.0 ], [ -90.531426, 14.653595, 0.0 ], [ -90.531452, 14.653548, 0.0 ], [ -90.532211, 14.652264, 0.0 ], [ -90.532672, 14.651525, 0.0 ], [ -90.532686, 14.651504, 0.0 ], [ -90.5327, 14.651483, 0.0 ], [ -90.532715, 14.651463, 0.0 ], [ -90.532987, 14.651099, 0.0 ], [ -90.533091, 14.650961, 0.0 ], [ -90.533484, 14.650436, 0.0 ], [ -90.533632, 14.650236, 0.0 ], [ -90.534007, 14.649735, 0.0 ], [ -90.534135, 14.649562, 0.0 ], [ -90.534522, 14.649042, 0.0 ], [ -90.534646, 14.648878, 0.0 ], [ -90.535007, 14.648392, 0.0 ], [ -90.535551, 14.647651, 0.0 ], [ -90.535562, 14.647635, 0.0 ], [ -90.535574, 14.64762, 0.0 ], [ -90.535587, 14.647604, 0.0 ], [ -90.5356, 14.647589, 0.0 ], [ -90.535614, 14.647575, 0.0 ], [ -90.535628, 14.647561, 0.0 ], [ -90.535642, 14.647547, 0.0 ], [ -90.535657, 14.647534, 0.0 ], [ -90.535673, 14.647521, 0.0 ], [ -90.535689, 14.647509, 0.0 ], [ -90.535705, 14.647498, 0.0 ], [ -90.53583, 14.647412, 0.0 ], [ -90.536305, 14.6471, 0.0 ], [ -90.53632, 14.647089, 0.0 ], [ -90.536335, 14.647077, 0.0 ], [ -90.536349, 14.647065, 0.0 ], [ -90.536363, 14.647053, 0.0 ], [ -90.536377, 14.64704, 0.0 ], [ -90.53639, 14.647027, 0.0 ], [ -90.536403, 14.647013, 0.0 ], [ -90.536415, 14.646999, 0.0 ], [ -90.536426, 14.646984, 0.0 ], [ -90.536438, 14.646969, 0.0 ], [ -90.536448, 14.646954, 0.0 ], [ -90.536459, 14.646939, 0.0 ], [ -90.536468, 14.646925, 0.0 ], [ -90.536485, 14.646899, 0.0 ], [ -90.536501, 14.646872, 0.0 ], [ -90.536517, 14.646845, 0.0 ], [ -90.536531, 14.646818, 0.0 ], [ -90.536545, 14.64679, 0.0 ], [ -90.536557, 14.646761, 0.0 ], [ -90.536569, 14.646733, 0.0 ], [ -90.536579, 14.646703, 0.0 ], [ -90.536589, 14.646674, 0.0 ], [ -90.536598, 14.646644, 0.0 ], [ -90.536605, 14.646614, 0.0 ], [ -90.536612, 14.646584, 0.0 ], [ -90.536617, 14.646554, 0.0 ], [ -90.536645, 14.646372, 0.0 ], [ -90.536678, 14.646191, 0.0 ], [ -90.536717, 14.646012, 0.0 ], [ -90.536761, 14.645834, 0.0 ], [ -90.536811, 14.645657, 0.0 ], [ -90.53682, 14.645629, 0.0 ], [ -90.536829, 14.645601, 0.0 ], [ -90.53684, 14.645574, 0.0 ], [ -90.536852, 14.645548, 0.0 ], [ -90.536864, 14.645521, 0.0 ], [ -90.536878, 14.645496, 0.0 ], [ -90.536892, 14.64547, 0.0 ], [ -90.536908, 14.645445, 0.0 ], [ -90.536924, 14.645421, 0.0 ], [ -90.536941, 14.645397, 0.0 ], [ -90.536959, 14.645374, 0.0 ], [ -90.536978, 14.645352, 0.0 ], [ -90.536998, 14.64533, 0.0 ], [ -90.537016, 14.645314, 0.0 ], [ -90.537035, 14.645299, 0.0 ], [ -90.537055, 14.645284, 0.0 ], [ -90.537075, 14.64527, 0.0 ], [ -90.537096, 14.645257, 0.0 ], [ -90.537116, 14.645245, 0.0 ], [ -90.537138, 14.645233, 0.0 ], [ -90.53716, 14.645222, 0.0 ], [ -90.537182, 14.645211, 0.0 ], [ -90.537204, 14.645201, 0.0 ], [ -90.537227, 14.645192, 0.0 ], [ -90.53725, 14.645184, 0.0 ], [ -90.537274, 14.645177, 0.0 ], [ -90.537362, 14.645149, 0.0 ], [ -90.53745, 14.645119, 0.0 ], [ -90.537529, 14.64509, 0.0 ], [ -90.53761, 14.645063, 0.0 ], [ -90.537692, 14.645039, 0.0 ], [ -90.537774, 14.645018, 0.0 ], [ -90.537857, 14.644999, 0.0 ], [ -90.53794, 14.644983, 0.0 ], [ -90.538349, 14.644911, 0.0 ], [ -90.538356, 14.64491, 0.0 ], [ -90.538364, 14.644909, 0.0 ], [ -90.538371, 14.644908, 0.0 ], [ -90.538379, 14.644907, 0.0 ], [ -90.538386, 14.644907, 0.0 ], [ -90.538394, 14.644907, 0.0 ], [ -90.538401, 14.644907, 0.0 ], [ -90.538408, 14.644907, 0.0 ], [ -90.538416, 14.644908, 0.0 ], [ -90.538423, 14.644909, 0.0 ], [ -90.538431, 14.64491, 0.0 ], [ -90.538438, 14.644912, 0.0 ], [ -90.538445, 14.644913, 0.0 ], [ -90.538452, 14.644915, 0.0 ], [ -90.538459, 14.644917, 0.0 ], [ -90.538466, 14.64492, 0.0 ], [ -90.538473, 14.644922, 0.0 ], [ -90.53848, 14.644925, 0.0 ], [ -90.538487, 14.644928, 0.0 ], [ -90.538494, 14.644931, 0.0 ], [ -90.5385, 14.644935, 0.0 ], [ -90.538506, 14.644939, 0.0 ], [ -90.538513, 14.644943, 0.0 ], [ -90.538519, 14.644947, 0.0 ], [ -90.538525, 14.644951, 0.0 ], [ -90.538531, 14.644956, 0.0 ], [ -90.538536, 14.64496, 0.0 ], [ -90.538542, 14.644965, 0.0 ], [ -90.538547, 14.64497, 0.0 ], [ -90.538552, 14.644976, 0.0 ], [ -90.538557, 14.644981, 0.0 ], [ -90.538562, 14.644987, 0.0 ], [ -90.538566, 14.644992, 0.0 ], [ -90.53857, 14.644998, 0.0 ], [ -90.538579, 14.64501, 0.0 ], [ -90.538587, 14.645021, 0.0 ], [ -90.538596, 14.645031, 0.0 ], [ -90.538605, 14.645042, 0.0 ], [ -90.538615, 14.645052, 0.0 ], [ -90.538625, 14.645062, 0.0 ], [ -90.538635, 14.645071, 0.0 ], [ -90.538646, 14.64508, 0.0 ], [ -90.538657, 14.645089, 0.0 ], [ -90.538668, 14.645097, 0.0 ], [ -90.53868, 14.645105, 0.0 ], [ -90.538691, 14.645113, 0.0 ], [ -90.538703, 14.64512, 0.0 ], [ -90.538716, 14.645127, 0.0 ], [ -90.538728, 14.645133, 0.0 ], [ -90.538745, 14.645141, 0.0 ], [ -90.538762, 14.645149, 0.0 ], [ -90.53878, 14.645156, 0.0 ], [ -90.538797, 14.645162, 0.0 ], [ -90.538815, 14.645168, 0.0 ], [ -90.538833, 14.645173, 0.0 ], [ -90.538852, 14.645177, 0.0 ], [ -90.53887, 14.645181, 0.0 ], [ -90.538888, 14.645185, 0.0 ], [ -90.538907, 14.645187, 0.0 ], [ -90.538926, 14.645189, 0.0 ], [ -90.538944, 14.645191, 0.0 ], [ -90.538963, 14.645192, 0.0 ], [ -90.538982, 14.645192, 0.0 ], [ -90.539001, 14.645191, 0.0 ], [ -90.53902, 14.64519, 0.0 ], [ -90.539038, 14.645189, 0.0 ], [ -90.539057, 14.645186, 0.0 ], [ -90.539076, 14.645184, 0.0 ], [ -90.539094, 14.64518, 0.0 ], [ -90.539112, 14.645176, 0.0 ], [ -90.539131, 14.645171, 0.0 ], [ -90.539203, 14.64515, 0.0 ], [ -90.539275, 14.645126, 0.0 ], [ -90.539346, 14.6451, 0.0 ], [ -90.539416, 14.645071, 0.0 ], [ -90.539485, 14.64504, 0.0 ], [ -90.539553, 14.645007, 0.0 ], [ -90.539619, 14.644972, 0.0 ], [ -90.539684, 14.644934, 0.0 ], [ -90.540484, 14.644456, 0.0 ], [ -90.540946, 14.644193, 0.0 ], [ -90.54178, 14.64377, 0.0 ], [ -90.543245, 14.643039, 0.0 ], [ -90.54354, 14.642908, 0.0 ], [ -90.543963, 14.642761, 0.0 ], [ -90.544538, 14.642584, 0.0 ], [ -90.544615, 14.642554, 0.0 ], [ -90.544691, 14.642521, 0.0 ], [ -90.544766, 14.642486, 0.0 ], [ -90.544839, 14.642448, 0.0 ], [ -90.544911, 14.642408, 0.0 ], [ -90.544982, 14.642365, 0.0 ], [ -90.545051, 14.64232, 0.0 ], [ -90.545119, 14.642273, 0.0 ], [ -90.545184, 14.642224, 0.0 ], [ -90.545248, 14.642172, 0.0 ], [ -90.54531, 14.642118, 0.0 ], [ -90.545616, 14.641844, 0.0 ], [ -90.545848, 14.641623, 0.0 ], [ -90.545859, 14.641612, 0.0 ], [ -90.54587, 14.641601, 0.0 ], [ -90.54588, 14.64159, 0.0 ], [ -90.54589, 14.641578, 0.0 ], [ -90.545899, 14.641565, 0.0 ], [ -90.545908, 14.641553, 0.0 ], [ -90.545917, 14.64154, 0.0 ], [ -90.545925, 14.641527, 0.0 ], [ -90.545933, 14.641513, 0.0 ], [ -90.54594, 14.6415, 0.0 ], [ -90.545947, 14.641486, 0.0 ], [ -90.545953, 14.641472, 0.0 ], [ -90.545959, 14.641458, 0.0 ], [ -90.545964, 14.641443, 0.0 ], [ -90.545968, 14.641429, 0.0 ], [ -90.545973, 14.641414, 0.0 ], [ -90.545976, 14.641399, 0.0 ], [ -90.54598, 14.641384, 0.0 ], [ -90.545987, 14.641343, 0.0 ], [ -90.545991, 14.641328, 0.0 ], [ -90.545994, 14.641312, 0.0 ], [ -90.545999, 14.641297, 0.0 ], [ -90.546004, 14.641283, 0.0 ], [ -90.546009, 14.641268, 0.0 ], [ -90.546015, 14.641253, 0.0 ], [ -90.546021, 14.641239, 0.0 ], [ -90.546028, 14.641225, 0.0 ], [ -90.546035, 14.641211, 0.0 ], [ -90.546043, 14.641198, 0.0 ], [ -90.546052, 14.641184, 0.0 ], [ -90.54606, 14.641171, 0.0 ], [ -90.54607, 14.641159, 0.0 ], [ -90.546426, 14.640687, 0.0 ], [ -90.546432, 14.640679, 0.0 ], [ -90.546437, 14.640671, 0.0 ], [ -90.546582, 14.640462, 0.0 ], [ -90.546586, 14.640456, 0.0 ], [ -90.54659, 14.64045, 0.0 ], [ -90.546594, 14.640443, 0.0 ], [ -90.546598, 14.640437, 0.0 ], [ -90.546602, 14.64043, 0.0 ], [ -90.546605, 14.640423, 0.0 ], [ -90.546608, 14.640416, 0.0 ], [ -90.546611, 14.640409, 0.0 ], [ -90.546613, 14.640404, 0.0 ], [ -90.546615, 14.640398, 0.0 ], [ -90.546617, 14.640393, 0.0 ], [ -90.546618, 14.640387, 0.0 ], [ -90.54662, 14.640381, 0.0 ], [ -90.546621, 14.640375, 0.0 ], [ -90.546622, 14.64037, 0.0 ], [ -90.546623, 14.640364, 0.0 ], [ -90.546623, 14.640358, 0.0 ], [ -90.546623, 14.640352, 0.0 ], [ -90.546624, 14.640346, 0.0 ], [ -90.546626, 14.640144, 0.0 ], [ -90.546651, 14.639455, 0.0 ], [ -90.546619, 14.637996, 0.0 ], [ -90.546614, 14.637749, 0.0 ], [ -90.546614, 14.637637, 0.0 ], [ -90.546617, 14.637525, 0.0 ], [ -90.546624, 14.637413, 0.0 ], [ -90.546635, 14.637302, 0.0 ], [ -90.54664, 14.637261, 0.0 ], [ -90.546647, 14.63722, 0.0 ], [ -90.546655, 14.63718, 0.0 ], [ -90.546664, 14.63714, 0.0 ], [ -90.546675, 14.6371, 0.0 ], [ -90.546687, 14.637061, 0.0 ], [ -90.546701, 14.637022, 0.0 ], [ -90.546716, 14.636984, 0.0 ], [ -90.546732, 14.636946, 0.0 ], [ -90.54675, 14.636908, 0.0 ], [ -90.546768, 14.636872, 0.0 ], [ -90.546981, 14.636471, 0.0 ], [ -90.547189, 14.636073, 0.0 ], [ -90.547214, 14.636019, 0.0 ], [ -90.547236, 14.635964, 0.0 ], [ -90.547256, 14.635909, 0.0 ], [ -90.547275, 14.635853, 0.0 ], [ -90.547291, 14.635797, 0.0 ], [ -90.547306, 14.63574, 0.0 ], [ -90.547398, 14.635119, 0.0 ], [ -90.547421, 14.634956, 0.0 ], [ -90.547458, 14.634692, 0.0 ], [ -90.547482, 14.634518, 0.0 ], [ -90.547531, 14.634172, 0.0 ], [ -90.547566, 14.633926, 0.0 ], [ -90.547601, 14.633702, 0.0 ], [ -90.547629, 14.633478, 0.0 ], [ -90.547636, 14.633416, 0.0 ], [ -90.547642, 14.633353, 0.0 ], [ -90.547645, 14.63329, 0.0 ], [ -90.547646, 14.633227, 0.0 ], [ -90.547645, 14.633164, 0.0 ], [ -90.547642, 14.633102, 0.0 ], [ -90.547637, 14.633039, 0.0 ], [ -90.547619, 14.63293, 0.0 ], [ -90.547597, 14.632821, 0.0 ], [ -90.547572, 14.632713, 0.0 ], [ -90.547542, 14.632606, 0.0 ], [ -90.547522, 14.632545, 0.0 ], [ -90.547501, 14.632485, 0.0 ], [ -90.547477, 14.632426, 0.0 ], [ -90.547451, 14.632368, 0.0 ], [ -90.547423, 14.63231, 0.0 ], [ -90.547393, 14.632254, 0.0 ], [ -90.547361, 14.632198, 0.0 ], [ -90.547323, 14.632135, 0.0 ], [ -90.547283, 14.632072, 0.0 ], [ -90.547241, 14.632011, 0.0 ], [ -90.547197, 14.631951, 0.0 ], [ -90.547151, 14.631892, 0.0 ], [ -90.547103, 14.631835, 0.0 ], [ -90.547025, 14.631754, 0.0 ], [ -90.546943, 14.631676, 0.0 ], [ -90.54686, 14.6316, 0.0 ], [ -90.546774, 14.631527, 0.0 ], [ -90.546725, 14.631486, 0.0 ], [ -90.546676, 14.631444, 0.0 ], [ -90.546629, 14.6314, 0.0 ], [ -90.546583, 14.631355, 0.0 ], [ -90.546539, 14.631309, 0.0 ], [ -90.546496, 14.631262, 0.0 ], [ -90.546486, 14.63125, 0.0 ], [ -90.546476, 14.631238, 0.0 ], [ -90.546467, 14.631226, 0.0 ], [ -90.546459, 14.631213, 0.0 ], [ -90.54645, 14.6312, 0.0 ], [ -90.546443, 14.631187, 0.0 ], [ -90.546435, 14.631173, 0.0 ], [ -90.546428, 14.63116, 0.0 ], [ -90.546422, 14.631146, 0.0 ], [ -90.546405, 14.631105, 0.0 ], [ -90.546389, 14.631064, 0.0 ], [ -90.546375, 14.631023, 0.0 ], [ -90.546362, 14.630981, 0.0 ], [ -90.546351, 14.630939, 0.0 ], [ -90.54634, 14.630896, 0.0 ], [ -90.546332, 14.630853, 0.0 ], [ -90.546324, 14.63081, 0.0 ], [ -90.546318, 14.630767, 0.0 ], [ -90.546314, 14.630723, 0.0 ], [ -90.546297, 14.630506, 0.0 ], [ -90.546286, 14.630324, 0.0 ], [ -90.546288, 14.630309, 0.0 ], [ -90.54629, 14.630294, 0.0 ], [ -90.546291, 14.630279, 0.0 ], [ -90.546292, 14.630264, 0.0 ], [ -90.546292, 14.630249, 0.0 ], [ -90.546291, 14.630234, 0.0 ], [ -90.54629, 14.63022, 0.0 ], [ -90.546288, 14.630205, 0.0 ], [ -90.546286, 14.63019, 0.0 ], [ -90.546284, 14.630175, 0.0 ], [ -90.54628, 14.630161, 0.0 ], [ -90.546277, 14.630146, 0.0 ], [ -90.546272, 14.630132, 0.0 ], [ -90.546268, 14.630117, 0.0 ], [ -90.546262, 14.630103, 0.0 ], [ -90.546256, 14.63009, 0.0 ], [ -90.54625, 14.630076, 0.0 ], [ -90.546243, 14.630063, 0.0 ], [ -90.546236, 14.630049, 0.0 ], [ -90.546228, 14.630036, 0.0 ], [ -90.54622, 14.630024, 0.0 ], [ -90.546212, 14.630011, 0.0 ], [ -90.54611, 14.629871, 0.0 ], [ -90.545995, 14.629701, 0.0 ], [ -90.545588, 14.629182, 0.0 ], [ -90.545451, 14.629009, 0.0 ], [ -90.545446, 14.629003, 0.0 ], [ -90.545441, 14.628997, 0.0 ], [ -90.545436, 14.628991, 0.0 ], [ -90.54543, 14.628986, 0.0 ], [ -90.545424, 14.628981, 0.0 ], [ -90.545418, 14.628975, 0.0 ], [ -90.545412, 14.628971, 0.0 ], [ -90.545406, 14.628966, 0.0 ], [ -90.5454, 14.628961, 0.0 ], [ -90.545393, 14.628957, 0.0 ], [ -90.54537, 14.628943, 0.0 ], [ -90.545347, 14.62893, 0.0 ], [ -90.545323, 14.628918, 0.0 ], [ -90.545299, 14.628906, 0.0 ], [ -90.545274, 14.628896, 0.0 ], [ -90.545249, 14.628886, 0.0 ], [ -90.545224, 14.628877, 0.0 ], [ -90.545198, 14.628869, 0.0 ], [ -90.545172, 14.628861, 0.0 ], [ -90.545146, 14.628855, 0.0 ], [ -90.545119, 14.62885, 0.0 ], [ -90.545093, 14.628845, 0.0 ], [ -90.545066, 14.628841, 0.0 ], [ -90.545039, 14.628838, 0.0 ], [ -90.545012, 14.628836, 0.0 ], [ -90.545007, 14.628836, 0.0 ], [ -90.545001, 14.628835, 0.0 ], [ -90.544995, 14.628834, 0.0 ], [ -90.54499, 14.628833, 0.0 ], [ -90.544984, 14.628832, 0.0 ], [ -90.544979, 14.628831, 0.0 ], [ -90.544973, 14.628829, 0.0 ], [ -90.544968, 14.628827, 0.0 ], [ -90.544962, 14.628826, 0.0 ], [ -90.544957, 14.628823, 0.0 ], [ -90.544952, 14.628821, 0.0 ], [ -90.544947, 14.628819, 0.0 ], [ -90.544942, 14.628816, 0.0 ], [ -90.544937, 14.628813, 0.0 ], [ -90.544932, 14.62881, 0.0 ], [ -90.544927, 14.628807, 0.0 ], [ -90.544923, 14.628804, 0.0 ], [ -90.544918, 14.628801, 0.0 ], [ -90.544914, 14.628797, 0.0 ], [ -90.544909, 14.628793, 0.0 ], [ -90.544905, 14.62879, 0.0 ], [ -90.544901, 14.628786, 0.0 ], [ -90.544897, 14.628781, 0.0 ], [ -90.544894, 14.628777, 0.0 ], [ -90.54489, 14.628773, 0.0 ], [ -90.544887, 14.628768, 0.0 ], [ -90.544884, 14.628764, 0.0 ], [ -90.544881, 14.628759, 0.0 ], [ -90.544878, 14.628754, 0.0 ], [ -90.544875, 14.628749, 0.0 ], [ -90.544872, 14.628744, 0.0 ], [ -90.54487, 14.628739, 0.0 ], [ -90.544868, 14.628734, 0.0 ], [ -90.544866, 14.628729, 0.0 ], [ -90.544864, 14.628724, 0.0 ], [ -90.544862, 14.628718, 0.0 ], [ -90.544848, 14.628661, 0.0 ], [ -90.544832, 14.628604, 0.0 ], [ -90.544815, 14.628547, 0.0 ], [ -90.544795, 14.628491, 0.0 ], [ -90.544773, 14.628436, 0.0 ], [ -90.54475, 14.628381, 0.0 ], [ -90.544725, 14.628328, 0.0 ], [ -90.544698, 14.628275, 0.0 ], [ -90.544669, 14.628222, 0.0 ], [ -90.544638, 14.628171, 0.0 ], [ -90.544606, 14.628121, 0.0 ], [ -90.544572, 14.628072, 0.0 ], [ -90.543043, 14.62614, 0.0 ], [ -90.541418, 14.624123, 0.0 ], [ -90.541416, 14.62412, 0.0 ], [ -90.541414, 14.624118, 0.0 ], [ -90.541413, 14.624115, 0.0 ], [ -90.541411, 14.624112, 0.0 ], [ -90.541409, 14.62411, 0.0 ], [ -90.541408, 14.624107, 0.0 ], [ -90.541407, 14.624104, 0.0 ], [ -90.541405, 14.624101, 0.0 ], [ -90.541404, 14.624098, 0.0 ], [ -90.541403, 14.624095, 0.0 ], [ -90.541402, 14.624092, 0.0 ], [ -90.541401, 14.62409, 0.0 ], [ -90.541401, 14.624086, 0.0 ], [ -90.5414, 14.624083, 0.0 ], [ -90.541399, 14.62408, 0.0 ], [ -90.541399, 14.624077, 0.0 ], [ -90.541399, 14.624074, 0.0 ], [ -90.541399, 14.624071, 0.0 ], [ -90.541398, 14.624068, 0.0 ], [ -90.541398, 14.624065, 0.0 ], [ -90.541399, 14.624062, 0.0 ], [ -90.541399, 14.624059, 0.0 ], [ -90.541399, 14.624056, 0.0 ], [ -90.5414, 14.624053, 0.0 ], [ -90.5414, 14.62405, 0.0 ], [ -90.541401, 14.624047, 0.0 ], [ -90.541402, 14.624044, 0.0 ], [ -90.541402, 14.624041, 0.0 ], [ -90.541403, 14.624038, 0.0 ], [ -90.541405, 14.624035, 0.0 ], [ -90.541406, 14.624032, 0.0 ], [ -90.541407, 14.624029, 0.0 ], [ -90.541408, 14.624026, 0.0 ], [ -90.54141, 14.624023, 0.0 ], [ -90.541411, 14.624021, 0.0 ], [ -90.541413, 14.624018, 0.0 ], [ -90.541415, 14.624016, 0.0 ], [ -90.541417, 14.624013, 0.0 ], [ -90.541419, 14.624011, 0.0 ], [ -90.541421, 14.624008, 0.0 ], [ -90.541423, 14.624006, 0.0 ], [ -90.541425, 14.624004, 0.0 ], [ -90.541427, 14.624001, 0.0 ], [ -90.54143, 14.623999, 0.0 ], [ -90.541432, 14.623997, 0.0 ], [ -90.541435, 14.623995, 0.0 ], [ -90.542612, 14.623111, 0.0 ], [ -90.542756, 14.623005, 0.0 ], [ -90.543069, 14.622768, 0.0 ], [ -90.543224, 14.622654, 0.0 ], [ -90.543519, 14.622434, 0.0 ], [ -90.543656, 14.622321, 0.0 ], [ -90.543974, 14.622082, 0.0 ], [ -90.54412, 14.621975, 0.0 ], [ -90.544442, 14.621729, 0.0 ], [ -90.544569, 14.62163, 0.0 ], [ -90.544845, 14.621422, 0.0 ], [ -90.545436, 14.620976, 0.0 ], [ -90.545438, 14.620975, 0.0 ], [ -90.54544, 14.620973, 0.0 ], [ -90.545442, 14.620971, 0.0 ], [ -90.545443, 14.62097, 0.0 ], [ -90.545445, 14.620968, 0.0 ], [ -90.545447, 14.620966, 0.0 ], [ -90.545449, 14.620964, 0.0 ], [ -90.54545, 14.620962, 0.0 ], [ -90.545452, 14.62096, 0.0 ], [ -90.545453, 14.620958, 0.0 ], [ -90.545454, 14.620956, 0.0 ], [ -90.545456, 14.620954, 0.0 ], [ -90.545457, 14.620951, 0.0 ], [ -90.545458, 14.620949, 0.0 ], [ -90.545459, 14.620947, 0.0 ], [ -90.54546, 14.620944, 0.0 ], [ -90.545461, 14.620942, 0.0 ], [ -90.545461, 14.62094, 0.0 ], [ -90.545462, 14.620937, 0.0 ], [ -90.545463, 14.620935, 0.0 ], [ -90.545463, 14.620932, 0.0 ], [ -90.545464, 14.62093, 0.0 ], [ -90.545464, 14.620927, 0.0 ], [ -90.545464, 14.620925, 0.0 ], [ -90.545464, 14.620922, 0.0 ], [ -90.545464, 14.62092, 0.0 ], [ -90.545464, 14.620917, 0.0 ], [ -90.545464, 14.620915, 0.0 ], [ -90.545464, 14.620912, 0.0 ], [ -90.545464, 14.62091, 0.0 ], [ -90.545463, 14.620907, 0.0 ], [ -90.545463, 14.620905, 0.0 ], [ -90.545462, 14.620902, 0.0 ], [ -90.545462, 14.6209, 0.0 ], [ -90.545461, 14.620898, 0.0 ], [ -90.54546, 14.620895, 0.0 ], [ -90.545459, 14.620893, 0.0 ], [ -90.545458, 14.62089, 0.0 ], [ -90.545457, 14.620888, 0.0 ], [ -90.545456, 14.620886, 0.0 ], [ -90.545455, 14.620884, 0.0 ], [ -90.545454, 14.620882, 0.0 ], [ -90.545452, 14.620879, 0.0 ], [ -90.545451, 14.620877, 0.0 ], [ -90.545449, 14.620875, 0.0 ], [ -90.545448, 14.620873, 0.0 ], [ -90.545446, 14.620871, 0.0 ], [ -90.545444, 14.62087, 0.0 ], [ -90.545442, 14.620868, 0.0 ], [ -90.54544, 14.620866, 0.0 ], [ -90.544868, 14.620354, 0.0 ], [ -90.544521, 14.620083, 0.0 ], [ -90.543952, 14.619744, 0.0 ], [ -90.543198, 14.619303, 0.0 ], [ -90.54262, 14.618941, 0.0 ], [ -90.54207, 14.61855, 0.0 ], [ -90.541703, 14.618253, 0.0 ], [ -90.541372, 14.617972, 0.0 ], [ -90.541061, 14.617716, 0.0 ], [ -90.541057, 14.617713, 0.0 ], [ -90.541054, 14.61771, 0.0 ], [ -90.540738, 14.617438, 0.0 ], [ -90.540615, 14.617337, 0.0 ], [ -90.540056, 14.61689, 0.0 ], [ -90.539847, 14.616719, 0.0 ], [ -90.539703, 14.616633, 0.0 ], [ -90.539562, 14.616552, 0.0 ], [ -90.539361, 14.616454, 0.0 ], [ -90.5391, 14.616318, 0.0 ], [ -90.538709, 14.616132, 0.0 ], [ -90.538509, 14.616044, 0.0 ], [ -90.538371, 14.615986, 0.0 ], [ -90.537922, 14.615816, 0.0 ], [ -90.537393, 14.615619, 0.0 ], [ -90.537316, 14.615589, 0.0 ], [ -90.53724, 14.615556, 0.0 ], [ -90.537165, 14.61552, 0.0 ], [ -90.536696, 14.615286, 0.0 ], [ -90.536432, 14.615174, 0.0 ], [ -90.536375, 14.615143, 0.0 ], [ -90.536318, 14.61511, 0.0 ], [ -90.536263, 14.615075, 0.0 ], [ -90.536209, 14.615038, 0.0 ], [ -90.536156, 14.615, 0.0 ], [ -90.536105, 14.614959, 0.0 ], [ -90.536055, 14.614917, 0.0 ], [ -90.536006, 14.614874, 0.0 ], [ -90.53596, 14.614829, 0.0 ], [ -90.535914, 14.614782, 0.0 ], [ -90.535871, 14.614733, 0.0 ], [ -90.535837, 14.614686, 0.0 ], [ -90.535804, 14.614637, 0.0 ], [ -90.535773, 14.614587, 0.0 ], [ -90.535744, 14.614536, 0.0 ], [ -90.535717, 14.614485, 0.0 ], [ -90.535691, 14.614432, 0.0 ], [ -90.535667, 14.614379, 0.0 ], [ -90.535645, 14.614325, 0.0 ], [ -90.535552, 14.614123, 0.0 ], [ -90.535452, 14.613918, 0.0 ], [ -90.535402, 14.613839, 0.0 ], [ -90.535349, 14.613761, 0.0 ], [ -90.535293, 14.613685, 0.0 ], [ -90.535234, 14.613611, 0.0 ], [ -90.535169, 14.613522, 0.0 ], [ -90.534684, 14.612865, 0.0 ], [ -90.534441, 14.612592, 0.0 ], [ -90.534036, 14.61215, 0.0 ], [ -90.533275, 14.611432, 0.0 ], [ -90.533099, 14.611241, 0.0 ], [ -90.532916, 14.611024, 0.0 ], [ -90.532577, 14.610566, 0.0 ], [ -90.532471, 14.610407, 0.0 ], [ -90.532282, 14.610089, 0.0 ], [ -90.532215, 14.609967, 0.0 ], [ -90.532151, 14.609839, 0.0 ], [ -90.532097, 14.60973, 0.0 ], [ -90.532054, 14.609625, 0.0 ], [ -90.531938, 14.609311, 0.0 ], [ -90.531816, 14.608962, 0.0 ], [ -90.531724, 14.608634, 0.0 ], [ -90.53166, 14.608394, 0.0 ], [ -90.531556, 14.608026, 0.0 ], [ -90.531441, 14.607687, 0.0 ], [ -90.531425, 14.607642, 0.0 ], [ -90.531407, 14.607598, 0.0 ], [ -90.531388, 14.607554, 0.0 ], [ -90.531368, 14.607511, 0.0 ], [ -90.531346, 14.607468, 0.0 ], [ -90.531323, 14.607426, 0.0 ], [ -90.531299, 14.607385, 0.0 ], [ -90.531273, 14.607344, 0.0 ], [ -90.531155, 14.607168, 0.0 ], [ -90.531032, 14.606995, 0.0 ], [ -90.530967, 14.606909, 0.0 ], [ -90.530899, 14.606825, 0.0 ], [ -90.530828, 14.606744, 0.0 ], [ -90.530701, 14.6066, 0.0 ], [ -90.530579, 14.606454, 0.0 ], [ -90.53046, 14.606304, 0.0 ], [ -90.530155, 14.605934, 0.0 ], [ -90.529686, 14.605375, 0.0 ], [ -90.52925, 14.604953, 0.0 ], [ -90.529101, 14.604801, 0.0 ], [ -90.528978, 14.604647, 0.0 ], [ -90.528703, 14.604324, 0.0 ], [ -90.528699, 14.604319, 0.0 ], [ -90.528694, 14.604314, 0.0 ], [ -90.528689, 14.604309, 0.0 ], [ -90.528684, 14.604304, 0.0 ], [ -90.528679, 14.6043, 0.0 ], [ -90.528673, 14.604295, 0.0 ], [ -90.528668, 14.604291, 0.0 ], [ -90.528662, 14.604287, 0.0 ], [ -90.528656, 14.604283, 0.0 ], [ -90.52865, 14.60428, 0.0 ], [ -90.528644, 14.604276, 0.0 ], [ -90.528638, 14.604273, 0.0 ], [ -90.528631, 14.60427, 0.0 ], [ -90.528625, 14.604268, 0.0 ], [ -90.528618, 14.604265, 0.0 ], [ -90.528612, 14.604263, 0.0 ], [ -90.528605, 14.604261, 0.0 ], [ -90.528598, 14.604259, 0.0 ], [ -90.528591, 14.604257, 0.0 ], [ -90.528585, 14.604256, 0.0 ], [ -90.528578, 14.604255, 0.0 ], [ -90.528571, 14.604254, 0.0 ], [ -90.528564, 14.604253, 0.0 ], [ -90.528557, 14.604253, 0.0 ], [ -90.52855, 14.604253, 0.0 ], [ -90.528543, 14.604253, 0.0 ], [ -90.528536, 14.604253, 0.0 ], [ -90.528529, 14.604254, 0.0 ], [ -90.528522, 14.604255, 0.0 ], [ -90.528515, 14.604256, 0.0 ], [ -90.528508, 14.604257, 0.0 ], [ -90.528501, 14.604258, 0.0 ], [ -90.528494, 14.60426, 0.0 ], [ -90.528487, 14.604262, 0.0 ], [ -90.528481, 14.604264, 0.0 ], [ -90.528474, 14.604267, 0.0 ], [ -90.528468, 14.604269, 0.0 ], [ -90.528461, 14.604272, 0.0 ], [ -90.528455, 14.604275, 0.0 ], [ -90.528449, 14.604278, 0.0 ], [ -90.528443, 14.604282, 0.0 ], [ -90.528437, 14.604286, 0.0 ], [ -90.528431, 14.604289, 0.0 ], [ -90.528425, 14.604294, 0.0 ], [ -90.52842, 14.604298, 0.0 ], [ -90.528414, 14.604302, 0.0 ], [ -90.528409, 14.604307, 0.0 ], [ -90.528404, 14.604312, 0.0 ], [ -90.528399, 14.604317, 0.0 ], [ -90.528395, 14.604322, 0.0 ], [ -90.52839, 14.604327, 0.0 ], [ -90.528386, 14.604333, 0.0 ], [ -90.528382, 14.604338, 0.0 ], [ -90.528378, 14.604344, 0.0 ], [ -90.528374, 14.60435, 0.0 ], [ -90.528371, 14.604356, 0.0 ], [ -90.528368, 14.604362, 0.0 ], [ -90.528365, 14.604368, 0.0 ], [ -90.528362, 14.604374, 0.0 ], [ -90.528157, 14.604805, 0.0 ], [ -90.528082, 14.604969, 0.0 ], [ -90.527764, 14.605637, 0.0 ], [ -90.527673, 14.605828, 0.0 ], [ -90.527365, 14.60649, 0.0 ], [ -90.527196, 14.606856, 0.0 ], [ -90.526679, 14.607972, 0.0 ], [ -90.526447, 14.608479, 0.0 ], [ -90.52638, 14.608622, 0.0 ], [ -90.526158, 14.609109, 0.0 ], [ -90.525869, 14.609718, 0.0 ], [ -90.525616, 14.610216, 0.0 ], [ -90.52558, 14.610289, 0.0 ], [ -90.525546, 14.610362, 0.0 ], [ -90.525514, 14.610437, 0.0 ], [ -90.525486, 14.610513, 0.0 ], [ -90.525289, 14.610981, 0.0 ], [ -90.525286, 14.610989, 0.0 ], [ -90.525283, 14.610996, 0.0 ], [ -90.525279, 14.611003, 0.0 ], [ -90.525275, 14.61101, 0.0 ], [ -90.525271, 14.611016, 0.0 ], [ -90.525266, 14.611023, 0.0 ], [ -90.525262, 14.61103, 0.0 ], [ -90.525257, 14.611036, 0.0 ], [ -90.525252, 14.611042, 0.0 ], [ -90.525246, 14.611048, 0.0 ], [ -90.525241, 14.611054, 0.0 ], [ -90.525235, 14.61106, 0.0 ], [ -90.525229, 14.611065, 0.0 ], [ -90.525223, 14.61107, 0.0 ], [ -90.525217, 14.611075, 0.0 ], [ -90.52521, 14.61108, 0.0 ], [ -90.525204, 14.611085, 0.0 ], [ -90.525197, 14.611089, 0.0 ], [ -90.52519, 14.611093, 0.0 ], [ -90.525183, 14.611097, 0.0 ], [ -90.525176, 14.611101, 0.0 ], [ -90.525168, 14.611104, 0.0 ], [ -90.525161, 14.611107, 0.0 ], [ -90.525153, 14.61111, 0.0 ], [ -90.525145, 14.611113, 0.0 ], [ -90.525138, 14.611116, 0.0 ], [ -90.52513, 14.611118, 0.0 ], [ -90.525122, 14.61112, 0.0 ], [ -90.525114, 14.611121, 0.0 ], [ -90.525106, 14.611123, 0.0 ], [ -90.525098, 14.611124, 0.0 ], [ -90.52509, 14.611125, 0.0 ], [ -90.525082, 14.611125, 0.0 ], [ -90.525074, 14.611125, 0.0 ], [ -90.525065, 14.611125, 0.0 ], [ -90.525057, 14.611125, 0.0 ], [ -90.525049, 14.611125, 0.0 ], [ -90.52342, 14.61083, 0.0 ], [ -90.523118, 14.610775, 0.0 ], [ -90.522359, 14.610637, 0.0 ], [ -90.521178, 14.610422, 0.0 ], [ -90.520405, 14.61028, 0.0 ], [ -90.520402, 14.610279, 0.0 ], [ -90.520398, 14.610279, 0.0 ], [ -90.520395, 14.610278, 0.0 ], [ -90.520392, 14.610278, 0.0 ], [ -90.520389, 14.610278, 0.0 ], [ -90.520386, 14.610278, 0.0 ], [ -90.520383, 14.610278, 0.0 ], [ -90.520379, 14.610279, 0.0 ], [ -90.520376, 14.610279, 0.0 ], [ -90.520373, 14.610279, 0.0 ], [ -90.52037, 14.61028, 0.0 ], [ -90.520367, 14.61028, 0.0 ], [ -90.520364, 14.610281, 0.0 ], [ -90.520361, 14.610282, 0.0 ], [ -90.520358, 14.610283, 0.0 ], [ -90.520355, 14.610284, 0.0 ], [ -90.520352, 14.610285, 0.0 ], [ -90.520349, 14.610286, 0.0 ], [ -90.520346, 14.610288, 0.0 ], [ -90.520343, 14.610289, 0.0 ], [ -90.52034, 14.610291, 0.0 ], [ -90.520338, 14.610292, 0.0 ], [ -90.520335, 14.610294, 0.0 ], [ -90.520332, 14.610296, 0.0 ], [ -90.52033, 14.610298, 0.0 ], [ -90.520327, 14.6103, 0.0 ], [ -90.520325, 14.610302, 0.0 ], [ -90.520323, 14.610304, 0.0 ], [ -90.520321, 14.610306, 0.0 ], [ -90.520318, 14.610308, 0.0 ], [ -90.520316, 14.610311, 0.0 ], [ -90.520314, 14.610313, 0.0 ], [ -90.520312, 14.610315, 0.0 ], [ -90.520311, 14.610318, 0.0 ], [ -90.520309, 14.610321, 0.0 ], [ -90.520307, 14.610323, 0.0 ], [ -90.520306, 14.610326, 0.0 ], [ -90.520304, 14.610329, 0.0 ], [ -90.520303, 14.610331, 0.0 ], [ -90.520302, 14.610334, 0.0 ], [ -90.5203, 14.610337, 0.0 ], [ -90.520299, 14.61034, 0.0 ], [ -90.520298, 14.610343, 0.0 ], [ -90.520298, 14.610346, 0.0 ], [ -90.520297, 14.610349, 0.0 ], [ -90.520296, 14.610352, 0.0 ], [ -90.520186, 14.610931, 0.0 ], [ -90.520186, 14.610934, 0.0 ], [ -90.520185, 14.610938, 0.0 ], [ -90.520185, 14.610941, 0.0 ], [ -90.520185, 14.610944, 0.0 ], [ -90.520185, 14.610947, 0.0 ], [ -90.520185, 14.61095, 0.0 ], [ -90.520185, 14.610953, 0.0 ], [ -90.520185, 14.610956, 0.0 ], [ -90.520185, 14.61096, 0.0 ], [ -90.520186, 14.610963, 0.0 ], [ -90.520186, 14.610966, 0.0 ], [ -90.520187, 14.610969, 0.0 ], [ -90.520188, 14.610972, 0.0 ], [ -90.520189, 14.610975, 0.0 ], [ -90.52019, 14.610978, 0.0 ], [ -90.520191, 14.610981, 0.0 ], [ -90.520192, 14.610984, 0.0 ], [ -90.520194, 14.610987, 0.0 ], [ -90.520195, 14.610989, 0.0 ], [ -90.520197, 14.610992, 0.0 ], [ -90.520198, 14.610995, 0.0 ], [ -90.5202, 14.610997, 0.0 ], [ -90.520202, 14.611, 0.0 ], [ -90.520204, 14.611003, 0.0 ], [ -90.520206, 14.611005, 0.0 ], [ -90.520208, 14.611007, 0.0 ], [ -90.52021, 14.61101, 0.0 ], [ -90.520212, 14.611012, 0.0 ], [ -90.520215, 14.611014, 0.0 ], [ -90.520217, 14.611016, 0.0 ], [ -90.520219, 14.611018, 0.0 ], [ -90.520222, 14.61102, 0.0 ], [ -90.520225, 14.611022, 0.0 ], [ -90.520227, 14.611024, 0.0 ], [ -90.52023, 14.611025, 0.0 ], [ -90.520233, 14.611027, 0.0 ], [ -90.520236, 14.611028, 0.0 ], [ -90.520239, 14.61103, 0.0 ], [ -90.520242, 14.611031, 0.0 ], [ -90.520245, 14.611032, 0.0 ], [ -90.520248, 14.611033, 0.0 ], [ -90.520251, 14.611034, 0.0 ], [ -90.520254, 14.611035, 0.0 ], [ -90.520257, 14.611036, 0.0 ], [ -90.52026, 14.611037, 0.0 ], [ -90.521045, 14.611181, 0.0 ], [ -90.521048, 14.611182, 0.0 ], [ -90.521051, 14.611182, 0.0 ], [ -90.521055, 14.611182, 0.0 ], [ -90.521058, 14.611182, 0.0 ], [ -90.521061, 14.611183, 0.0 ], [ -90.521064, 14.611183, 0.0 ], [ -90.521067, 14.611182, 0.0 ], [ -90.52107, 14.611182, 0.0 ], [ -90.521074, 14.611182, 0.0 ], [ -90.521077, 14.611182, 0.0 ], [ -90.52108, 14.611181, 0.0 ], [ -90.521083, 14.61118, 0.0 ], [ -90.521086, 14.61118, 0.0 ], [ -90.521089, 14.611179, 0.0 ], [ -90.521092, 14.611178, 0.0 ], [ -90.521095, 14.611177, 0.0 ], [ -90.521098, 14.611176, 0.0 ], [ -90.521101, 14.611174, 0.0 ], [ -90.521104, 14.611173, 0.0 ], [ -90.521107, 14.611172, 0.0 ], [ -90.521109, 14.61117, 0.0 ], [ -90.521112, 14.611169, 0.0 ], [ -90.521115, 14.611167, 0.0 ], [ -90.521117, 14.611165, 0.0 ], [ -90.52112, 14.611163, 0.0 ], [ -90.521122, 14.611161, 0.0 ], [ -90.521125, 14.611159, 0.0 ], [ -90.521127, 14.611157, 0.0 ], [ -90.521129, 14.611155, 0.0 ], [ -90.521131, 14.611153, 0.0 ], [ -90.521133, 14.61115, 0.0 ], [ -90.521135, 14.611148, 0.0 ], [ -90.521137, 14.611145, 0.0 ], [ -90.521139, 14.611143, 0.0 ], [ -90.521141, 14.61114, 0.0 ], [ -90.521143, 14.611138, 0.0 ], [ -90.521144, 14.611135, 0.0 ], [ -90.521146, 14.611132, 0.0 ], [ -90.521147, 14.611129, 0.0 ], [ -90.521148, 14.611126, 0.0 ], [ -90.521149, 14.611124, 0.0 ], [ -90.52115, 14.611121, 0.0 ], [ -90.521151, 14.611118, 0.0 ], [ -90.521152, 14.611115, 0.0 ], [ -90.521153, 14.611112, 0.0 ], [ -90.521154, 14.611109, 0.0 ], [ -90.521318, 14.610245, 0.0 ], [ -90.521413, 14.609753, 0.0 ], [ -90.521413, 14.60975, 0.0 ], [ -90.521414, 14.609747, 0.0 ], [ -90.521415, 14.609744, 0.0 ], [ -90.521416, 14.609741, 0.0 ], [ -90.521417, 14.609738, 0.0 ], [ -90.521418, 14.609735, 0.0 ], [ -90.521419, 14.609732, 0.0 ], [ -90.521421, 14.609729, 0.0 ], [ -90.521422, 14.609727, 0.0 ], [ -90.521424, 14.609724, 0.0 ], [ -90.521426, 14.609721, 0.0 ], [ -90.521427, 14.609718, 0.0 ], [ -90.521429, 14.609716, 0.0 ], [ -90.521431, 14.609713, 0.0 ], [ -90.521433, 14.609711, 0.0 ], [ -90.521436, 14.609709, 0.0 ], [ -90.521438, 14.609706, 0.0 ], [ -90.52144, 14.609704, 0.0 ], [ -90.521442, 14.609702, 0.0 ], [ -90.521445, 14.6097, 0.0 ], [ -90.521447, 14.609698, 0.0 ], [ -90.52145, 14.609696, 0.0 ], [ -90.521453, 14.609694, 0.0 ], [ -90.521455, 14.609693, 0.0 ], [ -90.521458, 14.609691, 0.0 ], [ -90.521461, 14.60969, 0.0 ], [ -90.521464, 14.609688, 0.0 ], [ -90.521467, 14.609687, 0.0 ], [ -90.52147, 14.609686, 0.0 ], [ -90.521473, 14.609685, 0.0 ], [ -90.521476, 14.609684, 0.0 ], [ -90.521479, 14.609683, 0.0 ], [ -90.521482, 14.609682, 0.0 ], [ -90.521485, 14.609681, 0.0 ], [ -90.521489, 14.609681, 0.0 ], [ -90.521492, 14.60968, 0.0 ], [ -90.521495, 14.60968, 0.0 ], [ -90.521498, 14.60968, 0.0 ], [ -90.521501, 14.609679, 0.0 ], [ -90.521505, 14.609679, 0.0 ], [ -90.521508, 14.60968, 0.0 ], [ -90.521511, 14.60968, 0.0 ], [ -90.521514, 14.60968, 0.0 ], [ -90.521518, 14.60968, 0.0 ], [ -90.521521, 14.609681, 0.0 ], [ -90.525152, 14.610336, 0.0 ], [ -90.525163, 14.610339, 0.0 ], [ -90.525174, 14.610341, 0.0 ], [ -90.525186, 14.610342, 0.0 ], [ -90.525197, 14.610343, 0.0 ], [ -90.525209, 14.610344, 0.0 ], [ -90.52522, 14.610345, 0.0 ], [ -90.525232, 14.610345, 0.0 ], [ -90.525243, 14.610344, 0.0 ], [ -90.525255, 14.610344, 0.0 ], [ -90.525266, 14.610342, 0.0 ], [ -90.525278, 14.610341, 0.0 ], [ -90.525289, 14.610339, 0.0 ], [ -90.525301, 14.610337, 0.0 ], [ -90.525312, 14.610334, 0.0 ], [ -90.525323, 14.610331, 0.0 ], [ -90.525334, 14.610328, 0.0 ], [ -90.525345, 14.610324, 0.0 ], [ -90.525356, 14.61032, 0.0 ], [ -90.525366, 14.610316, 0.0 ], [ -90.525377, 14.610311, 0.0 ], [ -90.525387, 14.610306, 0.0 ], [ -90.525397, 14.6103, 0.0 ], [ -90.525407, 14.610294, 0.0 ], [ -90.525417, 14.610288, 0.0 ], [ -90.525426, 14.610282, 0.0 ], [ -90.525436, 14.610275, 0.0 ], [ -90.525445, 14.610268, 0.0 ], [ -90.525453, 14.61026, 0.0 ], [ -90.525462, 14.610253, 0.0 ], [ -90.52547, 14.610245, 0.0 ], [ -90.525478, 14.610237, 0.0 ], [ -90.525486, 14.610228, 0.0 ], [ -90.525493, 14.610219, 0.0 ], [ -90.5255, 14.61021, 0.0 ], [ -90.525507, 14.610201, 0.0 ], [ -90.525513, 14.610192, 0.0 ], [ -90.525519, 14.610182, 0.0 ], [ -90.525525, 14.610172, 0.0 ], [ -90.52553, 14.610162, 0.0 ], [ -90.525535, 14.610152, 0.0 ], [ -90.52554, 14.610142, 0.0 ], [ -90.525544, 14.610131, 0.0 ], [ -90.525791, 14.609502, 0.0 ], [ -90.52583, 14.609407, 0.0 ], [ -90.525872, 14.609313, 0.0 ], [ -90.525917, 14.609221, 0.0 ], [ -90.525964, 14.609129, 0.0 ], [ -90.526188, 14.608714, 0.0 ], [ -90.526324, 14.608419, 0.0 ], [ -90.526548, 14.607932, 0.0 ], [ -90.527013, 14.606923, 0.0 ], [ -90.527135, 14.606658, 0.0 ], [ -90.527222, 14.606468, 0.0 ], [ -90.527604, 14.605684, 0.0 ], [ -90.527705, 14.605513, 0.0 ], [ -90.527727, 14.605473, 0.0 ], [ -90.527748, 14.605433, 0.0 ], [ -90.527768, 14.605392, 0.0 ], [ -90.528233, 14.604374, 0.0 ], [ -90.528238, 14.604362, 0.0 ], [ -90.528243, 14.604349, 0.0 ], [ -90.528249, 14.604337, 0.0 ], [ -90.528255, 14.604325, 0.0 ], [ -90.528262, 14.604313, 0.0 ], [ -90.528269, 14.604302, 0.0 ], [ -90.528276, 14.60429, 0.0 ], [ -90.528284, 14.604279, 0.0 ], [ -90.528292, 14.604268, 0.0 ], [ -90.5283, 14.604258, 0.0 ], [ -90.528309, 14.604248, 0.0 ], [ -90.528319, 14.604238, 0.0 ], [ -90.528328, 14.604228, 0.0 ], [ -90.528338, 14.604219, 0.0 ], [ -90.528348, 14.60421, 0.0 ], [ -90.528359, 14.604201, 0.0 ], [ -90.52837, 14.604193, 0.0 ], [ -90.528381, 14.604185, 0.0 ], [ -90.528392, 14.604178, 0.0 ], [ -90.528404, 14.60417, 0.0 ], [ -90.528416, 14.604164, 0.0 ], [ -90.528428, 14.604157, 0.0 ], [ -90.528441, 14.604151, 0.0 ], [ -90.528453, 14.604146, 0.0 ], [ -90.528466, 14.604141, 0.0 ], [ -90.528479, 14.604136, 0.0 ], [ -90.528492, 14.604132, 0.0 ], [ -90.528505, 14.604128, 0.0 ], [ -90.528519, 14.604125, 0.0 ], [ -90.528532, 14.604122, 0.0 ], [ -90.528546, 14.60412, 0.0 ], [ -90.528559, 14.604118, 0.0 ], [ -90.528573, 14.604116, 0.0 ], [ -90.528587, 14.604115, 0.0 ], [ -90.528601, 14.604115, 0.0 ], [ -90.528614, 14.604115, 0.0 ], [ -90.528628, 14.604115, 0.0 ], [ -90.528642, 14.604116, 0.0 ], [ -90.528656, 14.604117, 0.0 ], [ -90.528669, 14.604119, 0.0 ], [ -90.528683, 14.604121, 0.0 ], [ -90.528696, 14.604124, 0.0 ], [ -90.52871, 14.604127, 0.0 ], [ -90.528723, 14.604131, 0.0 ], [ -90.528736, 14.604135, 0.0 ], [ -90.528749, 14.604139, 0.0 ], [ -90.528762, 14.604144, 0.0 ], [ -90.528775, 14.60415, 0.0 ], [ -90.528787, 14.604155, 0.0 ], [ -90.528799, 14.604162, 0.0 ], [ -90.528811, 14.604168, 0.0 ], [ -90.528823, 14.604175, 0.0 ], [ -90.528835, 14.604183, 0.0 ], [ -90.528846, 14.60419, 0.0 ], [ -90.528857, 14.604199, 0.0 ], [ -90.528867, 14.604207, 0.0 ], [ -90.528878, 14.604216, 0.0 ], [ -90.528888, 14.604225, 0.0 ], [ -90.528898, 14.604235, 0.0 ], [ -90.528907, 14.604245, 0.0 ], [ -90.528916, 14.604255, 0.0 ], [ -90.528925, 14.604265, 0.0 ], [ -90.529132, 14.604526, 0.0 ], [ -90.529933, 14.605508, 0.0 ], [ -90.530834, 14.606569, 0.0 ], [ -90.531134, 14.606914, 0.0 ], [ -90.531176, 14.606963, 0.0 ], [ -90.531216, 14.607014, 0.0 ], [ -90.531254, 14.607066, 0.0 ], [ -90.53129, 14.60712, 0.0 ], [ -90.531324, 14.607174, 0.0 ], [ -90.531357, 14.60723, 0.0 ], [ -90.531387, 14.607287, 0.0 ], [ -90.531571, 14.607624, 0.0 ], [ -90.531698, 14.607913, 0.0 ], [ -90.531837, 14.608337, 0.0 ], [ -90.532195, 14.60944, 0.0 ], [ -90.532216, 14.609487, 0.0 ], [ -90.532239, 14.609533, 0.0 ], [ -90.532263, 14.609579, 0.0 ], [ -90.532289, 14.609623, 0.0 ], [ -90.532317, 14.609667, 0.0 ], [ -90.532346, 14.60971, 0.0 ], [ -90.532376, 14.609752, 0.0 ], [ -90.532408, 14.609792, 0.0 ], [ -90.532441, 14.609832, 0.0 ], [ -90.532476, 14.609871, 0.0 ], [ -90.533765, 14.61127, 0.0 ], [ -90.534697, 14.612381, 0.0 ], [ -90.535482, 14.613421, 0.0 ], [ -90.535552, 14.613523, 0.0 ], [ -90.535624, 14.613622, 0.0 ], [ -90.535701, 14.613719, 0.0 ], [ -90.53578, 14.613813, 0.0 ], [ -90.535863, 14.613905, 0.0 ], [ -90.535949, 14.613993, 0.0 ], [ -90.536205, 14.614248, 0.0 ], [ -90.536222, 14.614269, 0.0 ], [ -90.536239, 14.61429, 0.0 ], [ -90.536256, 14.61431, 0.0 ], [ -90.536275, 14.61433, 0.0 ], [ -90.536294, 14.614349, 0.0 ], [ -90.536314, 14.614367, 0.0 ], [ -90.536334, 14.614385, 0.0 ], [ -90.536355, 14.614402, 0.0 ], [ -90.536376, 14.614418, 0.0 ], [ -90.536521, 14.614525, 0.0 ], [ -90.536911, 14.614806, 0.0 ], [ -90.537347, 14.615035, 0.0 ], [ -90.538102, 14.615443, 0.0 ], [ -90.538817, 14.615775, 0.0 ], [ -90.538961, 14.615828, 0.0 ], [ -90.539393, 14.616001, 0.0 ], [ -90.539716, 14.616145, 0.0 ], [ -90.540273, 14.616475, 0.0 ], [ -90.54028, 14.616478, 0.0 ], [ -90.540287, 14.616482, 0.0 ], [ -90.540293, 14.616486, 0.0 ], [ -90.5403, 14.61649, 0.0 ], [ -90.540306, 14.616494, 0.0 ], [ -90.540313, 14.616499, 0.0 ], [ -90.540319, 14.616504, 0.0 ], [ -90.540325, 14.616509, 0.0 ], [ -90.540331, 14.616514, 0.0 ], [ -90.540337, 14.616519, 0.0 ], [ -90.540342, 14.616524, 0.0 ], [ -90.540347, 14.61653, 0.0 ], [ -90.540457, 14.616655, 0.0 ], [ -90.540563, 14.616783, 0.0 ], [ -90.540569, 14.616791, 0.0 ], [ -90.540576, 14.616798, 0.0 ], [ -90.540582, 14.616805, 0.0 ], [ -90.540589, 14.616812, 0.0 ], [ -90.540596, 14.616819, 0.0 ], [ -90.540604, 14.616825, 0.0 ], [ -90.540611, 14.616831, 0.0 ], [ -90.540619, 14.616837, 0.0 ], [ -90.540627, 14.616842, 0.0 ], [ -90.540635, 14.616847, 0.0 ], [ -90.540644, 14.616852, 0.0 ], [ -90.540709, 14.616888, 0.0 ], [ -90.540775, 14.616923, 0.0 ], [ -90.540793, 14.616932, 0.0 ], [ -90.54081, 14.616942, 0.0 ], [ -90.540827, 14.616953, 0.0 ], [ -90.540843, 14.616964, 0.0 ], [ -90.540859, 14.616976, 0.0 ], [ -90.540875, 14.616988, 0.0 ], [ -90.54089, 14.617001, 0.0 ], [ -90.540905, 14.617014, 0.0 ], [ -90.540919, 14.617028, 0.0 ], [ -90.540933, 14.617042, 0.0 ], [ -90.540946, 14.617056, 0.0 ], [ -90.540959, 14.617072, 0.0 ], [ -90.540971, 14.617087, 0.0 ], [ -90.540983, 14.617103, 0.0 ], [ -90.540994, 14.617119, 0.0 ], [ -90.541005, 14.617136, 0.0 ], [ -90.541014, 14.617153, 0.0 ], [ -90.541024, 14.61717, 0.0 ], [ -90.541254, 14.617651, 0.0 ], [ -90.541262, 14.61767, 0.0 ], [ -90.541271, 14.617688, 0.0 ], [ -90.54128, 14.617706, 0.0 ], [ -90.541291, 14.617724, 0.0 ], [ -90.541302, 14.617741, 0.0 ], [ -90.541313, 14.617758, 0.0 ], [ -90.541325, 14.617775, 0.0 ], [ -90.541338, 14.617791, 0.0 ], [ -90.541351, 14.617806, 0.0 ], [ -90.541364, 14.617822, 0.0 ], [ -90.541379, 14.617837, 0.0 ], [ -90.541393, 14.617851, 0.0 ], [ -90.541409, 14.617865, 0.0 ], [ -90.541592, 14.618026, 0.0 ], [ -90.5416, 14.618034, 0.0 ], [ -90.541609, 14.618041, 0.0 ], [ -90.542139, 14.618464, 0.0 ], [ -90.542686, 14.618845, 0.0 ], [ -90.543259, 14.619206, 0.0 ], [ -90.54393, 14.61961, 0.0 ], [ -90.544281, 14.619837, 0.0 ], [ -90.544284, 14.619839, 0.0 ], [ -90.544286, 14.619841, 0.0 ], [ -90.544289, 14.619843, 0.0 ], [ -90.544291, 14.619845, 0.0 ], [ -90.544294, 14.619847, 0.0 ], [ -90.544296, 14.619849, 0.0 ], [ -90.544298, 14.619852, 0.0 ], [ -90.5443, 14.619854, 0.0 ], [ -90.544302, 14.619856, 0.0 ], [ -90.544304, 14.619859, 0.0 ], [ -90.544306, 14.619861, 0.0 ], [ -90.544308, 14.619864, 0.0 ], [ -90.54431, 14.619867, 0.0 ], [ -90.544311, 14.619869, 0.0 ], [ -90.544313, 14.619872, 0.0 ], [ -90.544314, 14.619875, 0.0 ], [ -90.544315, 14.619878, 0.0 ], [ -90.544316, 14.619881, 0.0 ], [ -90.544318, 14.619883, 0.0 ], [ -90.544319, 14.619886, 0.0 ], [ -90.544319, 14.619889, 0.0 ], [ -90.54432, 14.619892, 0.0 ], [ -90.544321, 14.619895, 0.0 ], [ -90.544321, 14.619899, 0.0 ], [ -90.544322, 14.619902, 0.0 ], [ -90.544322, 14.619905, 0.0 ], [ -90.544322, 14.619908, 0.0 ], [ -90.544323, 14.619911, 0.0 ], [ -90.544323, 14.619914, 0.0 ], [ -90.544322, 14.619917, 0.0 ], [ -90.544322, 14.61992, 0.0 ], [ -90.544322, 14.619923, 0.0 ], [ -90.544321, 14.619926, 0.0 ], [ -90.544321, 14.619929, 0.0 ], [ -90.54432, 14.619933, 0.0 ], [ -90.54432, 14.619936, 0.0 ], [ -90.544319, 14.619939, 0.0 ], [ -90.544318, 14.619942, 0.0 ], [ -90.544317, 14.619944, 0.0 ], [ -90.544315, 14.619947, 0.0 ], [ -90.544314, 14.61995, 0.0 ], [ -90.544313, 14.619953, 0.0 ], [ -90.544311, 14.619956, 0.0 ], [ -90.54431, 14.619958, 0.0 ], [ -90.544308, 14.619961, 0.0 ], [ -90.544306, 14.619964, 0.0 ], [ -90.544304, 14.619966, 0.0 ], [ -90.544303, 14.619969, 0.0 ], [ -90.544301, 14.619971, 0.0 ], [ -90.544298, 14.619973, 0.0 ], [ -90.544296, 14.619976, 0.0 ], [ -90.544294, 14.619978, 0.0 ], [ -90.544292, 14.61998, 0.0 ], [ -90.544289, 14.619982, 0.0 ], [ -90.544287, 14.619984, 0.0 ], [ -90.541379, 14.622187, 0.0 ], [ -90.540606, 14.622769, 0.0 ], [ -90.540604, 14.622771, 0.0 ], [ -90.540601, 14.622773, 0.0 ], [ -90.540599, 14.622775, 0.0 ], [ -90.540597, 14.622777, 0.0 ], [ -90.540594, 14.622779, 0.0 ], [ -90.540592, 14.622782, 0.0 ], [ -90.54059, 14.622784, 0.0 ], [ -90.540588, 14.622787, 0.0 ], [ -90.540586, 14.622789, 0.0 ], [ -90.540585, 14.622792, 0.0 ], [ -90.540583, 14.622794, 0.0 ], [ -90.540581, 14.622797, 0.0 ], [ -90.54058, 14.6228, 0.0 ], [ -90.540579, 14.622803, 0.0 ], [ -90.540577, 14.622805, 0.0 ], [ -90.540576, 14.622808, 0.0 ], [ -90.540575, 14.622811, 0.0 ], [ -90.540574, 14.622814, 0.0 ], [ -90.540573, 14.622817, 0.0 ], [ -90.540572, 14.62282, 0.0 ], [ -90.540572, 14.622823, 0.0 ], [ -90.540571, 14.622826, 0.0 ], [ -90.540571, 14.62283, 0.0 ], [ -90.54057, 14.622833, 0.0 ], [ -90.54057, 14.622836, 0.0 ], [ -90.54057, 14.622839, 0.0 ], [ -90.54057, 14.622842, 0.0 ], [ -90.54057, 14.622845, 0.0 ], [ -90.540571, 14.622848, 0.0 ], [ -90.540571, 14.622851, 0.0 ], [ -90.540571, 14.622854, 0.0 ], [ -90.540572, 14.622858, 0.0 ], [ -90.540573, 14.622861, 0.0 ], [ -90.540573, 14.622864, 0.0 ], [ -90.540574, 14.622867, 0.0 ], [ -90.540575, 14.62287, 0.0 ], [ -90.540576, 14.622872, 0.0 ], [ -90.540578, 14.622875, 0.0 ], [ -90.540579, 14.622878, 0.0 ], [ -90.54058, 14.622881, 0.0 ], [ -90.540582, 14.622884, 0.0 ], [ -90.540583, 14.622887, 0.0 ], [ -90.540585, 14.622889, 0.0 ], [ -90.540587, 14.622892, 0.0 ], [ -90.540589, 14.622894, 0.0 ], [ -90.540996, 14.623424, 0.0 ], [ -90.541316, 14.623828, 0.0 ], [ -90.54313, 14.626075, 0.0 ], [ -90.545223, 14.628698, 0.0 ], [ -90.545611, 14.629164, 0.0 ], [ -90.546019, 14.629684, 0.0 ], [ -90.546134, 14.629855, 0.0 ], [ -90.546168, 14.6299, 0.0 ], [ -90.546204, 14.629944, 0.0 ], [ -90.54624, 14.629987, 0.0 ], [ -90.546249, 14.630002, 0.0 ], [ -90.546258, 14.630018, 0.0 ], [ -90.546266, 14.630033, 0.0 ], [ -90.546274, 14.630049, 0.0 ], [ -90.546281, 14.630065, 0.0 ], [ -90.546288, 14.630082, 0.0 ], [ -90.546294, 14.630098, 0.0 ], [ -90.546299, 14.630115, 0.0 ], [ -90.546304, 14.630132, 0.0 ], [ -90.546308, 14.630149, 0.0 ], [ -90.546312, 14.630166, 0.0 ], [ -90.546315, 14.630183, 0.0 ], [ -90.546317, 14.630201, 0.0 ], [ -90.546319, 14.630218, 0.0 ], [ -90.546321, 14.630236, 0.0 ], [ -90.546321, 14.630253, 0.0 ], [ -90.546321, 14.630271, 0.0 ], [ -90.546321, 14.630288, 0.0 ], [ -90.546319, 14.630303, 0.0 ], [ -90.546318, 14.630318, 0.0 ], [ -90.546317, 14.630334, 0.0 ], [ -90.546316, 14.630349, 0.0 ], [ -90.546317, 14.630364, 0.0 ], [ -90.546317, 14.630379, 0.0 ], [ -90.546325, 14.630504, 0.0 ], [ -90.546342, 14.630721, 0.0 ], [ -90.546345, 14.63076, 0.0 ], [ -90.546349, 14.630798, 0.0 ], [ -90.546355, 14.630837, 0.0 ], [ -90.546362, 14.630875, 0.0 ], [ -90.54637, 14.630913, 0.0 ], [ -90.54638, 14.630951, 0.0 ], [ -90.546391, 14.630988, 0.0 ], [ -90.546403, 14.631025, 0.0 ], [ -90.546416, 14.631062, 0.0 ], [ -90.54643, 14.631098, 0.0 ], [ -90.546446, 14.631134, 0.0 ], [ -90.546453, 14.631147, 0.0 ], [ -90.546459, 14.63116, 0.0 ], [ -90.546466, 14.631172, 0.0 ], [ -90.546474, 14.631185, 0.0 ], [ -90.546482, 14.631197, 0.0 ], [ -90.54649, 14.631209, 0.0 ], [ -90.546499, 14.631221, 0.0 ], [ -90.546508, 14.631232, 0.0 ], [ -90.546518, 14.631243, 0.0 ], [ -90.54656, 14.63129, 0.0 ], [ -90.546604, 14.631335, 0.0 ], [ -90.54665, 14.63138, 0.0 ], [ -90.546696, 14.631423, 0.0 ], [ -90.546744, 14.631464, 0.0 ], [ -90.546794, 14.631504, 0.0 ], [ -90.546864, 14.631562, 0.0 ], [ -90.546933, 14.631622, 0.0 ], [ -90.546999, 14.631685, 0.0 ], [ -90.547064, 14.631749, 0.0 ], [ -90.547125, 14.631816, 0.0 ], [ -90.547168, 14.631865, 0.0 ], [ -90.547208, 14.631916, 0.0 ], [ -90.547247, 14.631967, 0.0 ], [ -90.547285, 14.63202, 0.0 ], [ -90.54732, 14.632074, 0.0 ], [ -90.547353, 14.632129, 0.0 ], [ -90.547385, 14.632186, 0.0 ], [ -90.547427, 14.632266, 0.0 ], [ -90.547466, 14.632347, 0.0 ], [ -90.547502, 14.632429, 0.0 ], [ -90.547536, 14.632513, 0.0 ], [ -90.547567, 14.632597, 0.0 ], [ -90.547588, 14.632658, 0.0 ], [ -90.547606, 14.63272, 0.0 ], [ -90.547622, 14.632782, 0.0 ], [ -90.547636, 14.632845, 0.0 ], [ -90.547648, 14.632908, 0.0 ], [ -90.547658, 14.632971, 0.0 ], [ -90.547665, 14.633035, 0.0 ], [ -90.547671, 14.633099, 0.0 ], [ -90.547674, 14.633163, 0.0 ], [ -90.547675, 14.633227, 0.0 ], [ -90.547674, 14.633291, 0.0 ], [ -90.54767, 14.633355, 0.0 ], [ -90.547665, 14.633418, 0.0 ], [ -90.547657, 14.633482, 0.0 ], [ -90.547594, 14.633929, 0.0 ], [ -90.547558, 14.634175, 0.0 ], [ -90.547509, 14.634521, 0.0 ], [ -90.547485, 14.634695, 0.0 ], [ -90.547448, 14.63496, 0.0 ], [ -90.547425, 14.635123, 0.0 ], [ -90.547334, 14.635746, 0.0 ], [ -90.547326, 14.635785, 0.0 ], [ -90.547317, 14.635824, 0.0 ], [ -90.547306, 14.635862, 0.0 ], [ -90.547294, 14.6359, 0.0 ], [ -90.547281, 14.635938, 0.0 ], [ -90.547266, 14.635975, 0.0 ], [ -90.54725, 14.636012, 0.0 ], [ -90.547234, 14.636048, 0.0 ], [ -90.547216, 14.636084, 0.0 ], [ -90.547006, 14.636484, 0.0 ], [ -90.546795, 14.636882, 0.0 ], [ -90.546776, 14.636918, 0.0 ], [ -90.546758, 14.636955, 0.0 ], [ -90.546742, 14.636992, 0.0 ], [ -90.546727, 14.63703, 0.0 ], [ -90.546714, 14.637069, 0.0 ], [ -90.546702, 14.637107, 0.0 ], [ -90.546691, 14.637146, 0.0 ], [ -90.546682, 14.637186, 0.0 ], [ -90.546674, 14.637226, 0.0 ], [ -90.546668, 14.637266, 0.0 ], [ -90.546662, 14.637306, 0.0 ], [ -90.546652, 14.637417, 0.0 ], [ -90.546646, 14.637527, 0.0 ], [ -90.546642, 14.637639, 0.0 ], [ -90.546643, 14.63775, 0.0 ], [ -90.546647, 14.637996, 0.0 ], [ -90.546678, 14.639455, 0.0 ], [ -90.546711, 14.640145, 0.0 ], [ -90.546711, 14.640152, 0.0 ], [ -90.546712, 14.640159, 0.0 ], [ -90.546712, 14.640166, 0.0 ], [ -90.546714, 14.640173, 0.0 ], [ -90.546715, 14.64018, 0.0 ], [ -90.546716, 14.640187, 0.0 ], [ -90.546718, 14.640194, 0.0 ], [ -90.54672, 14.640201, 0.0 ], [ -90.546723, 14.640208, 0.0 ], [ -90.546725, 14.640215, 0.0 ], [ -90.546728, 14.640221, 0.0 ], [ -90.546731, 14.640228, 0.0 ], [ -90.546734, 14.640234, 0.0 ], [ -90.546738, 14.64024, 0.0 ], [ -90.546741, 14.640246, 0.0 ], [ -90.546745, 14.640252, 0.0 ], [ -90.546749, 14.640258, 0.0 ], [ -90.546754, 14.640264, 0.0 ], [ -90.546758, 14.64027, 0.0 ], [ -90.546763, 14.640275, 0.0 ], [ -90.546768, 14.640281, 0.0 ], [ -90.546773, 14.640286, 0.0 ], [ -90.546778, 14.640291, 0.0 ], [ -90.546784, 14.640295, 0.0 ], [ -90.546789, 14.6403, 0.0 ], [ -90.546795, 14.640304, 0.0 ], [ -90.546801, 14.640309, 0.0 ], [ -90.546807, 14.640313, 0.0 ], [ -90.546813, 14.640316, 0.0 ], [ -90.546819, 14.64032, 0.0 ], [ -90.547387, 14.640589, 0.0 ], [ -90.547713, 14.640753, 0.0 ], [ -90.547715, 14.640755, 0.0 ], [ -90.547718, 14.640756, 0.0 ], [ -90.547721, 14.640758, 0.0 ], [ -90.547723, 14.64076, 0.0 ], [ -90.547726, 14.640762, 0.0 ], [ -90.547729, 14.640764, 0.0 ], [ -90.547731, 14.640766, 0.0 ], [ -90.547733, 14.640768, 0.0 ], [ -90.547736, 14.64077, 0.0 ], [ -90.547738, 14.640772, 0.0 ], [ -90.54774, 14.640774, 0.0 ], [ -90.547742, 14.640777, 0.0 ], [ -90.547744, 14.640779, 0.0 ], [ -90.547746, 14.640782, 0.0 ], [ -90.547748, 14.640784, 0.0 ], [ -90.547749, 14.640787, 0.0 ], [ -90.547751, 14.64079, 0.0 ], [ -90.547752, 14.640792, 0.0 ], [ -90.547754, 14.640795, 0.0 ], [ -90.547755, 14.640798, 0.0 ], [ -90.547756, 14.640801, 0.0 ], [ -90.547757, 14.640804, 0.0 ], [ -90.547758, 14.640807, 0.0 ], [ -90.547759, 14.64081, 0.0 ], [ -90.54776, 14.640813, 0.0 ], [ -90.547761, 14.640816, 0.0 ], [ -90.547761, 14.640819, 0.0 ], [ -90.547762, 14.640822, 0.0 ], [ -90.547762, 14.640825, 0.0 ], [ -90.547762, 14.640828, 0.0 ], [ -90.547762, 14.640831, 0.0 ], [ -90.547762, 14.640834, 0.0 ], [ -90.547762, 14.640838, 0.0 ], [ -90.547762, 14.640841, 0.0 ], [ -90.547762, 14.640844, 0.0 ], [ -90.547761, 14.640847, 0.0 ], [ -90.547761, 14.64085, 0.0 ], [ -90.54776, 14.640853, 0.0 ], [ -90.54776, 14.640856, 0.0 ], [ -90.547759, 14.640859, 0.0 ], [ -90.547758, 14.640862, 0.0 ], [ -90.547757, 14.640865, 0.0 ], [ -90.547756, 14.640868, 0.0 ], [ -90.547754, 14.640871, 0.0 ], [ -90.547753, 14.640873, 0.0 ], [ -90.547751, 14.640876, 0.0 ], [ -90.54775, 14.640879, 0.0 ], [ -90.547748, 14.640882, 0.0 ], [ -90.547747, 14.640884, 0.0 ], [ -90.547745, 14.640887, 0.0 ], [ -90.547743, 14.640889, 0.0 ], [ -90.547741, 14.640892, 0.0 ], [ -90.547739, 14.640894, 0.0 ], [ -90.547736, 14.640896, 0.0 ], [ -90.547734, 14.640898, 0.0 ], [ -90.547732, 14.640901, 0.0 ], [ -90.547729, 14.640903, 0.0 ], [ -90.547727, 14.640905, 0.0 ], [ -90.547724, 14.640906, 0.0 ], [ -90.547722, 14.640908, 0.0 ], [ -90.547719, 14.64091, 0.0 ], [ -90.547716, 14.640912, 0.0 ], [ -90.547714, 14.640913, 0.0 ], [ -90.546455, 14.641572, 0.0 ], [ -90.546387, 14.641605, 0.0 ], [ -90.546319, 14.641641, 0.0 ], [ -90.546253, 14.641678, 0.0 ], [ -90.546188, 14.641718, 0.0 ], [ -90.546125, 14.64176, 0.0 ], [ -90.546063, 14.641804, 0.0 ], [ -90.546003, 14.64185, 0.0 ], [ -90.545944, 14.641899, 0.0 ], [ -90.545887, 14.641948, 0.0 ], [ -90.545461, 14.642335, 0.0 ], [ -90.545372, 14.642404, 0.0 ], [ -90.545279, 14.642469, 0.0 ], [ -90.545185, 14.642532, 0.0 ], [ -90.545088, 14.642591, 0.0 ], [ -90.54499, 14.642648, 0.0 ], [ -90.544889, 14.642701, 0.0 ], [ -90.544787, 14.642751, 0.0 ], [ -90.544683, 14.642798, 0.0 ], [ -90.544578, 14.642841, 0.0 ], [ -90.544471, 14.64288, 0.0 ], [ -90.544363, 14.642917, 0.0 ], [ -90.54374, 14.643115, 0.0 ], [ -90.543292, 14.643243, 0.0 ], [ -90.542979, 14.643358, 0.0 ], [ -90.542966, 14.643363, 0.0 ], [ -90.542952, 14.643369, 0.0 ], [ -90.542944, 14.643372, 0.0 ], [ -90.542936, 14.643376, 0.0 ], [ -90.54153, 14.644055, 0.0 ], [ -90.540966, 14.644348, 0.0 ], [ -90.540308, 14.644731, 0.0 ], [ -90.539743, 14.645093, 0.0 ], [ -90.539591, 14.645193, 0.0 ], [ -90.539435, 14.645287, 0.0 ], [ -90.539277, 14.645377, 0.0 ], [ -90.539115, 14.645462, 0.0 ], [ -90.538951, 14.645542, 0.0 ], [ -90.538784, 14.645616, 0.0 ], [ -90.538615, 14.645685, 0.0 ], [ -90.538443, 14.645749, 0.0 ], [ -90.53827, 14.645807, 0.0 ], [ -90.538094, 14.645859, 0.0 ], [ -90.53795, 14.645882, 0.0 ], [ -90.537805, 14.645899, 0.0 ], [ -90.537659, 14.645912, 0.0 ], [ -90.537512, 14.64592, 0.0 ], [ -90.537366, 14.645923, 0.0 ], [ -90.537219, 14.645921, 0.0 ], [ -90.537073, 14.645914, 0.0 ], [ -90.537064, 14.645913, 0.0 ], [ -90.537056, 14.645913, 0.0 ], [ -90.537047, 14.645912, 0.0 ], [ -90.537038, 14.645913, 0.0 ], [ -90.53703, 14.645913, 0.0 ], [ -90.537021, 14.645914, 0.0 ], [ -90.537012, 14.645915, 0.0 ], [ -90.537004, 14.645916, 0.0 ], [ -90.536995, 14.645918, 0.0 ], [ -90.536987, 14.64592, 0.0 ], [ -90.536978, 14.645922, 0.0 ], [ -90.53697, 14.645925, 0.0 ], [ -90.536962, 14.645927, 0.0 ], [ -90.536954, 14.64593, 0.0 ], [ -90.536946, 14.645934, 0.0 ], [ -90.536938, 14.645937, 0.0 ], [ -90.53693, 14.645941, 0.0 ], [ -90.536923, 14.645945, 0.0 ], [ -90.536915, 14.64595, 0.0 ], [ -90.536908, 14.645954, 0.0 ], [ -90.536901, 14.645959, 0.0 ], [ -90.536894, 14.645964, 0.0 ], [ -90.536887, 14.64597, 0.0 ], [ -90.536881, 14.645975, 0.0 ], [ -90.536874, 14.645981, 0.0 ], [ -90.536868, 14.645987, 0.0 ], [ -90.536862, 14.645993, 0.0 ], [ -90.536857, 14.646, 0.0 ], [ -90.536851, 14.646006, 0.0 ], [ -90.536846, 14.646013, 0.0 ], [ -90.536841, 14.64602, 0.0 ], [ -90.536836, 14.646027, 0.0 ], [ -90.536832, 14.646035, 0.0 ], [ -90.536828, 14.646042, 0.0 ], [ -90.536824, 14.64605, 0.0 ], [ -90.53682, 14.646057, 0.0 ], [ -90.536817, 14.646065, 0.0 ], [ -90.536814, 14.646073, 0.0 ], [ -90.536811, 14.646081, 0.0 ], [ -90.536809, 14.646089, 0.0 ], [ -90.536806, 14.646097, 0.0 ], [ -90.536804, 14.646106, 0.0 ], [ -90.536803, 14.646114, 0.0 ], [ -90.536802, 14.646122, 0.0 ], [ -90.536737, 14.646507, 0.0 ], [ -90.536726, 14.646558, 0.0 ], [ -90.536713, 14.646608, 0.0 ], [ -90.536699, 14.646658, 0.0 ], [ -90.536682, 14.646707, 0.0 ], [ -90.536664, 14.646756, 0.0 ], [ -90.536644, 14.646804, 0.0 ], [ -90.536623, 14.646852, 0.0 ], [ -90.5366, 14.646899, 0.0 ], [ -90.536575, 14.646945, 0.0 ], [ -90.536549, 14.64699, 0.0 ], [ -90.536535, 14.647014, 0.0 ], [ -90.536521, 14.647038, 0.0 ], [ -90.536505, 14.647061, 0.0 ], [ -90.536489, 14.647084, 0.0 ], [ -90.536472, 14.647106, 0.0 ], [ -90.536455, 14.647128, 0.0 ], [ -90.536436, 14.647149, 0.0 ], [ -90.536417, 14.647169, 0.0 ], [ -90.536397, 14.647189, 0.0 ], [ -90.535933, 14.647491, 0.0 ], [ -90.535887, 14.647523, 0.0 ], [ -90.535841, 14.647555, 0.0 ], [ -90.535797, 14.64759, 0.0 ], [ -90.535754, 14.647625, 0.0 ], [ -90.535713, 14.647662, 0.0 ], [ -90.535672, 14.6477, 0.0 ], [ -90.535633, 14.64774, 0.0 ], [ -90.535596, 14.647781, 0.0 ], [ -90.535559, 14.647823, 0.0 ], [ -90.535524, 14.647866, 0.0 ], [ -90.535089, 14.64845, 0.0 ], [ -90.533713, 14.650293, 0.0 ], [ -90.533564, 14.650494, 0.0 ], [ -90.533172, 14.651017, 0.0 ], [ -90.533069, 14.651157, 0.0 ], [ -90.532797, 14.651522, 0.0 ], [ -90.532783, 14.651542, 0.0 ], [ -90.532769, 14.651562, 0.0 ], [ -90.532756, 14.651582, 0.0 ], [ -90.532479, 14.652026, 0.0 ], [ -90.532057, 14.65274, 0.0 ], [ -90.531559, 14.653594, 0.0 ], [ -90.531532, 14.653642, 0.0 ], [ -90.531507, 14.653691, 0.0 ], [ -90.531484, 14.653741, 0.0 ], [ -90.531462, 14.653791, 0.0 ], [ -90.531443, 14.653842, 0.0 ], [ -90.531425, 14.653894, 0.0 ], [ -90.531409, 14.653947, 0.0 ], [ -90.531394, 14.654, 0.0 ], [ -90.531382, 14.654053, 0.0 ], [ -90.531372, 14.654107, 0.0 ], [ -90.531363, 14.654153, 0.0 ], [ -90.531352, 14.654199, 0.0 ], [ -90.531341, 14.654244, 0.0 ], [ -90.531327, 14.654289, 0.0 ], [ -90.531312, 14.654334, 0.0 ], [ -90.531296, 14.654378, 0.0 ], [ -90.531278, 14.654422, 0.0 ], [ -90.531259, 14.654465, 0.0 ], [ -90.531239, 14.654507, 0.0 ], [ -90.531217, 14.654549, 0.0 ], [ -90.530712, 14.655493, 0.0 ], [ -90.529996, 14.656868, 0.0 ], [ -90.529133, 14.65852, 0.0 ], [ -90.528484, 14.65974, 0.0 ], [ -90.528418, 14.65987, 0.0 ], [ -90.528417, 14.659872, 0.0 ], [ -90.528416, 14.659874, 0.0 ], [ -90.528415, 14.659876, 0.0 ], [ -90.528413, 14.659878, 0.0 ], [ -90.528412, 14.65988, 0.0 ], [ -90.528411, 14.659882, 0.0 ], [ -90.528409, 14.659884, 0.0 ], [ -90.528408, 14.659886, 0.0 ], [ -90.528406, 14.659888, 0.0 ], [ -90.528404, 14.659889, 0.0 ], [ -90.528402, 14.659891, 0.0 ], [ -90.528401, 14.659892, 0.0 ], [ -90.528399, 14.659894, 0.0 ], [ -90.528397, 14.659895, 0.0 ], [ -90.528395, 14.659897, 0.0 ], [ -90.528393, 14.659898, 0.0 ], [ -90.528391, 14.659899, 0.0 ], [ -90.528388, 14.659901, 0.0 ], [ -90.528386, 14.659902, 0.0 ], [ -90.528384, 14.659903, 0.0 ], [ -90.528382, 14.659904, 0.0 ], [ -90.528379, 14.659905, 0.0 ], [ -90.528377, 14.659905, 0.0 ], [ -90.528375, 14.659906, 0.0 ], [ -90.528372, 14.659907, 0.0 ], [ -90.52837, 14.659907, 0.0 ], [ -90.528368, 14.659908, 0.0 ], [ -90.528365, 14.659908, 0.0 ], [ -90.528363, 14.659908, 0.0 ], [ -90.52836, 14.659909, 0.0 ], [ -90.528358, 14.659909, 0.0 ], [ -90.528356, 14.659909, 0.0 ], [ -90.528353, 14.659909, 0.0 ], [ -90.528351, 14.659909, 0.0 ], [ -90.528348, 14.659909, 0.0 ], [ -90.528346, 14.659908, 0.0 ], [ -90.528343, 14.659908, 0.0 ], [ -90.528341, 14.659908, 0.0 ], [ -90.528338, 14.659907, 0.0 ], [ -90.528336, 14.659907, 0.0 ], [ -90.528334, 14.659906, 0.0 ], [ -90.528331, 14.659905, 0.0 ], [ -90.528329, 14.659904, 0.0 ], [ -90.528327, 14.659903, 0.0 ], [ -90.528325, 14.659902, 0.0 ], [ -90.528322, 14.659901, 0.0 ], [ -90.52832, 14.6599, 0.0 ], [ -90.528318, 14.659899, 0.0 ], [ -90.528316, 14.659898, 0.0 ], [ -90.528314, 14.659896, 0.0 ], [ -90.528312, 14.659895, 0.0 ], [ -90.52831, 14.659894, 0.0 ], [ -90.528308, 14.659892, 0.0 ], [ -90.528306, 14.65989, 0.0 ], [ -90.528305, 14.659889, 0.0 ], [ -90.528303, 14.659887, 0.0 ], [ -90.528301, 14.659885, 0.0 ], [ -90.5283, 14.659883, 0.0 ], [ -90.528298, 14.659882, 0.0 ], [ -90.528297, 14.65988, 0.0 ], [ -90.528295, 14.659878, 0.0 ], [ -90.528294, 14.659876, 0.0 ], [ -90.528293, 14.659874, 0.0 ], [ -90.528292, 14.659871, 0.0 ], [ -90.528291, 14.659869, 0.0 ], [ -90.52829, 14.659867, 0.0 ], [ -90.528289, 14.659865, 0.0 ], [ -90.528288, 14.659863, 0.0 ], [ -90.528287, 14.65986, 0.0 ], [ -90.528286, 14.659858, 0.0 ], [ -90.528286, 14.659856, 0.0 ], [ -90.528285, 14.659853, 0.0 ], [ -90.528285, 14.659851, 0.0 ], [ -90.528285, 14.659849, 0.0 ], [ -90.528284, 14.659846, 0.0 ], [ -90.528284, 14.659844, 0.0 ], [ -90.528284, 14.659842, 0.0 ], [ -90.528284, 14.659839, 0.0 ], [ -90.528284, 14.659837, 0.0 ], [ -90.528284, 14.659834, 0.0 ], [ -90.528284, 14.659832, 0.0 ], [ -90.528285, 14.65983, 0.0 ], [ -90.528285, 14.659827, 0.0 ], [ -90.528286, 14.659825, 0.0 ], [ -90.528286, 14.659823, 0.0 ], [ -90.528287, 14.65982, 0.0 ], [ -90.528288, 14.659818, 0.0 ], [ -90.528289, 14.659816, 0.0 ], [ -90.528289, 14.659814, 0.0 ], [ -90.52829, 14.659811, 0.0 ], [ -90.528292, 14.659809, 0.0 ] ] } },
{ "type": "Feature", "properties": { "id_linea": "sistema", "capa": "SISTEMA TUBUS - Paradas Ruta 802", "orden": 35, "nombre": "Ruta 802" }, "geometry": { "type": "LineString", "coordinates": [ [ -90.528418, 14.659871, 0.0 ], [ -90.528484, 14.65974, 0.0 ], [ -90.529133, 14.65852, 0.0 ], [ -90.529996, 14.656868, 0.0 ], [ -90.530712, 14.655493, 0.0 ], [ -90.531217, 14.654549, 0.0 ], [ -90.531239, 14.654507, 0.0 ], [ -90.531259, 14.654465, 0.0 ], [ -90.531278, 14.654422, 0.0 ], [ -90.531296, 14.654378, 0.0 ], [ -90.531312, 14.654334, 0.0 ], [ -90.531327, 14.654289, 0.0 ], [ -90.531341, 14.654244, 0.0 ], [ -90.531352, 14.654199, 0.0 ], [ -90.531363, 14.654153, 0.0 ], [ -90.531372, 14.654107, 0.0 ], [ -90.531382, 14.654053, 0.0 ], [ -90.531394, 14.654, 0.0 ], [ -90.531409, 14.653947, 0.0 ], [ -90.531425, 14.653894, 0.0 ], [ -90.531443, 14.653842, 0.0 ], [ -90.531462, 14.653791, 0.0 ], [ -90.531484, 14.653741, 0.0 ], [ -90.531507, 14.653691, 0.0 ], [ -90.531532, 14.653642, 0.0 ], [ -90.531559, 14.653594, 0.0 ], [ -90.532057, 14.65274, 0.0 ], [ -90.532479, 14.652026, 0.0 ], [ -90.532756, 14.651582, 0.0 ], [ -90.532769, 14.651562, 0.0 ], [ -90.532783, 14.651542, 0.0 ], [ -90.532797, 14.651522, 0.0 ], [ -90.533069, 14.651157, 0.0 ], [ -90.533172, 14.651017, 0.0 ], [ -90.533564, 14.650494, 0.0 ], [ -90.533713, 14.650293, 0.0 ], [ -90.535089, 14.64845, 0.0 ], [ -90.535524, 14.647866, 0.0 ], [ -90.535559, 14.647823, 0.0 ], [ -90.535596, 14.647781, 0.0 ], [ -90.535633, 14.64774, 0.0 ], [ -90.535672, 14.6477, 0.0 ], [ -90.535713, 14.647662, 0.0 ], [ -90.535754, 14.647625, 0.0 ], [ -90.535797, 14.64759, 0.0 ], [ -90.535841, 14.647555, 0.0 ], [ -90.535887, 14.647523, 0.0 ], [ -90.535933, 14.647491, 0.0 ], [ -90.536397, 14.647189, 0.0 ], [ -90.536417, 14.647169, 0.0 ], [ -90.536436, 14.647148, 0.0 ], [ -90.536455, 14.647127, 0.0 ], [ -90.536473, 14.647105, 0.0 ], [ -90.53649, 14.647083, 0.0 ], [ -90.536506, 14.64706, 0.0 ], [ -90.536521, 14.647037, 0.0 ], [ -90.536536, 14.647013, 0.0 ], [ -90.53655, 14.646988, 0.0 ], [ -90.536562, 14.646963, 0.0 ], [ -90.536574, 14.646938, 0.0 ], [ -90.536585, 14.646912, 0.0 ], [ -90.536595, 14.646886, 0.0 ], [ -90.536604, 14.64686, 0.0 ], [ -90.536612, 14.646833, 0.0 ], [ -90.536619, 14.646806, 0.0 ], [ -90.536626, 14.646779, 0.0 ], [ -90.536631, 14.646751, 0.0 ], [ -90.536635, 14.646724, 0.0 ], [ -90.536638, 14.646696, 0.0 ], [ -90.5367, 14.64627, 0.0 ], [ -90.536712, 14.646189, 0.0 ], [ -90.536727, 14.646108, 0.0 ], [ -90.536744, 14.646028, 0.0 ], [ -90.536764, 14.645948, 0.0 ], [ -90.536787, 14.645869, 0.0 ], [ -90.536812, 14.64579, 0.0 ], [ -90.53684, 14.645713, 0.0 ], [ -90.53687, 14.645636, 0.0 ], [ -90.536885, 14.6456, 0.0 ], [ -90.536901, 14.645565, 0.0 ], [ -90.536919, 14.645531, 0.0 ], [ -90.536938, 14.645497, 0.0 ], [ -90.536958, 14.645464, 0.0 ], [ -90.536979, 14.645431, 0.0 ], [ -90.537002, 14.645399, 0.0 ], [ -90.537025, 14.645368, 0.0 ], [ -90.537035, 14.645356, 0.0 ], [ -90.537045, 14.645345, 0.0 ], [ -90.537056, 14.645334, 0.0 ], [ -90.537067, 14.645324, 0.0 ], [ -90.537079, 14.645314, 0.0 ], [ -90.537091, 14.645304, 0.0 ], [ -90.537103, 14.645295, 0.0 ], [ -90.537115, 14.645286, 0.0 ], [ -90.537128, 14.645277, 0.0 ], [ -90.537141, 14.645269, 0.0 ], [ -90.537155, 14.645261, 0.0 ], [ -90.537168, 14.645254, 0.0 ], [ -90.537182, 14.645247, 0.0 ], [ -90.537196, 14.645241, 0.0 ], [ -90.537449, 14.645172, 0.0 ], [ -90.537455, 14.64517, 0.0 ], [ -90.537461, 14.645168, 0.0 ], [ -90.537468, 14.645166, 0.0 ], [ -90.537474, 14.645165, 0.0 ], [ -90.537481, 14.645164, 0.0 ], [ -90.537487, 14.645163, 0.0 ], [ -90.537494, 14.645163, 0.0 ], [ -90.5375, 14.645162, 0.0 ], [ -90.537507, 14.645162, 0.0 ], [ -90.537514, 14.645162, 0.0 ], [ -90.53752, 14.645162, 0.0 ], [ -90.537527, 14.645163, 0.0 ], [ -90.537533, 14.645163, 0.0 ], [ -90.53754, 14.645164, 0.0 ], [ -90.537546, 14.645165, 0.0 ], [ -90.537553, 14.645167, 0.0 ], [ -90.537559, 14.645168, 0.0 ], [ -90.537566, 14.64517, 0.0 ], [ -90.537572, 14.645172, 0.0 ], [ -90.537578, 14.645174, 0.0 ], [ -90.537584, 14.645177, 0.0 ], [ -90.53759, 14.645179, 0.0 ], [ -90.537596, 14.645182, 0.0 ], [ -90.537602, 14.645185, 0.0 ], [ -90.537608, 14.645188, 0.0 ], [ -90.537613, 14.645192, 0.0 ], [ -90.537619, 14.645195, 0.0 ], [ -90.537624, 14.645199, 0.0 ], [ -90.537629, 14.645203, 0.0 ], [ -90.537634, 14.645207, 0.0 ], [ -90.537639, 14.645211, 0.0 ], [ -90.537644, 14.645216, 0.0 ], [ -90.537649, 14.645221, 0.0 ], [ -90.537653, 14.645225, 0.0 ], [ -90.537657, 14.64523, 0.0 ], [ -90.537661, 14.645235, 0.0 ], [ -90.537665, 14.64524, 0.0 ], [ -90.537669, 14.645246, 0.0 ], [ -90.537672, 14.645251, 0.0 ], [ -90.537676, 14.645257, 0.0 ], [ -90.537679, 14.645262, 0.0 ], [ -90.537682, 14.645268, 0.0 ], [ -90.537685, 14.645274, 0.0 ], [ -90.537687, 14.64528, 0.0 ], [ -90.537689, 14.645286, 0.0 ], [ -90.537691, 14.645292, 0.0 ], [ -90.537693, 14.645298, 0.0 ], [ -90.537695, 14.645305, 0.0 ], [ -90.537696, 14.645311, 0.0 ], [ -90.537697, 14.645317, 0.0 ], [ -90.537698, 14.645324, 0.0 ], [ -90.537699, 14.64533, 0.0 ], [ -90.5377, 14.645336, 0.0 ], [ -90.5377, 14.645343, 0.0 ], [ -90.5377, 14.645349, 0.0 ], [ -90.5377, 14.645356, 0.0 ], [ -90.537699, 14.645362, 0.0 ], [ -90.537699, 14.645368, 0.0 ], [ -90.537698, 14.645375, 0.0 ], [ -90.537697, 14.645381, 0.0 ], [ -90.537695, 14.645387, 0.0 ], [ -90.537694, 14.645394, 0.0 ], [ -90.537692, 14.6454, 0.0 ], [ -90.53769, 14.645406, 0.0 ], [ -90.537688, 14.645412, 0.0 ], [ -90.537685, 14.645418, 0.0 ], [ -90.537683, 14.645424, 0.0 ], [ -90.53768, 14.64543, 0.0 ], [ -90.537677, 14.645435, 0.0 ], [ -90.537674, 14.645441, 0.0 ], [ -90.53767, 14.645447, 0.0 ], [ -90.537667, 14.645452, 0.0 ], [ -90.537663, 14.645457, 0.0 ], [ -90.537659, 14.645462, 0.0 ], [ -90.537655, 14.645467, 0.0 ], [ -90.53765, 14.645472, 0.0 ], [ -90.537646, 14.645477, 0.0 ], [ -90.537641, 14.645481, 0.0 ], [ -90.537631, 14.645489, 0.0 ], [ -90.537621, 14.645496, 0.0 ], [ -90.537611, 14.645504, 0.0 ], [ -90.537601, 14.64551, 0.0 ], [ -90.53759, 14.645517, 0.0 ], [ -90.537579, 14.645523, 0.0 ], [ -90.537568, 14.645528, 0.0 ], [ -90.537556, 14.645534, 0.0 ], [ -90.537545, 14.645539, 0.0 ], [ -90.537533, 14.645543, 0.0 ], [ -90.537521, 14.645547, 0.0 ], [ -90.537509, 14.645551, 0.0 ], [ -90.537497, 14.645554, 0.0 ], [ -90.537485, 14.645557, 0.0 ], [ -90.537473, 14.64556, 0.0 ], [ -90.53746, 14.645562, 0.0 ], [ -90.537448, 14.645563, 0.0 ], [ -90.537435, 14.645565, 0.0 ], [ -90.537423, 14.645566, 0.0 ], [ -90.53741, 14.645566, 0.0 ], [ -90.537398, 14.645566, 0.0 ], [ -90.537233, 14.645577, 0.0 ], [ -90.537009, 14.645589, 0.0 ], [ -90.536874, 14.645594, 0.0 ], [ -90.53674, 14.645595, 0.0 ], [ -90.536605, 14.645592, 0.0 ], [ -90.53647, 14.645586, 0.0 ], [ -90.536336, 14.645576, 0.0 ], [ -90.535399, 14.645492, 0.0 ], [ -90.53465, 14.645424, 0.0 ], [ -90.534526, 14.645415, 0.0 ], [ -90.534402, 14.645409, 0.0 ], [ -90.534278, 14.645406, 0.0 ], [ -90.534224, 14.645401, 0.0 ], [ -90.53417, 14.645398, 0.0 ], [ -90.534115, 14.645397, 0.0 ], [ -90.53406, 14.645398, 0.0 ], [ -90.534006, 14.6454, 0.0 ], [ -90.533951, 14.645405, 0.0 ], [ -90.533897, 14.645411, 0.0 ], [ -90.533843, 14.645419, 0.0 ], [ -90.533789, 14.645429, 0.0 ], [ -90.533736, 14.645441, 0.0 ], [ -90.533683, 14.645454, 0.0 ], [ -90.533631, 14.645469, 0.0 ], [ -90.533579, 14.645486, 0.0 ], [ -90.533528, 14.645505, 0.0 ], [ -90.533478, 14.645525, 0.0 ], [ -90.533428, 14.645547, 0.0 ], [ -90.533379, 14.645571, 0.0 ], [ -90.533331, 14.645597, 0.0 ], [ -90.533284, 14.645624, 0.0 ], [ -90.533238, 14.645652, 0.0 ], [ -90.533193, 14.645682, 0.0 ], [ -90.533149, 14.645714, 0.0 ], [ -90.533106, 14.645747, 0.0 ], [ -90.533065, 14.645781, 0.0 ], [ -90.533024, 14.645817, 0.0 ], [ -90.532985, 14.645854, 0.0 ], [ -90.532947, 14.645893, 0.0 ], [ -90.532911, 14.645933, 0.0 ], [ -90.532876, 14.645974, 0.0 ], [ -90.532843, 14.646016, 0.0 ], [ -90.532811, 14.646059, 0.0 ], [ -90.532781, 14.646103, 0.0 ], [ -90.532752, 14.646148, 0.0 ], [ -90.532725, 14.646194, 0.0 ], [ -90.532699, 14.646241, 0.0 ], [ -90.532675, 14.646289, 0.0 ], [ -90.532653, 14.646338, 0.0 ], [ -90.532633, 14.646387, 0.0 ], [ -90.532614, 14.646437, 0.0 ], [ -90.532597, 14.646488, 0.0 ], [ -90.532582, 14.646539, 0.0 ], [ -90.532569, 14.646591, 0.0 ], [ -90.532558, 14.646643, 0.0 ], [ -90.532549, 14.646695, 0.0 ], [ -90.532541, 14.646748, 0.0 ], [ -90.532535, 14.646801, 0.0 ], [ -90.532531, 14.646854, 0.0 ], [ -90.532529, 14.646907, 0.0 ], [ -90.532481, 14.647396, 0.0 ], [ -90.532477, 14.647437, 0.0 ], [ -90.532471, 14.647477, 0.0 ], [ -90.532464, 14.647518, 0.0 ], [ -90.532456, 14.647558, 0.0 ], [ -90.532446, 14.647598, 0.0 ], [ -90.532435, 14.647638, 0.0 ], [ -90.532422, 14.647677, 0.0 ], [ -90.532408, 14.647715, 0.0 ], [ -90.532393, 14.647754, 0.0 ], [ -90.532376, 14.647791, 0.0 ], [ -90.532358, 14.647829, 0.0 ], [ -90.532339, 14.647865, 0.0 ], [ -90.532319, 14.647901, 0.0 ], [ -90.532297, 14.647936, 0.0 ], [ -90.532274, 14.64797, 0.0 ], [ -90.532249, 14.648004, 0.0 ], [ -90.532224, 14.648037, 0.0 ], [ -90.532197, 14.648069, 0.0 ], [ -90.53217, 14.6481, 0.0 ], [ -90.532141, 14.64813, 0.0 ], [ -90.532111, 14.648159, 0.0 ], [ -90.53208, 14.648187, 0.0 ], [ -90.532049, 14.648214, 0.0 ], [ -90.532016, 14.64824, 0.0 ], [ -90.531982, 14.648264, 0.0 ], [ -90.531948, 14.648288, 0.0 ], [ -90.531913, 14.64831, 0.0 ], [ -90.5308, 14.648882, 0.0 ], [ -90.530756, 14.648904, 0.0 ], [ -90.530712, 14.648924, 0.0 ], [ -90.530666, 14.648942, 0.0 ], [ -90.530621, 14.648959, 0.0 ], [ -90.530574, 14.648975, 0.0 ], [ -90.530527, 14.648988, 0.0 ], [ -90.53048, 14.649001, 0.0 ], [ -90.530432, 14.649011, 0.0 ], [ -90.530384, 14.64902, 0.0 ], [ -90.530335, 14.649028, 0.0 ], [ -90.530287, 14.649033, 0.0 ], [ -90.530238, 14.649037, 0.0 ], [ -90.530189, 14.64904, 0.0 ], [ -90.53014, 14.64904, 0.0 ], [ -90.530091, 14.649039, 0.0 ], [ -90.530042, 14.649037, 0.0 ], [ -90.529993, 14.649033, 0.0 ], [ -90.529944, 14.649027, 0.0 ], [ -90.529896, 14.649019, 0.0 ], [ -90.529848, 14.64901, 0.0 ], [ -90.5298, 14.648999, 0.0 ], [ -90.529753, 14.648986, 0.0 ], [ -90.529706, 14.648972, 0.0 ], [ -90.529659, 14.648957, 0.0 ], [ -90.529614, 14.648939, 0.0 ], [ -90.529568, 14.648921, 0.0 ], [ -90.529524, 14.6489, 0.0 ], [ -90.52948, 14.648879, 0.0 ], [ -90.529438, 14.648855, 0.0 ], [ -90.529396, 14.648831, 0.0 ], [ -90.529354, 14.648805, 0.0 ], [ -90.529314, 14.648777, 0.0 ], [ -90.529275, 14.648748, 0.0 ], [ -90.529237, 14.648718, 0.0 ], [ -90.5292, 14.648687, 0.0 ], [ -90.529164, 14.648654, 0.0 ], [ -90.526034, 14.64619, 0.0 ], [ -90.525665, 14.645864, 0.0 ], [ -90.525635, 14.645837, 0.0 ], [ -90.525607, 14.645809, 0.0 ], [ -90.52558, 14.64578, 0.0 ], [ -90.525553, 14.64575, 0.0 ], [ -90.525528, 14.64572, 0.0 ], [ -90.525504, 14.645688, 0.0 ], [ -90.525481, 14.645656, 0.0 ], [ -90.525459, 14.645623, 0.0 ], [ -90.525439, 14.645589, 0.0 ], [ -90.525419, 14.645555, 0.0 ], [ -90.525401, 14.64552, 0.0 ], [ -90.525237, 14.645168, 0.0 ], [ -90.525224, 14.645141, 0.0 ], [ -90.52521, 14.645115, 0.0 ], [ -90.525196, 14.645089, 0.0 ], [ -90.52518, 14.645064, 0.0 ], [ -90.525164, 14.645039, 0.0 ], [ -90.525146, 14.645015, 0.0 ], [ -90.525128, 14.644991, 0.0 ], [ -90.52511, 14.644968, 0.0 ], [ -90.52509, 14.644945, 0.0 ], [ -90.52507, 14.644924, 0.0 ], [ -90.525049, 14.644902, 0.0 ], [ -90.525027, 14.644882, 0.0 ], [ -90.525004, 14.644861, 0.0 ], [ -90.52498, 14.644841, 0.0 ], [ -90.524955, 14.644822, 0.0 ], [ -90.52493, 14.644804, 0.0 ], [ -90.524903, 14.644787, 0.0 ], [ -90.524877, 14.64477, 0.0 ], [ -90.52485, 14.644755, 0.0 ], [ -90.524822, 14.64474, 0.0 ], [ -90.524794, 14.644727, 0.0 ], [ -90.524765, 14.644714, 0.0 ], [ -90.524736, 14.644702, 0.0 ], [ -90.524706, 14.644692, 0.0 ], [ -90.524676, 14.644682, 0.0 ], [ -90.524646, 14.644673, 0.0 ], [ -90.524615, 14.644666, 0.0 ], [ -90.524585, 14.644659, 0.0 ], [ -90.524554, 14.644654, 0.0 ], [ -90.524522, 14.644649, 0.0 ], [ -90.524491, 14.644646, 0.0 ], [ -90.52446, 14.644644, 0.0 ], [ -90.524428, 14.644642, 0.0 ], [ -90.524397, 14.644642, 0.0 ], [ -90.524365, 14.644643, 0.0 ], [ -90.524334, 14.644645, 0.0 ], [ -90.524302, 14.644648, 0.0 ], [ -90.524271, 14.644652, 0.0 ], [ -90.52424, 14.644658, 0.0 ], [ -90.524209, 14.644664, 0.0 ], [ -90.524178, 14.644671, 0.0 ], [ -90.524148, 14.644679, 0.0 ], [ -90.524118, 14.644689, 0.0 ], [ -90.524088, 14.644699, 0.0 ], [ -90.524059, 14.64471, 0.0 ], [ -90.52403, 14.644723, 0.0 ], [ -90.524002, 14.644736, 0.0 ], [ -90.523974, 14.64475, 0.0 ], [ -90.523946, 14.644765, 0.0 ], [ -90.52392, 14.644782, 0.0 ], [ -90.523893, 14.644799, 0.0 ], [ -90.523868, 14.644817, 0.0 ], [ -90.523843, 14.644835, 0.0 ], [ -90.523818, 14.644855, 0.0 ], [ -90.523795, 14.644875, 0.0 ], [ -90.523772, 14.644897, 0.0 ], [ -90.52375, 14.644919, 0.0 ], [ -90.523729, 14.644941, 0.0 ], [ -90.523708, 14.644965, 0.0 ], [ -90.523689, 14.644989, 0.0 ], [ -90.52367, 14.645013, 0.0 ], [ -90.523653, 14.645039, 0.0 ], [ -90.523636, 14.645065, 0.0 ], [ -90.52362, 14.645091, 0.0 ], [ -90.523605, 14.645118, 0.0 ], [ -90.522924, 14.64666, 0.0 ], [ -90.522907, 14.646696, 0.0 ], [ -90.522889, 14.646731, 0.0 ], [ -90.52287, 14.646766, 0.0 ], [ -90.52285, 14.6468, 0.0 ], [ -90.522829, 14.646834, 0.0 ], [ -90.522806, 14.646866, 0.0 ], [ -90.522782, 14.646898, 0.0 ], [ -90.522757, 14.646929, 0.0 ], [ -90.522732, 14.646959, 0.0 ], [ -90.522705, 14.646989, 0.0 ], [ -90.522677, 14.647017, 0.0 ], [ -90.522648, 14.647045, 0.0 ], [ -90.522618, 14.647071, 0.0 ], [ -90.522587, 14.647097, 0.0 ], [ -90.522556, 14.647121, 0.0 ], [ -90.522523, 14.647145, 0.0 ], [ -90.52249, 14.647167, 0.0 ], [ -90.522456, 14.647188, 0.0 ], [ -90.522421, 14.647209, 0.0 ], [ -90.522386, 14.647228, 0.0 ], [ -90.52235, 14.647245, 0.0 ], [ -90.522313, 14.647262, 0.0 ], [ -90.522276, 14.647277, 0.0 ], [ -90.521338, 14.647724, 0.0 ], [ -90.521305, 14.647746, 0.0 ], [ -90.521273, 14.647769, 0.0 ], [ -90.521242, 14.647792, 0.0 ], [ -90.521211, 14.647817, 0.0 ], [ -90.521182, 14.647843, 0.0 ], [ -90.521153, 14.64787, 0.0 ], [ -90.521126, 14.647898, 0.0 ], [ -90.520753, 14.648452, 0.0 ], [ -90.520707, 14.648519, 0.0 ], [ -90.520659, 14.648584, 0.0 ], [ -90.520608, 14.648648, 0.0 ], [ -90.520556, 14.64871, 0.0 ], [ -90.520501, 14.64877, 0.0 ], [ -90.520444, 14.648829, 0.0 ], [ -90.520385, 14.648885, 0.0 ], [ -90.520325, 14.64894, 0.0 ], [ -90.519998, 14.649289, 0.0 ], [ -90.519997, 14.649291, 0.0 ], [ -90.519996, 14.649292, 0.0 ], [ -90.519995, 14.649293, 0.0 ], [ -90.519994, 14.649294, 0.0 ], [ -90.519993, 14.649295, 0.0 ], [ -90.519991, 14.649296, 0.0 ], [ -90.51999, 14.649296, 0.0 ], [ -90.519989, 14.649297, 0.0 ], [ -90.519987, 14.649298, 0.0 ], [ -90.519986, 14.649299, 0.0 ], [ -90.519985, 14.6493, 0.0 ], [ -90.519983, 14.6493, 0.0 ], [ -90.519982, 14.649301, 0.0 ], [ -90.51998, 14.649301, 0.0 ], [ -90.519979, 14.649302, 0.0 ], [ -90.519977, 14.649302, 0.0 ], [ -90.519976, 14.649303, 0.0 ], [ -90.519974, 14.649303, 0.0 ], [ -90.519973, 14.649303, 0.0 ], [ -90.519971, 14.649304, 0.0 ], [ -90.51997, 14.649304, 0.0 ], [ -90.519968, 14.649304, 0.0 ], [ -90.519966, 14.649304, 0.0 ], [ -90.519965, 14.649304, 0.0 ], [ -90.519963, 14.649304, 0.0 ], [ -90.519962, 14.649304, 0.0 ], [ -90.51996, 14.649304, 0.0 ], [ -90.519958, 14.649304, 0.0 ], [ -90.519957, 14.649304, 0.0 ], [ -90.517526, 14.648933, 0.0 ], [ -90.516242, 14.648757, 0.0 ], [ -90.515947, 14.648722, 0.0 ], [ -90.51487, 14.648538, 0.0 ], [ -90.514869, 14.648537, 0.0 ], [ -90.514867, 14.648537, 0.0 ], [ -90.514866, 14.648537, 0.0 ], [ -90.514864, 14.648536, 0.0 ], [ -90.514863, 14.648536, 0.0 ], [ -90.514861, 14.648535, 0.0 ], [ -90.51486, 14.648535, 0.0 ], [ -90.514858, 14.648534, 0.0 ], [ -90.514857, 14.648533, 0.0 ], [ -90.514855, 14.648532, 0.0 ], [ -90.514854, 14.648532, 0.0 ], [ -90.514853, 14.648531, 0.0 ], [ -90.514851, 14.64853, 0.0 ], [ -90.51485, 14.648529, 0.0 ], [ -90.514849, 14.648528, 0.0 ], [ -90.514847, 14.648527, 0.0 ], [ -90.514846, 14.648526, 0.0 ], [ -90.514845, 14.648525, 0.0 ], [ -90.514844, 14.648524, 0.0 ], [ -90.514843, 14.648522, 0.0 ], [ -90.514842, 14.648521, 0.0 ], [ -90.514841, 14.64852, 0.0 ], [ -90.51484, 14.648519, 0.0 ], [ -90.514839, 14.648517, 0.0 ], [ -90.514838, 14.648516, 0.0 ], [ -90.514838, 14.648515, 0.0 ], [ -90.514837, 14.648513, 0.0 ], [ -90.514836, 14.648512, 0.0 ], [ -90.514836, 14.64851, 0.0 ], [ -90.514835, 14.648509, 0.0 ], [ -90.514834, 14.648507, 0.0 ], [ -90.514834, 14.648506, 0.0 ], [ -90.514833, 14.648504, 0.0 ], [ -90.514833, 14.648503, 0.0 ], [ -90.514833, 14.648501, 0.0 ], [ -90.514833, 14.6485, 0.0 ], [ -90.514832, 14.648498, 0.0 ], [ -90.514832, 14.648497, 0.0 ], [ -90.514832, 14.648495, 0.0 ], [ -90.514832, 14.648494, 0.0 ], [ -90.514832, 14.648492, 0.0 ], [ -90.514832, 14.64849, 0.0 ], [ -90.514832, 14.648489, 0.0 ], [ -90.514832, 14.648487, 0.0 ], [ -90.515028, 14.647037, 0.0 ], [ -90.515322, 14.644828, 0.0 ], [ -90.51559, 14.642887, 0.0 ], [ -90.515775, 14.641482, 0.0 ], [ -90.51609, 14.63923, 0.0 ], [ -90.516301, 14.637678, 0.0 ], [ -90.516503, 14.636308, 0.0 ], [ -90.516653, 14.635233, 0.0 ], [ -90.516828, 14.633996, 0.0 ], [ -90.517032, 14.632618, 0.0 ], [ -90.517194, 14.631507, 0.0 ], [ -90.517214, 14.631368, 0.0 ], [ -90.517216, 14.631351, 0.0 ], [ -90.517217, 14.631333, 0.0 ], [ -90.517218, 14.631316, 0.0 ], [ -90.517219, 14.631299, 0.0 ], [ -90.517219, 14.631282, 0.0 ], [ -90.517218, 14.631265, 0.0 ], [ -90.517217, 14.631247, 0.0 ], [ -90.517215, 14.63123, 0.0 ], [ -90.517206, 14.631144, 0.0 ], [ -90.517201, 14.631057, 0.0 ], [ -90.517198, 14.63097, 0.0 ], [ -90.517199, 14.630883, 0.0 ], [ -90.517203, 14.630796, 0.0 ], [ -90.517209, 14.630709, 0.0 ], [ -90.517219, 14.630622, 0.0 ], [ -90.517233, 14.630536, 0.0 ], [ -90.517249, 14.630451, 0.0 ], [ -90.517268, 14.630366, 0.0 ], [ -90.51729, 14.630282, 0.0 ], [ -90.517316, 14.630198, 0.0 ], [ -90.517326, 14.630168, 0.0 ], [ -90.517337, 14.630139, 0.0 ], [ -90.517349, 14.63011, 0.0 ], [ -90.517363, 14.630081, 0.0 ], [ -90.517377, 14.630053, 0.0 ], [ -90.517392, 14.630025, 0.0 ], [ -90.517408, 14.629998, 0.0 ], [ -90.517425, 14.629971, 0.0 ], [ -90.517442, 14.629945, 0.0 ], [ -90.517461, 14.62992, 0.0 ], [ -90.517481, 14.629895, 0.0 ], [ -90.517501, 14.62987, 0.0 ], [ -90.517522, 14.629847, 0.0 ], [ -90.517675, 14.629721, 0.0 ], [ -90.517682, 14.629716, 0.0 ], [ -90.517688, 14.629711, 0.0 ], [ -90.517694, 14.629707, 0.0 ], [ -90.517701, 14.629703, 0.0 ], [ -90.517708, 14.629699, 0.0 ], [ -90.517715, 14.629695, 0.0 ], [ -90.517722, 14.629691, 0.0 ], [ -90.517729, 14.629688, 0.0 ], [ -90.517736, 14.629685, 0.0 ], [ -90.517743, 14.629682, 0.0 ], [ -90.517751, 14.629679, 0.0 ], [ -90.517758, 14.629677, 0.0 ], [ -90.517766, 14.629675, 0.0 ], [ -90.517774, 14.629673, 0.0 ], [ -90.517781, 14.629672, 0.0 ], [ -90.517789, 14.62967, 0.0 ], [ -90.517797, 14.629669, 0.0 ], [ -90.517805, 14.629668, 0.0 ], [ -90.517813, 14.629668, 0.0 ], [ -90.517821, 14.629668, 0.0 ], [ -90.517829, 14.629668, 0.0 ], [ -90.517836, 14.629668, 0.0 ], [ -90.517844, 14.629668, 0.0 ], [ -90.517852, 14.629669, 0.0 ], [ -90.51864, 14.629759, 0.0 ], [ -90.518643, 14.62976, 0.0 ], [ -90.518646, 14.62976, 0.0 ], [ -90.518649, 14.629761, 0.0 ], [ -90.518653, 14.629762, 0.0 ], [ -90.518656, 14.629763, 0.0 ], [ -90.518659, 14.629764, 0.0 ], [ -90.518662, 14.629765, 0.0 ], [ -90.518665, 14.629766, 0.0 ], [ -90.518668, 14.629767, 0.0 ], [ -90.518671, 14.629768, 0.0 ], [ -90.518673, 14.62977, 0.0 ], [ -90.518676, 14.629771, 0.0 ], [ -90.518679, 14.629773, 0.0 ], [ -90.518682, 14.629775, 0.0 ], [ -90.518684, 14.629776, 0.0 ], [ -90.518687, 14.629778, 0.0 ], [ -90.518689, 14.62978, 0.0 ], [ -90.518692, 14.629782, 0.0 ], [ -90.518694, 14.629785, 0.0 ], [ -90.518696, 14.629787, 0.0 ], [ -90.518698, 14.629789, 0.0 ], [ -90.518701, 14.629792, 0.0 ], [ -90.518703, 14.629794, 0.0 ], [ -90.518704, 14.629796, 0.0 ], [ -90.518706, 14.629799, 0.0 ], [ -90.518708, 14.629802, 0.0 ], [ -90.51871, 14.629804, 0.0 ], [ -90.518711, 14.629807, 0.0 ], [ -90.518713, 14.62981, 0.0 ], [ -90.518714, 14.629813, 0.0 ], [ -90.518715, 14.629816, 0.0 ], [ -90.518716, 14.629819, 0.0 ], [ -90.518717, 14.629822, 0.0 ], [ -90.518718, 14.629825, 0.0 ], [ -90.518719, 14.629828, 0.0 ], [ -90.51872, 14.629831, 0.0 ], [ -90.518721, 14.629834, 0.0 ], [ -90.518721, 14.629837, 0.0 ], [ -90.518721, 14.62984, 0.0 ], [ -90.518722, 14.629843, 0.0 ], [ -90.518722, 14.629846, 0.0 ], [ -90.518722, 14.629849, 0.0 ], [ -90.518722, 14.629852, 0.0 ], [ -90.518722, 14.629855, 0.0 ], [ -90.518721, 14.629859, 0.0 ], [ -90.518721, 14.629862, 0.0 ], [ -90.518272, 14.632968, 0.0 ], [ -90.518126, 14.634017, 0.0 ], [ -90.517574, 14.637898, 0.0 ], [ -90.517478, 14.638579, 0.0 ], [ -90.517011, 14.641854, 0.0 ], [ -90.516943, 14.642325, 0.0 ], [ -90.516718, 14.643938, 0.0 ], [ -90.516558, 14.64505, 0.0 ], [ -90.516558, 14.645052, 0.0 ], [ -90.516558, 14.645053, 0.0 ], [ -90.516558, 14.645055, 0.0 ], [ -90.516558, 14.645056, 0.0 ], [ -90.516558, 14.645058, 0.0 ], [ -90.516558, 14.645059, 0.0 ], [ -90.516558, 14.645061, 0.0 ], [ -90.516558, 14.645062, 0.0 ], [ -90.516559, 14.645064, 0.0 ], [ -90.516559, 14.645066, 0.0 ], [ -90.516559, 14.645067, 0.0 ], [ -90.51656, 14.645069, 0.0 ], [ -90.51656, 14.64507, 0.0 ], [ -90.516561, 14.645072, 0.0 ], [ -90.516561, 14.645073, 0.0 ], [ -90.516562, 14.645074, 0.0 ], [ -90.516563, 14.645076, 0.0 ], [ -90.516563, 14.645077, 0.0 ], [ -90.516564, 14.645079, 0.0 ], [ -90.516565, 14.64508, 0.0 ], [ -90.516566, 14.645081, 0.0 ], [ -90.516567, 14.645083, 0.0 ], [ -90.516568, 14.645084, 0.0 ], [ -90.516569, 14.645085, 0.0 ], [ -90.51657, 14.645086, 0.0 ], [ -90.516571, 14.645087, 0.0 ], [ -90.516572, 14.645088, 0.0 ], [ -90.516573, 14.64509, 0.0 ], [ -90.516574, 14.645091, 0.0 ], [ -90.516575, 14.645092, 0.0 ], [ -90.516577, 14.645093, 0.0 ], [ -90.516578, 14.645093, 0.0 ], [ -90.516579, 14.645094, 0.0 ], [ -90.516581, 14.645095, 0.0 ], [ -90.516582, 14.645096, 0.0 ], [ -90.516584, 14.645097, 0.0 ], [ -90.516585, 14.645097, 0.0 ], [ -90.516586, 14.645098, 0.0 ], [ -90.516588, 14.645098, 0.0 ], [ -90.516589, 14.645099, 0.0 ], [ -90.516591, 14.645099, 0.0 ], [ -90.516592, 14.6451, 0.0 ], [ -90.516594, 14.6451, 0.0 ], [ -90.516596, 14.645101, 0.0 ], [ -90.516597, 14.645101, 0.0 ], [ -90.520938, 14.645759, 0.0 ], [ -90.52094, 14.645759, 0.0 ], [ -90.520941, 14.645759, 0.0 ], [ -90.520943, 14.64576, 0.0 ], [ -90.520944, 14.64576, 0.0 ], [ -90.520946, 14.645761, 0.0 ], [ -90.520947, 14.645761, 0.0 ], [ -90.520949, 14.645762, 0.0 ], [ -90.52095, 14.645762, 0.0 ], [ -90.520952, 14.645763, 0.0 ], [ -90.520953, 14.645764, 0.0 ], [ -90.520955, 14.645764, 0.0 ], [ -90.520956, 14.645765, 0.0 ], [ -90.520957, 14.645766, 0.0 ], [ -90.520958, 14.645767, 0.0 ], [ -90.52096, 14.645768, 0.0 ], [ -90.520961, 14.645769, 0.0 ], [ -90.520962, 14.64577, 0.0 ], [ -90.520963, 14.645771, 0.0 ], [ -90.520964, 14.645772, 0.0 ], [ -90.520966, 14.645773, 0.0 ], [ -90.520967, 14.645774, 0.0 ], [ -90.520968, 14.645776, 0.0 ], [ -90.520969, 14.645777, 0.0 ], [ -90.520969, 14.645778, 0.0 ], [ -90.52097, 14.645779, 0.0 ], [ -90.520971, 14.645781, 0.0 ], [ -90.520972, 14.645782, 0.0 ], [ -90.520973, 14.645783, 0.0 ], [ -90.520973, 14.645785, 0.0 ], [ -90.520974, 14.645786, 0.0 ], [ -90.520975, 14.645788, 0.0 ], [ -90.520975, 14.645789, 0.0 ], [ -90.520976, 14.645791, 0.0 ], [ -90.520976, 14.645792, 0.0 ], [ -90.520976, 14.645794, 0.0 ], [ -90.520977, 14.645795, 0.0 ], [ -90.520977, 14.645797, 0.0 ], [ -90.520977, 14.645798, 0.0 ], [ -90.520977, 14.6458, 0.0 ], [ -90.520977, 14.645801, 0.0 ], [ -90.520977, 14.645803, 0.0 ], [ -90.520977, 14.645804, 0.0 ], [ -90.520977, 14.645806, 0.0 ], [ -90.520977, 14.645807, 0.0 ], [ -90.520977, 14.645809, 0.0 ], [ -90.520977, 14.64581, 0.0 ], [ -90.520801, 14.646875, 0.0 ], [ -90.52075, 14.647262, 0.0 ], [ -90.52074, 14.647353, 0.0 ], [ -90.52074, 14.647357, 0.0 ], [ -90.52074, 14.647361, 0.0 ], [ -90.52074, 14.647365, 0.0 ], [ -90.52074, 14.647368, 0.0 ], [ -90.52074, 14.647372, 0.0 ], [ -90.520741, 14.647376, 0.0 ], [ -90.520741, 14.64738, 0.0 ], [ -90.520742, 14.647384, 0.0 ], [ -90.520743, 14.647388, 0.0 ], [ -90.520744, 14.647392, 0.0 ], [ -90.520745, 14.647395, 0.0 ], [ -90.520746, 14.647399, 0.0 ], [ -90.520747, 14.647403, 0.0 ], [ -90.520749, 14.647406, 0.0 ], [ -90.52075, 14.64741, 0.0 ], [ -90.520752, 14.647413, 0.0 ], [ -90.520754, 14.647417, 0.0 ], [ -90.520756, 14.64742, 0.0 ], [ -90.520758, 14.647424, 0.0 ], [ -90.52076, 14.647427, 0.0 ], [ -90.520762, 14.64743, 0.0 ], [ -90.520765, 14.647433, 0.0 ], [ -90.520767, 14.647436, 0.0 ], [ -90.52077, 14.647439, 0.0 ], [ -90.520772, 14.647442, 0.0 ], [ -90.520775, 14.647445, 0.0 ], [ -90.520778, 14.647447, 0.0 ], [ -90.520781, 14.64745, 0.0 ], [ -90.520784, 14.647453, 0.0 ], [ -90.520788, 14.647455, 0.0 ], [ -90.520791, 14.647457, 0.0 ], [ -90.520794, 14.647459, 0.0 ], [ -90.520798, 14.647461, 0.0 ], [ -90.520801, 14.647463, 0.0 ], [ -90.520805, 14.647465, 0.0 ], [ -90.520808, 14.647467, 0.0 ], [ -90.520812, 14.647468, 0.0 ], [ -90.520816, 14.64747, 0.0 ], [ -90.520819, 14.647471, 0.0 ], [ -90.520823, 14.647472, 0.0 ], [ -90.520827, 14.647473, 0.0 ], [ -90.520831, 14.647474, 0.0 ], [ -90.520835, 14.647475, 0.0 ], [ -90.520839, 14.647476, 0.0 ], [ -90.520843, 14.647476, 0.0 ], [ -90.520847, 14.647477, 0.0 ], [ -90.520851, 14.647477, 0.0 ], [ -90.521136, 14.647488, 0.0 ], [ -90.521212, 14.64749, 0.0 ], [ -90.521289, 14.64749, 0.0 ], [ -90.521317, 14.647492, 0.0 ], [ -90.521346, 14.647495, 0.0 ], [ -90.521374, 14.647498, 0.0 ], [ -90.521402, 14.647503, 0.0 ], [ -90.52143, 14.647509, 0.0 ], [ -90.521438, 14.647511, 0.0 ], [ -90.521446, 14.647513, 0.0 ], [ -90.521453, 14.647515, 0.0 ], [ -90.521461, 14.647518, 0.0 ], [ -90.521468, 14.647521, 0.0 ], [ -90.522335, 14.647878, 0.0 ], [ -90.522463, 14.647917, 0.0 ], [ -90.522473, 14.64792, 0.0 ], [ -90.522484, 14.647921, 0.0 ], [ -90.522494, 14.647923, 0.0 ], [ -90.522504, 14.647924, 0.0 ], [ -90.522515, 14.647925, 0.0 ], [ -90.522525, 14.647925, 0.0 ], [ -90.522536, 14.647925, 0.0 ], [ -90.522546, 14.647925, 0.0 ], [ -90.522556, 14.647925, 0.0 ], [ -90.522567, 14.647924, 0.0 ], [ -90.522577, 14.647922, 0.0 ], [ -90.522587, 14.647921, 0.0 ], [ -90.522598, 14.647919, 0.0 ], [ -90.522604, 14.647917, 0.0 ], [ -90.52261, 14.647916, 0.0 ], [ -90.522617, 14.647914, 0.0 ], [ -90.522623, 14.647912, 0.0 ], [ -90.522629, 14.64791, 0.0 ], [ -90.522635, 14.647907, 0.0 ], [ -90.522641, 14.647904, 0.0 ], [ -90.522646, 14.647902, 0.0 ], [ -90.522652, 14.647898, 0.0 ], [ -90.522658, 14.647895, 0.0 ], [ -90.522663, 14.647892, 0.0 ], [ -90.522668, 14.647888, 0.0 ], [ -90.522674, 14.647884, 0.0 ], [ -90.522679, 14.64788, 0.0 ], [ -90.522684, 14.647876, 0.0 ], [ -90.522688, 14.647872, 0.0 ], [ -90.522693, 14.647867, 0.0 ], [ -90.522697, 14.647863, 0.0 ], [ -90.522702, 14.647858, 0.0 ], [ -90.522706, 14.647853, 0.0 ], [ -90.52271, 14.647848, 0.0 ], [ -90.522713, 14.647843, 0.0 ], [ -90.522717, 14.647838, 0.0 ], [ -90.52272, 14.647832, 0.0 ], [ -90.522724, 14.647827, 0.0 ], [ -90.522726, 14.647821, 0.0 ], [ -90.522731, 14.647811, 0.0 ], [ -90.522736, 14.647801, 0.0 ], [ -90.52274, 14.64779, 0.0 ], [ -90.522744, 14.64778, 0.0 ], [ -90.522747, 14.647769, 0.0 ], [ -90.52275, 14.647758, 0.0 ], [ -90.522753, 14.647748, 0.0 ], [ -90.522755, 14.647737, 0.0 ], [ -90.522757, 14.647726, 0.0 ], [ -90.522759, 14.647715, 0.0 ], [ -90.52276, 14.647704, 0.0 ], [ -90.522761, 14.647693, 0.0 ], [ -90.522761, 14.647682, 0.0 ], [ -90.522761, 14.64767, 0.0 ], [ -90.522761, 14.647659, 0.0 ], [ -90.52276, 14.647648, 0.0 ], [ -90.522759, 14.647637, 0.0 ], [ -90.522757, 14.647626, 0.0 ], [ -90.522755, 14.647615, 0.0 ], [ -90.522753, 14.647604, 0.0 ], [ -90.52275, 14.647593, 0.0 ], [ -90.522747, 14.647583, 0.0 ], [ -90.522744, 14.647572, 0.0 ], [ -90.522681, 14.647389, 0.0 ], [ -90.522677, 14.647379, 0.0 ], [ -90.522672, 14.647369, 0.0 ], [ -90.522668, 14.647359, 0.0 ], [ -90.522665, 14.647348, 0.0 ], [ -90.522662, 14.647338, 0.0 ], [ -90.522659, 14.647327, 0.0 ], [ -90.522656, 14.647316, 0.0 ], [ -90.522655, 14.647311, 0.0 ], [ -90.522654, 14.647306, 0.0 ], [ -90.522654, 14.647301, 0.0 ], [ -90.522653, 14.647295, 0.0 ], [ -90.522653, 14.64729, 0.0 ], [ -90.522653, 14.647285, 0.0 ], [ -90.522653, 14.647279, 0.0 ], [ -90.522653, 14.647274, 0.0 ], [ -90.522653, 14.647269, 0.0 ], [ -90.522654, 14.647264, 0.0 ], [ -90.522655, 14.647258, 0.0 ], [ -90.522656, 14.647253, 0.0 ], [ -90.522657, 14.647248, 0.0 ], [ -90.522659, 14.647243, 0.0 ], [ -90.52266, 14.647238, 0.0 ], [ -90.522662, 14.647233, 0.0 ], [ -90.522664, 14.647228, 0.0 ], [ -90.522666, 14.647223, 0.0 ], [ -90.522668, 14.647218, 0.0 ], [ -90.522671, 14.647213, 0.0 ], [ -90.522673, 14.647209, 0.0 ], [ -90.522676, 14.647204, 0.0 ], [ -90.522679, 14.6472, 0.0 ], [ -90.522682, 14.647195, 0.0 ], [ -90.522685, 14.647191, 0.0 ], [ -90.522689, 14.647187, 0.0 ], [ -90.522692, 14.647183, 0.0 ], [ -90.522696, 14.647179, 0.0 ], [ -90.5227, 14.647175, 0.0 ], [ -90.522704, 14.647172, 0.0 ], [ -90.522729, 14.647149, 0.0 ], [ -90.522754, 14.647125, 0.0 ], [ -90.522779, 14.647101, 0.0 ], [ -90.522814, 14.647063, 0.0 ], [ -90.522849, 14.647024, 0.0 ], [ -90.522882, 14.646983, 0.0 ], [ -90.522914, 14.646942, 0.0 ], [ -90.522945, 14.6469, 0.0 ], [ -90.522974, 14.646857, 0.0 ], [ -90.523002, 14.646813, 0.0 ], [ -90.523421, 14.646132, 0.0 ], [ -90.523448, 14.646096, 0.0 ], [ -90.523476, 14.64606, 0.0 ], [ -90.523505, 14.646026, 0.0 ], [ -90.523536, 14.645993, 0.0 ], [ -90.523568, 14.64596, 0.0 ], [ -90.523601, 14.645929, 0.0 ], [ -90.523635, 14.645899, 0.0 ], [ -90.52367, 14.64587, 0.0 ], [ -90.523706, 14.645843, 0.0 ], [ -90.523743, 14.645816, 0.0 ], [ -90.523781, 14.645791, 0.0 ], [ -90.523819, 14.645767, 0.0 ], [ -90.523859, 14.645744, 0.0 ], [ -90.523899, 14.645723, 0.0 ], [ -90.523941, 14.645703, 0.0 ], [ -90.523982, 14.645685, 0.0 ], [ -90.524025, 14.645668, 0.0 ], [ -90.524068, 14.645652, 0.0 ], [ -90.524111, 14.645638, 0.0 ], [ -90.524156, 14.645625, 0.0 ], [ -90.5242, 14.645614, 0.0 ], [ -90.524245, 14.645604, 0.0 ], [ -90.52429, 14.645596, 0.0 ], [ -90.524335, 14.645589, 0.0 ], [ -90.524381, 14.645584, 0.0 ], [ -90.524427, 14.645581, 0.0 ], [ -90.524473, 14.645579, 0.0 ], [ -90.524519, 14.645578, 0.0 ], [ -90.524565, 14.645579, 0.0 ], [ -90.52461, 14.645582, 0.0 ], [ -90.524656, 14.645586, 0.0 ], [ -90.524702, 14.645592, 0.0 ], [ -90.524747, 14.645599, 0.0 ], [ -90.524792, 14.645608, 0.0 ], [ -90.524837, 14.645618, 0.0 ], [ -90.524881, 14.64563, 0.0 ], [ -90.524925, 14.645643, 0.0 ], [ -90.524968, 14.645658, 0.0 ], [ -90.525011, 14.645674, 0.0 ], [ -90.525053, 14.645692, 0.0 ], [ -90.525095, 14.645711, 0.0 ], [ -90.525136, 14.645731, 0.0 ], [ -90.525176, 14.645753, 0.0 ], [ -90.525215, 14.645776, 0.0 ], [ -90.52596, 14.646284, 0.0 ], [ -90.529099, 14.648735, 0.0 ], [ -90.529394, 14.648962, 0.0 ], [ -90.529434, 14.648987, 0.0 ], [ -90.529474, 14.64901, 0.0 ], [ -90.529516, 14.649031, 0.0 ], [ -90.529559, 14.649051, 0.0 ], [ -90.529602, 14.64907, 0.0 ], [ -90.529645, 14.649087, 0.0 ], [ -90.52969, 14.649103, 0.0 ], [ -90.529735, 14.649117, 0.0 ], [ -90.52978, 14.64913, 0.0 ], [ -90.529826, 14.649141, 0.0 ], [ -90.529872, 14.649151, 0.0 ], [ -90.529918, 14.649159, 0.0 ], [ -90.529965, 14.649166, 0.0 ], [ -90.530012, 14.649171, 0.0 ], [ -90.530059, 14.649174, 0.0 ], [ -90.530106, 14.649176, 0.0 ], [ -90.530153, 14.649176, 0.0 ], [ -90.5302, 14.649175, 0.0 ], [ -90.530248, 14.649172, 0.0 ], [ -90.530295, 14.649167, 0.0 ], [ -90.530341, 14.649161, 0.0 ], [ -90.530388, 14.649153, 0.0 ], [ -90.530434, 14.649144, 0.0 ], [ -90.53048, 14.649133, 0.0 ], [ -90.530525, 14.649121, 0.0 ], [ -90.53057, 14.649107, 0.0 ], [ -90.530615, 14.649092, 0.0 ], [ -90.530659, 14.649075, 0.0 ], [ -90.530793, 14.649003, 0.0 ], [ -90.530929, 14.648935, 0.0 ], [ -90.531066, 14.648871, 0.0 ], [ -90.531475, 14.648681, 0.0 ], [ -90.531877, 14.648479, 0.0 ], [ -90.531918, 14.648458, 0.0 ], [ -90.531957, 14.648434, 0.0 ], [ -90.531996, 14.64841, 0.0 ], [ -90.532034, 14.648384, 0.0 ], [ -90.532071, 14.648357, 0.0 ], [ -90.532106, 14.648329, 0.0 ], [ -90.532141, 14.6483, 0.0 ], [ -90.532175, 14.648269, 0.0 ], [ -90.532208, 14.648237, 0.0 ], [ -90.532239, 14.648204, 0.0 ], [ -90.532269, 14.648171, 0.0 ], [ -90.532299, 14.648136, 0.0 ], [ -90.532326, 14.6481, 0.0 ], [ -90.532353, 14.648063, 0.0 ], [ -90.532378, 14.648026, 0.0 ], [ -90.532402, 14.647987, 0.0 ], [ -90.532424, 14.647948, 0.0 ], [ -90.532445, 14.647908, 0.0 ], [ -90.532465, 14.647867, 0.0 ], [ -90.53249, 14.647812, 0.0 ], [ -90.532512, 14.647755, 0.0 ], [ -90.532533, 14.647698, 0.0 ], [ -90.532552, 14.64764, 0.0 ], [ -90.532569, 14.647582, 0.0 ], [ -90.532583, 14.647523, 0.0 ], [ -90.532596, 14.647464, 0.0 ], [ -90.532607, 14.647404, 0.0 ], [ -90.532616, 14.647344, 0.0 ], [ -90.532623, 14.647284, 0.0 ], [ -90.532674, 14.64675, 0.0 ], [ -90.53268, 14.646703, 0.0 ], [ -90.532687, 14.646657, 0.0 ], [ -90.532696, 14.646611, 0.0 ], [ -90.532707, 14.646566, 0.0 ], [ -90.532719, 14.646521, 0.0 ], [ -90.532733, 14.646476, 0.0 ], [ -90.532749, 14.646432, 0.0 ], [ -90.532766, 14.646388, 0.0 ], [ -90.532784, 14.646345, 0.0 ], [ -90.532804, 14.646302, 0.0 ], [ -90.532826, 14.646261, 0.0 ], [ -90.532849, 14.64622, 0.0 ], [ -90.532873, 14.646179, 0.0 ], [ -90.532899, 14.64614, 0.0 ], [ -90.532926, 14.646102, 0.0 ], [ -90.532955, 14.646064, 0.0 ], [ -90.532985, 14.646027, 0.0 ], [ -90.533016, 14.645992, 0.0 ], [ -90.533048, 14.645957, 0.0 ], [ -90.533082, 14.645924, 0.0 ], [ -90.533117, 14.645892, 0.0 ], [ -90.533153, 14.645861, 0.0 ], [ -90.53319, 14.645831, 0.0 ], [ -90.533228, 14.645803, 0.0 ], [ -90.533267, 14.645775, 0.0 ], [ -90.533306, 14.645749, 0.0 ], [ -90.533347, 14.645725, 0.0 ], [ -90.533389, 14.645702, 0.0 ], [ -90.533432, 14.645679, 0.0 ], [ -90.533477, 14.645658, 0.0 ], [ -90.533522, 14.645639, 0.0 ], [ -90.533567, 14.645621, 0.0 ], [ -90.533613, 14.645604, 0.0 ], [ -90.53366, 14.645589, 0.0 ], [ -90.533707, 14.645576, 0.0 ], [ -90.533755, 14.645564, 0.0 ], [ -90.533803, 14.645554, 0.0 ], [ -90.533851, 14.645545, 0.0 ], [ -90.5339, 14.645538, 0.0 ], [ -90.533948, 14.645532, 0.0 ], [ -90.533997, 14.645528, 0.0 ], [ -90.534046, 14.645526, 0.0 ], [ -90.534096, 14.645525, 0.0 ], [ -90.534145, 14.645526, 0.0 ], [ -90.534194, 14.645528, 0.0 ], [ -90.534243, 14.645532, 0.0 ], [ -90.534292, 14.645538, 0.0 ], [ -90.534462, 14.645562, 0.0 ], [ -90.534632, 14.645592, 0.0 ], [ -90.534793, 14.64562, 0.0 ], [ -90.534955, 14.645642, 0.0 ], [ -90.535118, 14.64566, 0.0 ], [ -90.535281, 14.645672, 0.0 ], [ -90.535444, 14.645679, 0.0 ], [ -90.535565, 14.645685, 0.0 ], [ -90.535685, 14.645693, 0.0 ], [ -90.535805, 14.645704, 0.0 ], [ -90.53642, 14.645771, 0.0 ], [ -90.536427, 14.645772, 0.0 ], [ -90.536435, 14.645773, 0.0 ], [ -90.536443, 14.645774, 0.0 ], [ -90.536451, 14.645776, 0.0 ], [ -90.536459, 14.645778, 0.0 ], [ -90.536466, 14.645781, 0.0 ], [ -90.536474, 14.645783, 0.0 ], [ -90.536481, 14.645786, 0.0 ], [ -90.536488, 14.645789, 0.0 ], [ -90.536496, 14.645792, 0.0 ], [ -90.536503, 14.645796, 0.0 ], [ -90.53651, 14.645799, 0.0 ], [ -90.536516, 14.645803, 0.0 ], [ -90.536523, 14.645808, 0.0 ], [ -90.53653, 14.645812, 0.0 ], [ -90.536536, 14.645817, 0.0 ], [ -90.536542, 14.645821, 0.0 ], [ -90.536548, 14.645827, 0.0 ], [ -90.536554, 14.645832, 0.0 ], [ -90.53656, 14.645837, 0.0 ], [ -90.536565, 14.645843, 0.0 ], [ -90.536571, 14.645849, 0.0 ], [ -90.536576, 14.645855, 0.0 ], [ -90.53658, 14.645861, 0.0 ], [ -90.536585, 14.645867, 0.0 ], [ -90.536589, 14.645874, 0.0 ], [ -90.536594, 14.64588, 0.0 ], [ -90.536598, 14.645887, 0.0 ], [ -90.536601, 14.645894, 0.0 ], [ -90.536605, 14.645901, 0.0 ], [ -90.536608, 14.645908, 0.0 ], [ -90.536611, 14.645915, 0.0 ], [ -90.536614, 14.645922, 0.0 ], [ -90.536616, 14.64593, 0.0 ], [ -90.536618, 14.645937, 0.0 ], [ -90.53662, 14.645945, 0.0 ], [ -90.536622, 14.645952, 0.0 ], [ -90.536623, 14.64596, 0.0 ], [ -90.536624, 14.645967, 0.0 ], [ -90.536625, 14.645975, 0.0 ], [ -90.536626, 14.645983, 0.0 ], [ -90.536626, 14.645991, 0.0 ], [ -90.536626, 14.645998, 0.0 ], [ -90.536626, 14.646006, 0.0 ], [ -90.536625, 14.646014, 0.0 ], [ -90.536624, 14.646022, 0.0 ], [ -90.536542, 14.646706, 0.0 ], [ -90.536539, 14.646726, 0.0 ], [ -90.536535, 14.646745, 0.0 ], [ -90.536531, 14.646764, 0.0 ], [ -90.536527, 14.646783, 0.0 ], [ -90.536521, 14.646802, 0.0 ], [ -90.536515, 14.646821, 0.0 ], [ -90.536509, 14.646839, 0.0 ], [ -90.536501, 14.646857, 0.0 ], [ -90.536493, 14.646875, 0.0 ], [ -90.536485, 14.646893, 0.0 ], [ -90.536475, 14.64691, 0.0 ], [ -90.536466, 14.646927, 0.0 ], [ -90.536455, 14.646944, 0.0 ], [ -90.536444, 14.64696, 0.0 ], [ -90.536432, 14.646976, 0.0 ], [ -90.53642, 14.646992, 0.0 ], [ -90.536408, 14.647007, 0.0 ], [ -90.536394, 14.647022, 0.0 ], [ -90.536381, 14.647036, 0.0 ], [ -90.536367, 14.64705, 0.0 ], [ -90.536352, 14.647063, 0.0 ], [ -90.536337, 14.647076, 0.0 ], [ -90.536321, 14.647088, 0.0 ], [ -90.536305, 14.6471, 0.0 ], [ -90.53583, 14.647412, 0.0 ], [ -90.535705, 14.647498, 0.0 ], [ -90.535689, 14.647509, 0.0 ], [ -90.535673, 14.647521, 0.0 ], [ -90.535657, 14.647534, 0.0 ], [ -90.535642, 14.647547, 0.0 ], [ -90.535628, 14.647561, 0.0 ], [ -90.535614, 14.647575, 0.0 ], [ -90.5356, 14.647589, 0.0 ], [ -90.535587, 14.647604, 0.0 ], [ -90.535574, 14.64762, 0.0 ], [ -90.535562, 14.647635, 0.0 ], [ -90.535551, 14.647651, 0.0 ], [ -90.535007, 14.648392, 0.0 ], [ -90.534646, 14.648878, 0.0 ], [ -90.534522, 14.649042, 0.0 ], [ -90.534135, 14.649562, 0.0 ], [ -90.534007, 14.649735, 0.0 ], [ -90.533632, 14.650236, 0.0 ], [ -90.533484, 14.650436, 0.0 ], [ -90.533091, 14.650961, 0.0 ], [ -90.532987, 14.651099, 0.0 ], [ -90.532715, 14.651463, 0.0 ], [ -90.5327, 14.651483, 0.0 ], [ -90.532686, 14.651504, 0.0 ], [ -90.532672, 14.651525, 0.0 ], [ -90.532211, 14.652264, 0.0 ], [ -90.531452, 14.653548, 0.0 ], [ -90.531426, 14.653595, 0.0 ], [ -90.531401, 14.653643, 0.0 ], [ -90.531378, 14.653692, 0.0 ], [ -90.531356, 14.653741, 0.0 ], [ -90.531336, 14.653791, 0.0 ], [ -90.531318, 14.653842, 0.0 ], [ -90.531296, 14.653913, 0.0 ], [ -90.531275, 14.653985, 0.0 ], [ -90.531257, 14.654058, 0.0 ], [ -90.531242, 14.654131, 0.0 ], [ -90.531228, 14.654204, 0.0 ], [ -90.531222, 14.654238, 0.0 ], [ -90.531215, 14.654271, 0.0 ], [ -90.531206, 14.654304, 0.0 ], [ -90.531196, 14.654337, 0.0 ], [ -90.531186, 14.654369, 0.0 ], [ -90.531174, 14.654401, 0.0 ], [ -90.53116, 14.654433, 0.0 ], [ -90.531146, 14.654464, 0.0 ], [ -90.531131, 14.654495, 0.0 ], [ -90.531114, 14.654525, 0.0 ], [ -90.531096, 14.654554, 0.0 ], [ -90.530833, 14.654988, 0.0 ], [ -90.530585, 14.65543, 0.0 ], [ -90.529861, 14.656801, 0.0 ], [ -90.528998, 14.658452, 0.0 ], [ -90.528359, 14.659678, 0.0 ], [ -90.528291, 14.65981, 0.0 ], [ -90.52829, 14.659813, 0.0 ], [ -90.528289, 14.659815, 0.0 ], [ -90.528288, 14.659817, 0.0 ], [ -90.528287, 14.659819, 0.0 ], [ -90.528287, 14.659822, 0.0 ], [ -90.528286, 14.659824, 0.0 ], [ -90.528285, 14.659826, 0.0 ], [ -90.528285, 14.659829, 0.0 ], [ -90.528285, 14.659831, 0.0 ], [ -90.528284, 14.659833, 0.0 ], [ -90.528284, 14.659836, 0.0 ], [ -90.528284, 14.659838, 0.0 ], [ -90.528284, 14.65984, 0.0 ], [ -90.528284, 14.659843, 0.0 ], [ -90.528284, 14.659845, 0.0 ], [ -90.528284, 14.659848, 0.0 ], [ -90.528285, 14.65985, 0.0 ], [ -90.528285, 14.659852, 0.0 ], [ -90.528286, 14.659855, 0.0 ], [ -90.528286, 14.659857, 0.0 ], [ -90.528287, 14.659859, 0.0 ], [ -90.528287, 14.659862, 0.0 ], [ -90.528288, 14.659864, 0.0 ], [ -90.528289, 14.659866, 0.0 ], [ -90.52829, 14.659868, 0.0 ], [ -90.528291, 14.65987, 0.0 ], [ -90.528292, 14.659873, 0.0 ], [ -90.528293, 14.659875, 0.0 ], [ -90.528295, 14.659877, 0.0 ], [ -90.528296, 14.659879, 0.0 ], [ -90.528297, 14.659881, 0.0 ], [ -90.528299, 14.659883, 0.0 ], [ -90.5283, 14.659884, 0.0 ], [ -90.528302, 14.659886, 0.0 ], [ -90.528304, 14.659888, 0.0 ], [ -90.528305, 14.65989, 0.0 ], [ -90.528307, 14.659891, 0.0 ], [ -90.528309, 14.659893, 0.0 ], [ -90.528311, 14.659894, 0.0 ], [ -90.528313, 14.659896, 0.0 ], [ -90.528315, 14.659897, 0.0 ], [ -90.528317, 14.659898, 0.0 ], [ -90.528319, 14.6599, 0.0 ], [ -90.528321, 14.659901, 0.0 ], [ -90.528323, 14.659902, 0.0 ], [ -90.528326, 14.659903, 0.0 ], [ -90.528328, 14.659904, 0.0 ], [ -90.52833, 14.659905, 0.0 ], [ -90.528333, 14.659906, 0.0 ], [ -90.528335, 14.659906, 0.0 ], [ -90.528337, 14.659907, 0.0 ], [ -90.52834, 14.659907, 0.0 ], [ -90.528342, 14.659908, 0.0 ], [ -90.528344, 14.659908, 0.0 ], [ -90.528347, 14.659909, 0.0 ], [ -90.528349, 14.659909, 0.0 ], [ -90.528352, 14.659909, 0.0 ], [ -90.528354, 14.659909, 0.0 ], [ -90.528357, 14.659909, 0.0 ], [ -90.528359, 14.659909, 0.0 ], [ -90.528362, 14.659909, 0.0 ], [ -90.528364, 14.659908, 0.0 ], [ -90.528366, 14.659908, 0.0 ], [ -90.528369, 14.659908, 0.0 ], [ -90.528371, 14.659907, 0.0 ], [ -90.528374, 14.659906, 0.0 ], [ -90.528376, 14.659906, 0.0 ], [ -90.528378, 14.659905, 0.0 ], [ -90.528381, 14.659904, 0.0 ], [ -90.528383, 14.659903, 0.0 ], [ -90.528385, 14.659902, 0.0 ], [ -90.528387, 14.659901, 0.0 ], [ -90.528389, 14.6599, 0.0 ], [ -90.528391, 14.659899, 0.0 ], [ -90.528394, 14.659898, 0.0 ], [ -90.528396, 14.659896, 0.0 ], [ -90.528398, 14.659895, 0.0 ], [ -90.528399, 14.659893, 0.0 ], [ -90.528401, 14.659892, 0.0 ], [ -90.528403, 14.65989, 0.0 ], [ -90.528405, 14.659889, 0.0 ], [ -90.528407, 14.659887, 0.0 ], [ -90.528408, 14.659885, 0.0 ], [ -90.52841, 14.659883, 0.0 ], [ -90.528411, 14.659881, 0.0 ], [ -90.528413, 14.659879, 0.0 ], [ -90.528414, 14.659877, 0.0 ], [ -90.528415, 14.659875, 0.0 ], [ -90.528417, 14.659873, 0.0 ], [ -90.528418, 14.659871, 0.0 ] ] } },
{ "type": "Feature", "properties": { "id_linea": "sistema", "capa": "SISTEMA TUBUS - Paradas Ruta 305", "orden": 22, "nombre": "RUTA 305" }, "geometry": { "type": "MultiLineString", "coordinates": [ [ [ -90.518458, 14.613325, 0.0 ], [ -90.518674, 14.613362, 0.0 ], [ -90.51881, 14.613386, 0.0 ], [ -90.518956, 14.613415, 0.0 ], [ -90.519106, 14.613444, 0.0 ], [ -90.519273, 14.613479, 0.0 ], [ -90.519574, 14.613541, 0.0 ], [ -90.519584, 14.613539, 0.0 ], [ -90.519589, 14.613532, 0.0 ], [ -90.519616, 14.613407, 0.0 ], [ -90.519656, 14.61321, 0.0 ], [ -90.519681, 14.613087, 0.0 ], [ -90.519718, 14.612911, 0.0 ], [ -90.519771, 14.612649, 0.0 ], [ -90.519802, 14.6125, 0.0 ], [ -90.519828, 14.612372, 0.0 ], [ -90.519827, 14.61236, 0.0 ], [ -90.519821, 14.612351, 0.0 ], [ -90.519606, 14.612313, 0.0 ], [ -90.519348, 14.612266, 0.0 ], [ -90.5191, 14.61222, 0.0 ], [ -90.518871, 14.612181, 0.0 ], [ -90.518633, 14.612139, 0.0 ], [ -90.518623, 14.612139, 0.0 ], [ -90.518617, 14.612147, 0.0 ], [ -90.518607, 14.612205, 0.0 ], [ -90.518578, 14.612359, 0.0 ], [ -90.518542, 14.612567, 0.0 ], [ -90.518495, 14.612825, 0.0 ], [ -90.518448, 14.613083, 0.0 ], [ -90.51842, 14.613239, 0.0 ], [ -90.518406, 14.613315, 0.0 ], [ -90.518458, 14.613325, 0.0 ] ], [ [ -90.518406, 14.613315, 0.0 ], [ -90.51836, 14.613305, 0.0 ], [ -90.517028, 14.613051, 0.0 ], [ -90.516431, 14.612937, 0.0 ], [ -90.515648, 14.612801, 0.0 ], [ -90.514852, 14.61266, 0.0 ], [ -90.514407, 14.612585, 0.0 ], [ -90.513643, 14.612461, 0.0 ], [ -90.512677, 14.612302, 0.0 ], [ -90.512113, 14.612208, 0.0 ], [ -90.511954, 14.612172, 0.0 ], [ -90.511843, 14.612129, 0.0 ], [ -90.511686, 14.612078, 0.0 ], [ -90.511453, 14.612041, 0.0 ], [ -90.510957, 14.611962, 0.0 ], [ -90.510451, 14.611903, 0.0 ], [ -90.510259, 14.611892, 0.0 ], [ -90.5097, 14.611882, 0.0 ], [ -90.509452, 14.611873, 0.0 ], [ -90.508696, 14.611822, 0.0 ], [ -90.508126, 14.61177, 0.0 ], [ -90.507761, 14.61172, 0.0 ], [ -90.507381, 14.611681, 0.0 ], [ -90.507191, 14.611665, 0.0 ], [ -90.507001, 14.611636, 0.0 ], [ -90.506509, 14.611517, 0.0 ], [ -90.506147, 14.611416, 0.0 ], [ -90.505578, 14.611181, 0.0 ], [ -90.5049, 14.610866, 0.0 ], [ -90.504684, 14.610744, 0.0 ], [ -90.50448, 14.610617, 0.0 ], [ -90.504226, 14.610437, 0.0 ], [ -90.503986, 14.610229, 0.0 ], [ -90.503899, 14.61015, 0.0 ], [ -90.503751, 14.610003, 0.0 ], [ -90.50353, 14.609746, 0.0 ], [ -90.503296, 14.609455, 0.0 ], [ -90.503078, 14.609154, 0.0 ], [ -90.502866, 14.608844, 0.0 ], [ -90.502663, 14.608539, 0.0 ], [ -90.50248, 14.608209, 0.0 ], [ -90.502331, 14.607879, 0.0 ], [ -90.502181, 14.607536, 0.0 ], [ -90.501649, 14.60617, 0.0 ], [ -90.501504, 14.605446, 0.0 ], [ -90.501428, 14.605086, 0.0 ], [ -90.501353, 14.604729, 0.0 ], [ -90.501258, 14.604365, 0.0 ], [ -90.50114, 14.604035, 0.0 ], [ -90.50107, 14.603843, 0.0 ], [ -90.501004, 14.603671, 0.0 ], [ -90.500729, 14.602942, 0.0 ], [ -90.500596, 14.602579, 0.0 ], [ -90.500447, 14.602218, 0.0 ], [ -90.500302, 14.601861, 0.0 ], [ -90.500123, 14.601516, 0.0 ], [ -90.499912, 14.601189, 0.0 ], [ -90.499675, 14.600873, 0.0 ], [ -90.499444, 14.600564, 0.0 ], [ -90.499206, 14.60025, 0.0 ], [ -90.498967, 14.599938, 0.0 ], [ -90.498751, 14.59965, 0.0 ], [ -90.498513, 14.599306, 0.0 ], [ -90.498056, 14.598672, 0.0 ], [ -90.497587, 14.598061, 0.0 ], [ -90.497233, 14.597645, 0.0 ], [ -90.496935, 14.597223, 0.0 ], [ -90.496791, 14.597033, 0.0 ], [ -90.496433, 14.596501, 0.0 ], [ -90.496378, 14.596398, 0.0 ], [ -90.496392, 14.596278, 0.0 ], [ -90.496173, 14.595974, 0.0 ], [ -90.49601, 14.595748, 0.0 ], [ -90.495922, 14.595654, 0.0 ], [ -90.495728, 14.59551, 0.0 ], [ -90.495558, 14.595359, 0.0 ], [ -90.495436, 14.595232, 0.0 ], [ -90.49534, 14.595115, 0.0 ], [ -90.495113, 14.594825, 0.0 ], [ -90.494875, 14.594496, 0.0 ], [ -90.49462, 14.594164, 0.0 ], [ -90.494172, 14.593564, 0.0 ], [ -90.493674, 14.592895, 0.0 ], [ -90.493314, 14.592404, 0.0 ], [ -90.493066, 14.592071, 0.0 ], [ -90.492806, 14.591721, 0.0 ], [ -90.492538, 14.59136, 0.0 ], [ -90.49233, 14.591089, 0.0 ], [ -90.491867, 14.59047, 0.0 ], [ -90.491538, 14.590023, 0.0 ], [ -90.49118, 14.589537, 0.0 ], [ -90.490936, 14.589207, 0.0 ], [ -90.490718, 14.588908, 0.0 ], [ -90.490151, 14.588157, 0.0 ], [ -90.48985, 14.587747, 0.0 ], [ -90.489552, 14.587358, 0.0 ], [ -90.48936, 14.587092, 0.0 ], [ -90.489199, 14.586878, 0.0 ], [ -90.489042, 14.586661, 0.0 ], [ -90.488889, 14.586446, 0.0 ], [ -90.488698, 14.586181, 0.0 ], [ -90.488482, 14.585889, 0.0 ], [ -90.488321, 14.585683, 0.0 ], [ -90.488094, 14.585388, 0.0 ], [ -90.487915, 14.585176, 0.0 ], [ -90.487669, 14.584895, 0.0 ], [ -90.487607, 14.584813, 0.0 ], [ -90.487566, 14.584755, 0.0 ], [ -90.487513, 14.584701, 0.0 ], [ -90.487444, 14.584625, 0.0 ], [ -90.487332, 14.584488, 0.0 ], [ -90.487232, 14.584369, 0.0 ], [ -90.487163, 14.584275, 0.0 ], [ -90.487109, 14.584203, 0.0 ], [ -90.487039, 14.584105, 0.0 ], [ -90.486978, 14.584026, 0.0 ], [ -90.486919, 14.583952, 0.0 ], [ -90.486848, 14.583869, 0.0 ], [ -90.48677, 14.583764, 0.0 ], [ -90.486713, 14.583675, 0.0 ], [ -90.486678, 14.583624, 0.0 ], [ -90.486635, 14.583564, 0.0 ], [ -90.486568, 14.583477, 0.0 ], [ -90.486436, 14.58331, 0.0 ], [ -90.486306, 14.583138, 0.0 ], [ -90.486184, 14.582967, 0.0 ], [ -90.486052, 14.582798, 0.0 ], [ -90.485927, 14.582642, 0.0 ], [ -90.485814, 14.582483, 0.0 ], [ -90.48565, 14.582264, 0.0 ], [ -90.485562, 14.582129, 0.0 ], [ -90.48548, 14.582017, 0.0 ], [ -90.485401, 14.58191, 0.0 ], [ -90.485221, 14.581794, 0.0 ], [ -90.485162, 14.581711, 0.0 ], [ -90.485013, 14.581543, 0.0 ], [ -90.484954, 14.581476, 0.0 ], [ -90.484872, 14.581381, 0.0 ], [ -90.484863, 14.581377, 0.0 ], [ -90.484852, 14.581379, 0.0 ], [ -90.484754, 14.581439, 0.0 ], [ -90.484695, 14.581475, 0.0 ], [ -90.484692, 14.581484, 0.0 ], [ -90.484696, 14.581492, 0.0 ], [ -90.484728, 14.581534, 0.0 ], [ -90.484816, 14.581643, 0.0 ], [ -90.484907, 14.58175, 0.0 ], [ -90.485052, 14.58192, 0.0 ], [ -90.485126, 14.582009, 0.0 ], [ -90.485233, 14.582137, 0.0 ], [ -90.485341, 14.582262, 0.0 ], [ -90.485415, 14.582351, 0.0 ], [ -90.485517, 14.582484, 0.0 ], [ -90.485619, 14.582619, 0.0 ], [ -90.485686, 14.582708, 0.0 ], [ -90.485776, 14.582823, 0.0 ], [ -90.48586, 14.582928, 0.0 ], [ -90.48594, 14.583029, 0.0 ], [ -90.486099, 14.583231, 0.0 ], [ -90.486261, 14.583435, 0.0 ], [ -90.486337, 14.583559, 0.0 ], [ -90.486366, 14.5836, 0.0 ], [ -90.486425, 14.583697, 0.0 ], [ -90.486491, 14.583792, 0.0 ], [ -90.486549, 14.583875, 0.0 ], [ -90.486608, 14.58396, 0.0 ], [ -90.486666, 14.584043, 0.0 ], [ -90.486692, 14.58408, 0.0 ], [ -90.486725, 14.584129, 0.0 ], [ -90.486782, 14.584208, 0.0 ], [ -90.486845, 14.584297, 0.0 ], [ -90.48691, 14.584389, 0.0 ], [ -90.486968, 14.584474, 0.0 ], [ -90.487011, 14.584534, 0.0 ], [ -90.487055, 14.584591, 0.0 ], [ -90.487104, 14.58465, 0.0 ], [ -90.487144, 14.584699, 0.0 ], [ -90.487212, 14.584785, 0.0 ], [ -90.487303, 14.584897, 0.0 ], [ -90.487394, 14.585011, 0.0 ], [ -90.487472, 14.585106, 0.0 ], [ -90.487586, 14.585251, 0.0 ], [ -90.487725, 14.585423, 0.0 ], [ -90.487797, 14.585512, 0.0 ], [ -90.487881, 14.58562, 0.0 ], [ -90.487976, 14.585755, 0.0 ], [ -90.488077, 14.585897, 0.0 ], [ -90.488166, 14.586022, 0.0 ], [ -90.488255, 14.586144, 0.0 ], [ -90.488497, 14.586473, 0.0 ], [ -90.488718, 14.586776, 0.0 ], [ -90.488887, 14.587004, 0.0 ], [ -90.489035, 14.587207, 0.0 ], [ -90.489201, 14.587433, 0.0 ], [ -90.489327, 14.587601, 0.0 ], [ -90.489456, 14.587769, 0.0 ], [ -90.489815, 14.588235, 0.0 ], [ -90.489985, 14.588463, 0.0 ], [ -90.490117, 14.58864, 0.0 ], [ -90.490443, 14.589079, 0.0 ], [ -90.490803, 14.589562, 0.0 ], [ -90.491068, 14.589917, 0.0 ], [ -90.491471, 14.590467, 0.0 ], [ -90.491735, 14.590826, 0.0 ], [ -90.492135, 14.591366, 0.0 ], [ -90.492408, 14.591739, 0.0 ], [ -90.492688, 14.592111, 0.0 ], [ -90.492809, 14.592263, 0.0 ], [ -90.493196, 14.592817, 0.0 ], [ -90.493478, 14.593192, 0.0 ], [ -90.49377, 14.593565, 0.0 ], [ -90.494136, 14.594045, 0.0 ], [ -90.494388, 14.594381, 0.0 ], [ -90.494666, 14.594779, 0.0 ], [ -90.494819, 14.594973, 0.0 ], [ -90.495056, 14.595262, 0.0 ], [ -90.495346, 14.595659, 0.0 ], [ -90.495362, 14.595703, 0.0 ], [ -90.495375, 14.59575, 0.0 ], [ -90.49544, 14.595835, 0.0 ], [ -90.495737, 14.596238, 0.0 ], [ -90.495992, 14.59658, 0.0 ], [ -90.496386, 14.597111, 0.0 ], [ -90.496571, 14.597356, 0.0 ], [ -90.496869, 14.597749, 0.0 ], [ -90.497125, 14.598093, 0.0 ], [ -90.497468, 14.598532, 0.0 ], [ -90.497982, 14.59922, 0.0 ], [ -90.498088, 14.599388, 0.0 ], [ -90.498381, 14.599791, 0.0 ], [ -90.498612, 14.600095, 0.0 ], [ -90.498818, 14.600408, 0.0 ], [ -90.499009, 14.600733, 0.0 ], [ -90.499196, 14.601061, 0.0 ], [ -90.499388, 14.60138, 0.0 ], [ -90.499559, 14.601709, 0.0 ], [ -90.49973, 14.602047, 0.0 ], [ -90.499906, 14.602382, 0.0 ], [ -90.500084, 14.602704, 0.0 ], [ -90.50017, 14.602858, 0.0 ], [ -90.500601, 14.603714, 0.0 ], [ -90.500883, 14.604405, 0.0 ], [ -90.501109, 14.60503, 0.0 ], [ -90.501302, 14.605529, 0.0 ], [ -90.501494, 14.606041, 0.0 ], [ -90.501694, 14.606535, 0.0 ], [ -90.501898, 14.607034, 0.0 ], [ -90.502099, 14.607531, 0.0 ], [ -90.502319, 14.608026, 0.0 ], [ -90.502504, 14.608426, 0.0 ], [ -90.502704, 14.608733, 0.0 ], [ -90.503012, 14.609183, 0.0 ], [ -90.503324, 14.609612, 0.0 ], [ -90.503587, 14.609957, 0.0 ], [ -90.503836, 14.610216, 0.0 ], [ -90.504088, 14.610436, 0.0 ], [ -90.50427, 14.610585, 0.0 ], [ -90.504423, 14.610698, 0.0 ], [ -90.504914, 14.610989, 0.0 ], [ -90.505819, 14.611412, 0.0 ], [ -90.50589, 14.611454, 0.0 ], [ -90.505951, 14.611506, 0.0 ], [ -90.506012, 14.611563, 0.0 ], [ -90.506059, 14.61163, 0.0 ], [ -90.506104, 14.611701, 0.0 ], [ -90.506144, 14.611772, 0.0 ], [ -90.506172, 14.611849, 0.0 ], [ -90.506182, 14.611923, 0.0 ], [ -90.506176, 14.612099, 0.0 ], [ -90.506142, 14.612259, 0.0 ], [ -90.506082, 14.612386, 0.0 ], [ -90.506003, 14.612505, 0.0 ], [ -90.505801, 14.612747, 0.0 ], [ -90.505704, 14.612865, 0.0 ], [ -90.505581, 14.612972, 0.0 ], [ -90.50544, 14.61304, 0.0 ], [ -90.505286, 14.613075, 0.0 ], [ -90.505124, 14.613096, 0.0 ], [ -90.504958, 14.613107, 0.0 ], [ -90.504584, 14.613099, 0.0 ], [ -90.504458, 14.613106, 0.0 ], [ -90.50434, 14.613142, 0.0 ], [ -90.504278, 14.613179, 0.0 ], [ -90.504235, 14.613224, 0.0 ], [ -90.504189, 14.613329, 0.0 ], [ -90.504173, 14.613415, 0.0 ], [ -90.504175, 14.613466, 0.0 ], [ -90.504196, 14.613535, 0.0 ], [ -90.504319, 14.61381, 0.0 ], [ -90.504549, 14.614275, 0.0 ], [ -90.504706, 14.614483, 0.0 ], [ -90.504818, 14.614584, 0.0 ], [ -90.504915, 14.614651, 0.0 ], [ -90.505359, 14.614913, 0.0 ], [ -90.505814, 14.615182, 0.0 ], [ -90.506482, 14.615584, 0.0 ], [ -90.506696, 14.615715, 0.0 ], [ -90.506725, 14.615738, 0.0 ], [ -90.506761, 14.615752, 0.0 ], [ -90.5068, 14.615763, 0.0 ], [ -90.506852, 14.615783, 0.0 ], [ -90.507112, 14.615924, 0.0 ], [ -90.507625, 14.616229, 0.0 ], [ -90.508144, 14.616542, 0.0 ], [ -90.508394, 14.616685, 0.0 ], [ -90.508502, 14.616711, 0.0 ], [ -90.508605, 14.616705, 0.0 ], [ -90.508688, 14.616669, 0.0 ], [ -90.508771, 14.616609, 0.0 ], [ -90.508802, 14.616531, 0.0 ], [ -90.508818, 14.61645, 0.0 ], [ -90.508893, 14.616124, 0.0 ], [ -90.509, 14.615635, 0.0 ], [ -90.509059, 14.615381, 0.0 ], [ -90.509111, 14.615136, 0.0 ], [ -90.509247, 14.614526, 0.0 ], [ -90.509362, 14.614126, 0.0 ], [ -90.509488, 14.613693, 0.0 ], [ -90.509555, 14.613481, 0.0 ], [ -90.509603, 14.613427, 0.0 ], [ -90.509676, 14.613386, 0.0 ], [ -90.509754, 14.613379, 0.0 ], [ -90.509834, 14.613386, 0.0 ], [ -90.510144, 14.613436, 0.0 ], [ -90.510456, 14.613483, 0.0 ], [ -90.510765, 14.613536, 0.0 ], [ -90.511339, 14.613644, 0.0 ], [ -90.511962, 14.613765, 0.0 ], [ -90.512648, 14.613875, 0.0 ], [ -90.513119, 14.613954, 0.0 ], [ -90.513608, 14.614026, 0.0 ], [ -90.513886, 14.614078, 0.0 ], [ -90.513936, 14.614076, 0.0 ], [ -90.51397, 14.614054, 0.0 ], [ -90.514005, 14.614024, 0.0 ], [ -90.514047, 14.614004, 0.0 ], [ -90.514096, 14.614, 0.0 ], [ -90.51416, 14.614011, 0.0 ], [ -90.514209, 14.614023, 0.0 ], [ -90.514325, 14.614042, 0.0 ], [ -90.514596, 14.614092, 0.0 ], [ -90.51521, 14.614204, 0.0 ], [ -90.515916, 14.61433, 0.0 ], [ -90.516501, 14.61443, 0.0 ], [ -90.516971, 14.614514, 0.0 ], [ -90.517289, 14.614572, 0.0 ], [ -90.51806, 14.614718, 0.0 ], [ -90.518096, 14.614717, 0.0 ], [ -90.518127, 14.614698, 0.0 ], [ -90.518223, 14.614218, 0.0 ], [ -90.518296, 14.613857, 0.0 ], [ -90.518398, 14.613359, 0.0 ], [ -90.518406, 14.613315, 0.0 ] ] ] } }
]
}
