<?xml version="1.0" encoding="UTF-8"?>
<kml xmlns="http://www.opengis.net/kml/2.2">
  <Document>
    <name>RUTA 104 - Sistema TuBus</name>
    <description>RUTA 104 - Barrio San Antonio Z.6 / Cementerio La Villa Z.14</description>
    <Style id="icon-1899-DB4436-normal">
      <IconStyle>
        <color>ff3644db</color>
        <scale>1</scale>
        <Icon>
          <href>https://www.gstatic.com/mapspro/images/stock/503-wht-blank_maps.png</href>
        </Icon>
        <hotSpot x="32" xunits="pixels" y="64" yunits="insetPixels"/>
      </IconStyle>
      <LabelStyle>
        <scale>0</scale>
      </LabelStyle>
    </Style>
    <Style id="icon-1899-DB4436-highlight">
      <IconStyle>
        <color>ff3644db</color>
        <scale>1</scale>
        <Icon>
          <href>https://www.gstatic.com/mapspro/images/stock/503-wht-blank_maps.png</href>
        </Icon>
        <hotSpot x="32" xunits="pixels" y="64" yunits="insetPixels"/>
      </IconStyle>
      <LabelStyle>
        <scale>1</scale>
      </LabelStyle>
    </Style>
    <StyleMap id="icon-1899-DB4436">
      <Pair>
        <key>normal</key>
        <styleUrl>#icon-1899-DB4436-normal</styleUrl>
      </Pair>
      <Pair>
        <key>highlight</key>
        <styleUrl>#icon-1899-DB4436-highlight</styleUrl>
      </Pair>
    </StyleMap>
    <Style id="icon-1899-DB4436-nodesc-normal">
      <IconStyle>
        <color>ff3644db</color>
        <scale>1</scale>
        <Icon>
          <href>https://www.gstatic.com/mapspro/images/stock/503-wht-blank_maps.png</href>
        </Icon>
        <hotSpot x="32" xunits="pixels" y="64" yunits="insetPixels"/>
      </IconStyle>
      <LabelStyle>
        <scale>0</scale>
      </LabelStyle>
      <BalloonStyle>
        <text><![CDATA[<h3>$[name]</h3>]]></text>
      </BalloonStyle>
    </Style>
    <Style id="icon-1899-DB4436-nodesc-highlight">
      <IconStyle>
        <color>ff3644db</color>
        <scale>1</scale>
        <Icon>
          <href>https://www.gstatic.com/mapspro/images/stock/503-wht-blank_maps.png</href>
        </Icon>
        <hotSpot x="32" xunits="pixels" y="64" yunits="insetPixels"/>
      </IconStyle>
      <LabelStyle>
        <scale>1</scale>
      </LabelStyle>
      <BalloonStyle>
        <text><![CDATA[<h3>$[name]</h3>]]></text>
      </BalloonStyle>
    </Style>
    <StyleMap id="icon-1899-DB4436-nodesc">
      <Pair>
        <key>normal</key>
        <styleUrl>#icon-1899-DB4436-nodesc-normal</styleUrl>
      </Pair>
      <Pair>
        <key>highlight</key>
        <styleUrl>#icon-1899-DB4436-nodesc-highlight</styleUrl>
      </Pair>
    </StyleMap>
    <Style id="line-0F9D58-3000-nodesc-normal">
      <LineStyle>
        <color>ff589d0f</color>
        <width>3</width>
      </LineStyle>
      <BalloonStyle>
        <text><![CDATA[<h3>$[name]</h3>]]></text>
      </BalloonStyle>
    </Style>
    <Style id="line-0F9D58-3000-nodesc-highlight">
      <LineStyle>
        <color>ff589d0f</color>
        <width>4.5</width>
      </LineStyle>
      <BalloonStyle>
        <text><![CDATA[<h3>$[name]</h3>]]></text>
      </BalloonStyle>
    </Style>
    <StyleMap id="line-0F9D58-3000-nodesc">
      <Pair>
        <key>normal</key>
        <styleUrl>#line-0F9D58-3000-nodesc-normal</styleUrl>
      </Pair>
      <Pair>
        <key>highlight</key>
        <styleUrl>#line-0F9D58-3000-nodesc-highlight</styleUrl>
      </Pair>
    </StyleMap>
    <Style id="line-FFEA00-3000-nodesc-normal">
      <LineStyle>
        <color>ff00eaff</color>
        <width>3</width>
      </LineStyle>
      <BalloonStyle>
        <text><![CDATA[<h3>$[name]</h3>]]></text>
      </BalloonStyle>
    </Style>
    <Style id="line-FFEA00-3000-nodesc-highlight">
      <LineStyle>
        <color>ff00eaff</color>
        <width>4.5</width>
      </LineStyle>
      <BalloonStyle>
        <text><![CDATA[<h3>$[name]</h3>]]></text>
      </BalloonStyle>
    </Style>
    <StyleMap id="line-FFEA00-3000-nodesc">
      <Pair>
        <key>normal</key>
        <styleUrl>#line-FFEA00-3000-nodesc-normal</styleUrl>
      </Pair>
      <Pair>
        <key>highlight</key>
        <styleUrl>#line-FFEA00-3000-nodesc-highlight</styleUrl>
      </Pair>
    </StyleMap>
    <Style id="line-FFEA00-4000-normal">
      <LineStyle>
        <color>ff00eaff</color>
        <width>4</width>
      </LineStyle>
    </Style>
    <Style id="line-FFEA00-4000-highlight">
      <LineStyle>
        <color>ff00eaff</color>
        <width>6</width>
      </LineStyle>
    </Style>
    <StyleMap id="line-FFEA00-4000">
      <Pair>
        <key>normal</key>
        <styleUrl>#line-FFEA00-4000-normal</styleUrl>
      </Pair>
      <Pair>
        <key>highlight</key>
        <styleUrl>#line-FFEA00-4000-highlight</styleUrl>
      </Pair>
    </StyleMap>
    <Folder>
      <name>Paradas Ruta 104</name>
      <Placemark>
        <name>Parada #001 / Barrio San Antonio</name>
        <description>24 avenida “A” y 17 calle, Barrio San Antonio, zona 6.</description>
        <styleUrl>#icon-1899-DB4436</styleUrl>
        <Point>
          <coordinates>
            -90.486817,14.658221,0
          </coordinates>
        </Point>
      </Placemark>
      <Placemark>
        <name>Parada #002 / Barrio San Antonio</name>
        <description>23 avenida y 13 calle, Barrio San Antonio, zona 6.</description>
        <styleUrl>#icon-1899-DB4436</styleUrl>
        <Point>
          <coordinates>
            -90.489158,14.65527,0
          </coordinates>
        </Point>
      </Placemark>
      <Placemark>
        <name>Parada #003 / Barrio San Antonio</name>
        <description>23 avenida y 11 calle, Barrio San Antonio, zona 6.</description>
        <styleUrl>#icon-1899-DB4436</styleUrl>
        <Point>
          <coordinates>
            -90.489939,14.653312,0
          </coordinates>
        </Point>
      </Placemark>
      <Placemark>
        <name>Parada #004 / Barrio San Antonio</name>
        <description>23 avenida y 8ª calle, Barrio San Antonio, zona 6.</description>
        <styleUrl>#icon-1899-DB4436</styleUrl>
        <Point>
          <coordinates>
            -90.490644,14.651462,0
          </coordinates>
        </Point>
      </Placemark>
      <Placemark>
        <name>Parada #005 / 8ª Calle</name>
        <description>8ª calle y 20 avenida, zona 6.</description>
        <styleUrl>#icon-1899-DB4436</styleUrl>
        <Point>
          <coordinates>
            -90.493353,14.652241,0
          </coordinates>
        </Point>
      </Placemark>
      <Placemark>
        <name>Parada #006 / 8ª calle</name>
        <description>8ª calle y 15 avenida, zona 6.</description>
        <styleUrl>#icon-1899-DB4436</styleUrl>
        <Point>
          <coordinates>
            -90.497746,14.654173,0
          </coordinates>
        </Point>
      </Placemark>
      <Placemark>
        <name>Parada #007 / 14 avenida</name>
        <description><![CDATA[14 avenida y 7ª calle "A", zona 6.]]></description>
        <styleUrl>#icon-1899-DB4436</styleUrl>
        <Point>
          <coordinates>
            -90.500033,14.653728,0
          </coordinates>
        </Point>
      </Placemark>
      <Placemark>
        <name>Parada #008 / Barrio La Parroquia</name>
        <description>14 avenida y 1ª calle, Barrio La Parroquia, zona 6.</description>
        <styleUrl>#icon-1899-DB4436</styleUrl>
        <Point>
          <coordinates>
            -90.501714,14.647558,0
          </coordinates>
        </Point>
      </Placemark>
      <Placemark>
        <name>Parada #009 / Barrio San José</name>
        <description>14 avenida y 3ª calle, Barrio San José, zona 1.</description>
        <styleUrl>#icon-1899-DB4436</styleUrl>
        <Point>
          <coordinates>
            -90.503346,14.644703,0
          </coordinates>
        </Point>
      </Placemark>
      <Placemark>
        <name>Parada #010 / Barrio San José</name>
        <description>14 avenida y 5ª calle, Barrio San José, zona 1.</description>
        <styleUrl>#icon-1899-DB4436</styleUrl>
        <Point>
          <coordinates>
            -90.504586,14.642461,0
          </coordinates>
        </Point>
      </Placemark>
      <Placemark>
        <name>Parada #011 / Barrio San José</name>
        <description>14 avenida y 8ª calle, Barrio San José, zona 1.</description>
        <styleUrl>#icon-1899-DB4436</styleUrl>
        <Point>
          <coordinates>
            -90.505245,14.640158,0
          </coordinates>
        </Point>
      </Placemark>
      <Placemark>
        <name>Parada #012 / Parque Colón</name>
        <description>12 avenida y 9ª calle, Barrio Gerona, zona 1. Cercanía con Transmetro a ±3 minutos caminando: Estación Colón de Líneas 6 y 18.</description>
        <styleUrl>#icon-1899-DB4436</styleUrl>
        <Point>
          <coordinates>
            -90.507202,14.639829,0
          </coordinates>
        </Point>
      </Placemark>
      <Placemark>
        <name>Parada #013 / Barrio Gerona</name>
        <description>12 avenida y 12 calle, Barrio Gerona, zona 1.</description>
        <styleUrl>#icon-1899-DB4436</styleUrl>
        <Point>
          <coordinates>
            -90.507651,14.63637,0
          </coordinates>
        </Point>
      </Placemark>
      <Placemark>
        <name>Parada #014 / Barrio Gerona</name>
        <description>12 avenida y 14 calle “A”, Barrio Gerona, zona 1.</description>
        <styleUrl>#icon-1899-DB4436</styleUrl>
        <Point>
          <coordinates>
            -90.508069,14.633291,0
          </coordinates>
        </Point>
      </Placemark>
      <Placemark>
        <name>Parada #015 / 12 Avenida</name>
        <description>12 avenida y 20 calle, zona 1. Cercanía con Transmetro a ±6 minutos caminando: Estación Plaza Barrios/FEGUA de Líneas 12, 6 y 18.</description>
        <styleUrl>#icon-1899-DB4436</styleUrl>
        <Point>
          <coordinates>
            -90.508619,14.62909,0
          </coordinates>
        </Point>
      </Placemark>
      <Placemark>
        <name>Parada #016 / Col. 25 de Junio</name>
        <description>12 avenida y 25 calle, Colonia 25 de Junio, zona 5.</description>
        <styleUrl>#icon-1899-DB4436</styleUrl>
        <Point>
          <coordinates>
            -90.509396,14.623805,0
          </coordinates>
        </Point>
      </Placemark>
      <Placemark>
        <name>Parada #017 / Col. San Pedrito</name>
        <description>12 avenida y 30 calle, Colonia San Pedrito, zona 5.</description>
        <styleUrl>#icon-1899-DB4436</styleUrl>
        <Point>
          <coordinates>
            -90.50999,14.619408,0
          </coordinates>
        </Point>
      </Placemark>
      <Placemark>
        <name>Parada #018 / Col. San Pedrito</name>
        <description>12 avenida y 0 calle, Colonia San Pedrito, zona 5.</description>
        <styleUrl>#icon-1899-DB4436</styleUrl>
        <Point>
          <coordinates>
            -90.510546,14.615398,0
          </coordinates>
        </Point>
      </Placemark>
      <Placemark>
        <name>Parada #019 / 6ª Avenida</name>
        <description>6ª avenida y 4ª calle, zona 10.</description>
        <styleUrl>#icon-1899-DB4436</styleUrl>
        <Point>
          <coordinates>
            -90.510407,14.609624,0
          </coordinates>
        </Point>
      </Placemark>
      <Placemark>
        <name>Parada #020 / Ciudad Vieja</name>
        <description>6ª avenida y 7ª calle “A”, Ciudad Vieja, zona 10.</description>
        <styleUrl>#icon-1899-DB4436</styleUrl>
        <Point>
          <coordinates>
            -90.510454,14.606162,0
          </coordinates>
        </Point>
      </Placemark>
      <Placemark>
        <name>Parada #021 / Col. Las Margaritas</name>
        <description>Diagonal 6 y 11 calle, Colonia las Margaritas, zona 10.</description>
        <styleUrl>#icon-1899-DB4436</styleUrl>
        <Point>
          <coordinates>
            -90.509963,14.601929,0
          </coordinates>
        </Point>
      </Placemark>
      <Placemark>
        <name>Parada #022 / Diagonal 6</name>
        <description>Diagonal 6 y 13 calle, zona 10.</description>
        <styleUrl>#icon-1899-DB4436</styleUrl>
        <Point>
          <coordinates>
            -90.508606,14.599299,0
          </coordinates>
        </Point>
      </Placemark>
      <Placemark>
        <name>Parada #023 / Col. Oakland</name>
        <description><![CDATA[Diagonal 6 y 14 calle "A", Colonia Oakland, zona 10.]]></description>
        <styleUrl>#icon-1899-DB4436</styleUrl>
        <Point>
          <coordinates>
            -90.507194,14.596586,0
          </coordinates>
        </Point>
      </Placemark>
      <Placemark>
        <name>Parada #024 / Col. Oakland</name>
        <description>Diagonal 6 y 13 avenida, Colonia Oakland, zona 10.</description>
        <styleUrl>#icon-1899-DB4436</styleUrl>
        <Point>
          <coordinates>
            -90.50547,14.594364,0
          </coordinates>
        </Point>
      </Placemark>
      <Placemark>
        <name>Parada #025 / Col. La Villa</name>
        <description>Diagonal 6 y Bulevar Los Próceres, Colonia La Villa, zona 10.</description>
        <styleUrl>#icon-1899-DB4436</styleUrl>
        <Point>
          <coordinates>
            -90.50307,14.589302,0
          </coordinates>
        </Point>
      </Placemark>
      <Placemark>
        <name>Parada #026 / Cantón 21</name>
        <description>18 avenida y 4ª calle, Cantón 21, zona 14.</description>
        <styleUrl>#icon-1899-DB4436</styleUrl>
        <Point>
          <coordinates>
            -90.504708,14.583789,0
          </coordinates>
        </Point>
      </Placemark>
      <Placemark>
        <name>Parada #027 / Cantón 21</name>
        <description>14 avenida y 5ª calle, Cantón 21, zona 14.</description>
        <styleUrl>#icon-1899-DB4436</styleUrl>
        <Point>
          <coordinates>
            -90.50833,14.583845,0
          </coordinates>
        </Point>
      </Placemark>
      <Placemark>
        <name>Parada #028 / Cantón Victoria</name>
        <description>14 avenida y 10ª calle, Cantón Victoria, zona 14.</description>
        <styleUrl>#icon-1899-DB4436</styleUrl>
        <Point>
          <coordinates>
            -90.50966,14.579862,0
          </coordinates>
        </Point>
      </Placemark>
      <Placemark>
        <name>Parada #029 / Cementerio La Villa</name>
        <description>9ª calle y 14 avenida, Cementerio La Villa, zona 14.</description>
        <styleUrl>#icon-1899-DB4436</styleUrl>
        <Point>
          <coordinates>
            -90.50868,14.580986,0
          </coordinates>
        </Point>
      </Placemark>
      <Placemark>
        <name>Parada #062 / 9ª Calle</name>
        <description><![CDATA[9ª calle y 17 avenida "B" esquina, Cantón 21, zona 14.]]></description>
        <styleUrl>#icon-1899-DB4436</styleUrl>
        <Point>
          <coordinates>
            -90.506172,14.5804505,0
          </coordinates>
        </Point>
      </Placemark>
      <Placemark>
        <name>Parada #030 / Cantón 21</name>
        <description>4ª calle y 18 avenida, Cantón 21, zona 14.</description>
        <styleUrl>#icon-1899-DB4436</styleUrl>
        <Point>
          <coordinates>
            -90.504738,14.583473,0
          </coordinates>
        </Point>
      </Placemark>
      <Placemark>
        <name>Parada #031 / Cantón 21</name>
        <description>4ª calle y 23 avenida, Cantón 21, zona 14.</description>
        <styleUrl>#icon-1899-DB4436</styleUrl>
        <Point>
          <coordinates>
            -90.50037,14.581542,0
          </coordinates>
        </Point>
      </Placemark>
      <Placemark>
        <name>Parada #032 / Cantón 21</name>
        <description>4ª calle y 26 avenida, Cantón 21, zona 14.</description>
        <styleUrl>#icon-1899-DB4436</styleUrl>
        <Point>
          <coordinates>
            -90.498559,14.580317,0
          </coordinates>
        </Point>
      </Placemark>
      <Placemark>
        <name>Parada #033 / 20 Calle</name>
        <description>20 calle y 22 avenida, zona 10.</description>
        <styleUrl>#icon-1899-DB4436</styleUrl>
        <Point>
          <coordinates>
            -90.499592,14.584335,0
          </coordinates>
        </Point>
      </Placemark>
      <Placemark>
        <name>Parada #034 / 20 Calle</name>
        <description>20 calle y 19 avenida, zona 10.</description>
        <styleUrl>#icon-1899-DB4436</styleUrl>
        <Point>
          <coordinates>
            -90.501028,14.585863,0
          </coordinates>
        </Point>
      </Placemark>
      <Placemark>
        <name>Parada #035 / Col. La Villa</name>
        <description>Diagonal 6 y 17 calle, Colonia La Villa, zona 10.</description>
        <styleUrl>#icon-1899-DB4436</styleUrl>
        <Point>
          <coordinates>
            -90.503075,14.589579,0
          </coordinates>
        </Point>
      </Placemark>
      <Placemark>
        <name>Parada #036 / Col. Oakland</name>
        <description>Diagonal 6 y 13 avenida, Colonia Oakland, zona 10.</description>
        <styleUrl>#icon-1899-DB4436</styleUrl>
        <Point>
          <coordinates>
            -90.504676,14.59356,0
          </coordinates>
        </Point>
      </Placemark>
      <Placemark>
        <name>Parada #037 / Col. Oakland</name>
        <description>Diagonal 6 y 13 calle, Colonia Oakland, zona 10.</description>
        <styleUrl>#icon-1899-DB4436</styleUrl>
        <Point>
          <coordinates>
            -90.507197,14.597004,0
          </coordinates>
        </Point>
      </Placemark>
      <Placemark>
        <name>Parada #038 / Diagonal 6</name>
        <description>Diagonal 6 y 12 calle, Centro Comercial Oakland Mall, zona 10.</description>
        <styleUrl>#icon-1899-DB4436</styleUrl>
        <Point>
          <coordinates>
            -90.50785,14.598441,0
          </coordinates>
        </Point>
      </Placemark>
      <Placemark>
        <name>Parada #039 / Col. Las Margaritas</name>
        <description>Diagonal 6 y 11 calle, Colonia las Margaritas, zona 10.</description>
        <styleUrl>#icon-1899-DB4436</styleUrl>
        <Point>
          <coordinates>
            -90.50961,14.60167,0
          </coordinates>
        </Point>
      </Placemark>
      <Placemark>
        <name>Parada #040 / Ciudad Vieja</name>
        <description>2ª avenida y 9ª calle, Ciudad Vieja, zona 10. Cercanía con Transmetro a ±8 minutos caminando: Estaciones IGSS Zona 9 y Tívoli de Línea 13.</description>
        <styleUrl>#icon-1899-DB4436</styleUrl>
        <Point>
          <coordinates>
            -90.513787,14.604486,0
          </coordinates>
        </Point>
      </Placemark>
      <Placemark>
        <name>Parada #041 / Ciudad Vieja</name>
        <description>2ª avenida y 6ª calle, Ciudad Vieja, zona 10. Cercanía con Transmetro a ±7 minutos caminando: Estaciones Seis 26 e Industria de Línea 13.</description>
        <styleUrl>#icon-1899-DB4436</styleUrl>
        <Point>
          <coordinates>
            -90.512912,14.607666,0
          </coordinates>
        </Point>
      </Placemark>
      <Placemark>
        <name>Parada #042 / 2ª Avenida</name>
        <description><![CDATA[2ª avenida y 3ª calle "A", zona 10.]]></description>
        <styleUrl>#icon-1899-DB4436</styleUrl>
        <Point>
          <coordinates>
            -90.512553,14.610324,0
          </coordinates>
        </Point>
      </Placemark>
      <Placemark>
        <name>Parada #043 / 2ª Avenida</name>
        <description>2ª avenida y 0 calle, zona 10.</description>
        <styleUrl>#icon-1899-DB4436</styleUrl>
        <Point>
          <coordinates>
            -90.511778,14.614844,0
          </coordinates>
        </Point>
      </Placemark>
      <Placemark>
        <name>Parada #044 / Col. San Pedrito</name>
        <description>11 avenida y 31 calle, Colonia San Pedrito, zona 5.</description>
        <styleUrl>#icon-1899-DB4436</styleUrl>
        <Point>
          <coordinates>
            -90.511254,14.617768,0
          </coordinates>
        </Point>
      </Placemark>
      <Placemark>
        <name>Parada #045 / 10ª Avenida</name>
        <description>10ª avenida y 27 calle, zona 5.</description>
        <styleUrl>#icon-1899-DB4436</styleUrl>
        <Point>
          <coordinates>
            -90.511945,14.622104,0
          </coordinates>
        </Point>
      </Placemark>
      <Placemark>
        <name>Parada #046 / 10ª Avenida</name>
        <description>10ª avenida y Calle Mateo Flores, zona 5.</description>
        <styleUrl>#icon-1899-DB4436</styleUrl>
        <Point>
          <coordinates>
            -90.511559,14.624319,0
          </coordinates>
        </Point>
      </Placemark>
      <Placemark>
        <name>Parada #047 / 11 Avenida</name>
        <description>11 avenida y 18 calle, zona 1. Cercanía con Transmetro a ±3 minutos caminando: Estación Plaza Barrios/FEGUA de Líneas 12, 6 y 18.</description>
        <styleUrl>#icon-1899-DB4436</styleUrl>
        <Point>
          <coordinates>
            -90.509721,14.629992,0
          </coordinates>
        </Point>
      </Placemark>
      <Placemark>
        <name>Parada #048 / 11 Avenida</name>
        <description><![CDATA[11 avenida y 14 calle "A", zona 1.]]></description>
        <styleUrl>#icon-1899-DB4436</styleUrl>
        <Point>
          <coordinates>
            -90.50929,14.633141,0
          </coordinates>
        </Point>
      </Placemark>
      <Placemark>
        <name>Parada #049 / 11 Avenida</name>
        <description>11 avenida y 12 calle, zona 1.</description>
        <styleUrl>#icon-1899-DB4436</styleUrl>
        <Point>
          <coordinates>
            -90.50888,14.636182,0
          </coordinates>
        </Point>
      </Placemark>
      <Placemark>
        <name>Parada #050 / 11 Avenida</name>
        <description>11 avenida y 7ª calle, zona 1.</description>
        <styleUrl>#icon-1899-DB4436</styleUrl>
        <Point>
          <coordinates>
            -90.508206,14.641064,0
          </coordinates>
        </Point>
      </Placemark>
      <Placemark>
        <name>Parada #051 / 5ª Calle</name>
        <description>5ª calle y 12 avenida, zona 1.</description>
        <styleUrl>#icon-1899-DB4436</styleUrl>
        <Point>
          <coordinates>
            -90.507075,14.642325,0
          </coordinates>
        </Point>
      </Placemark>
      <Placemark>
        <name>Parada #052 / Barrio San José</name>
        <description>13 avenida y 4ª calle, Barrio San José, zona 1.</description>
        <styleUrl>#icon-1899-DB4436</styleUrl>
        <Point>
          <coordinates>
            -90.504546,14.643702,0
          </coordinates>
        </Point>
      </Placemark>
      <Placemark>
        <name>Parada #053 / Barrio Candelaria</name>
        <description>13 avenida y 1ª calle, Barrio Candelaria, zona 1.</description>
        <styleUrl>#icon-1899-DB4436</styleUrl>
        <Point>
          <coordinates>
            -90.502681,14.647551,0
          </coordinates>
        </Point>
      </Placemark>
      <Placemark>
        <name>Parada #054 / Barrio La Parroquia</name>
        <description><![CDATA[13 avenida y 2ª calle "A", Barrio La Parroquia, zona 6.]]></description>
        <styleUrl>#icon-1899-DB4436</styleUrl>
        <Point>
          <coordinates>
            -90.501843,14.649471,0
          </coordinates>
        </Point>
      </Placemark>
      <Placemark>
        <name>Parada #061 / 7ª Calle</name>
        <description><![CDATA[7ª calle y 14 avenida "A", zona 6. Cercanía con Transmetro a ±1 minuto caminando: Estación José Martí de Línea 6.]]></description>
        <styleUrl>#icon-1899-DB4436</styleUrl>
        <Point>
          <coordinates>
            -90.49948,14.652793,0
          </coordinates>
        </Point>
      </Placemark>
      <Placemark>
        <name>Parada #055 / 6ª Calle</name>
        <description><![CDATA[6ª calle y 16 avenida "A" , zona 6. Cercanía con Transmetro a ±1 minuto caminando: Estación IGSS Zona 6 de Línea 6.]]></description>
        <styleUrl>#icon-1899-DB4436</styleUrl>
        <Point>
          <coordinates>
            -90.497395,14.651255,0
          </coordinates>
        </Point>
      </Placemark>
      <Placemark>
        <name>Parada #056 / 6ª Calle</name>
        <description>6ª calle y 20 avenida, zona 6.</description>
        <styleUrl>#icon-1899-DB4436</styleUrl>
        <Point>
          <coordinates>
            -90.493767,14.650809,0
          </coordinates>
        </Point>
      </Placemark>
      <Placemark>
        <name>Parada #057 / Barrio San Antonio</name>
        <description>23 avenida y 8ª calle, Barrio San Antonio, zona 6.</description>
        <styleUrl>#icon-1899-DB4436</styleUrl>
        <Point>
          <coordinates>
            -90.490624,14.651224,0
          </coordinates>
        </Point>
      </Placemark>
      <Placemark>
        <name>Parada #058 / Barrio San Antonio</name>
        <description>23 avenida y 11 calle, Barrio San Antonio, zona 6.</description>
        <styleUrl>#icon-1899-DB4436</styleUrl>
        <Point>
          <coordinates>
            -90.489911,14.653041,0
          </coordinates>
        </Point>
      </Placemark>
      <Placemark>
        <name>Parada #059 / Barrio San Antonio</name>
        <description><![CDATA[24 avenida "A" y 15 calle, Barrio San Antonio, zona 6.]]></description>
        <styleUrl>#icon-1899-DB4436</styleUrl>
        <Point>
          <coordinates>
            -90.487587,14.65613,0
          </coordinates>
        </Point>
      </Placemark>
      <Placemark>
        <name>Parada #060 / Barrio San Antonio</name>
        <description><![CDATA[24 avenida "A" y 17 calle, Barrio San Antonio, zona 6.]]></description>
        <styleUrl>#icon-1899-DB4436</styleUrl>
        <Point>
          <coordinates>
            -90.486882,14.657947,0
          </coordinates>
        </Point>
      </Placemark>
      <Placemark>
        <name>RUTA 104</name>
        <styleUrl>#line-FFEA00-3000-nodesc</styleUrl>
        <LineString>
          <tessellate>1</tessellate>
          <coordinates>
            -90.5099653,14.62838,0
            -90.5099653,14.628378,0
            -90.5099663,14.628377,0
            -90.5099663,14.628375,0
            -90.5099663,14.628374,0
            -90.5099673,14.628372,0
            -90.5099673,14.628371,0
            -90.5099683,14.628369,0
            -90.5099693,14.628368,0
            -90.5099693,14.628367,0
            -90.5099703,14.628365,0
            -90.5099713,14.628364,0
            -90.5099723,14.628362,0
            -90.5099723,14.628361,0
            -90.5099733,14.62836,0
            -90.5099743,14.628359,0
            -90.5099753,14.628357,0
            -90.5099763,14.628356,0
            -90.5099773,14.628355,0
            -90.5099793,14.628354,0
            -90.5099803,14.628353,0
            -90.5099813,14.628352,0
            -90.5099823,14.628351,0
            -90.5099843,14.62835,0
            -90.5099853,14.628349,0
            -90.5099863,14.628348,0
            -90.5099883,14.628347,0
            -90.5099893,14.628347,0
            -90.5099903,14.628346,0
            -90.5099923,14.628345,0
            -90.5099933,14.628345,0
            -90.5099953,14.628344,0
            -90.5099963,14.628343,0
            -90.5099983,14.628343,0
            -90.5100003,14.628343,0
            -90.5100013,14.628342,0
            -90.5100033,14.628342,0
            -90.5100043,14.628342,0
            -90.5100063,14.628341,0
            -90.5100073,14.628341,0
            -90.5100093,14.628341,0
            -90.5100113,14.628341,0
            -90.5100123,14.628341,0
            -90.5100143,14.628341,0
            -90.5100163,14.628341,0
            -90.5100173,14.628342,0
            -90.5109883,14.62847,0
            -90.5109943,14.628471,0
            -90.5110013,14.628471,0
            -90.5110073,14.628472,0
            -90.5110143,14.628472,0
            -90.5110203,14.628472,0
            -90.5110263,14.628471,0
            -90.5110333,14.628471,0
            -90.5110393,14.62847,0
            -90.5110463,14.628469,0
            -90.5110523,14.628468,0
            -90.5110583,14.628466,0
            -90.5110653,14.628465,0
            -90.5110713,14.628463,0
            -90.5110773,14.628461,0
            -90.5110833,14.628458,0
            -90.5110893,14.628456,0
            -90.5110953,14.628453,0
            -90.5111013,14.62845,0
            -90.5111063,14.628447,0
            -90.5111123,14.628444,0
            -90.5111173,14.62844,0
            -90.5111233,14.628437,0
            -90.5111283,14.628433,0
            -90.5111333,14.628429,0
            -90.5111383,14.628425,0
            -90.5111423,14.62842,0
            -90.5111473,14.628416,0
            -90.5111513,14.628411,0
            -90.5111563,14.628406,0
            -90.5111603,14.628401,0
            -90.5111633,14.628396,0
            -90.5111673,14.628391,0
            -90.5111713,14.628386,0
            -90.5111743,14.62838,0
            -90.5111773,14.628375,0
            -90.5111803,14.628369,0
            -90.5111833,14.628364,0
            -90.5111853,14.628358,0
            -90.5111873,14.628352,0
            -90.5111903,14.628346,0
            -90.5111913,14.62834,0
            -90.5111933,14.628334,0
            -90.5111943,14.628327,0
            -90.5111963,14.628321,0
            -90.5111973,14.628315,0
            -90.5111973,14.628309,0
            -90.5111983,14.628302,0
            -90.5111983,14.628296,0
            -90.5111983,14.62829,0
            -90.5111983,14.628284,0
            -90.5111493,14.627147,0
            -90.5111423,14.627099,0
            -90.5111363,14.627051,0
            -90.5111333,14.627003,0
            -90.5111313,14.626955,0
            -90.5111303,14.626907,0
            -90.5111323,14.626859,0
            -90.5111353,14.626811,0
            -90.5111403,14.626763,0
            -90.5111463,14.626715,0
            -90.5111543,14.626667,0
            -90.5113993,14.625358,0
            -90.5114073,14.625299,0
            -90.5114133,14.62524,0
            -90.5114173,14.625181,0
            -90.5114193,14.625122,0
            -90.5114203,14.625063,0
            -90.5114203,14.625059,0
            -90.5114203,14.625055,0
            -90.5114193,14.625051,0
            -90.5114193,14.625047,0
            -90.5114183,14.625043,0
            -90.5114173,14.625039,0
            -90.5114163,14.625035,0
            -90.5114153,14.625031,0
            -90.5114143,14.625027,0
            -90.5114133,14.625023,0
            -90.5114113,14.62502,0
            -90.5114103,14.625016,0
            -90.5114083,14.625012,0
            -90.5114063,14.625008,0
            -90.5114043,14.625005,0
            -90.5114023,14.625001,0
            -90.5113993,14.624998,0
            -90.5113953,14.624991,0
            -90.5113913,14.624984,0
            -90.5113873,14.624977,0
            -90.5113833,14.62497,0
            -90.5113803,14.624963,0
            -90.5113763,14.624955,0
            -90.5113733,14.624948,0
            -90.5113713,14.62494,0
            -90.5113683,14.624933,0
            -90.5113663,14.624925,0
            -90.5113643,14.624917,0
            -90.5113633,14.624909,0
            -90.5113613,14.624901,0
            -90.5113603,14.624893,0
            -90.5113603,14.624885,0
            -90.5113593,14.624877,0
            -90.5113593,14.624869,0
            -90.5113593,14.624861,0
            -90.5113593,14.624853,0
            -90.5113603,14.624845,0
            -90.5113613,14.624837,0
            -90.5113623,14.62483,0
            -90.5113643,14.624822,0
            -90.5113663,14.624814,0
            -90.5113683,14.624806,0
            -90.5113703,14.624798,0
            -90.5113723,14.624791,0
            -90.5113753,14.624783,0
            -90.5113783,14.624776,0
            -90.5113823,14.624768,0
            -90.5113853,14.624761,0
            -90.5113893,14.624754,0
            -90.5113933,14.624747,0
            -90.5113983,14.62474,0
            -90.5114023,14.624734,0
            -90.5114073,14.624727,0
            -90.5114123,14.624721,0
            -90.5114183,14.624715,0
            -90.5114233,14.624709,0
            -90.5114293,14.624703,0
            -90.5114353,14.624698,0
            -90.5114413,14.624692,0
            -90.5114483,14.624686,0
            -90.5114563,14.624679,0
            -90.5114633,14.624672,0
            -90.5114693,14.624664,0
            -90.5114763,14.624657,0
            -90.5114823,14.624649,0
            -90.5114883,14.624641,0
            -90.5114943,14.624633,0
            -90.5114993,14.624625,0
            -90.5115043,14.624616,0
            -90.5115093,14.624608,0
            -90.5115143,14.624599,0
            -90.5115183,14.62459,0
            -90.5115223,14.624581,0
            -90.5115253,14.624571,0
            -90.5115293,14.624562,0
            -90.5115313,14.624553,0
            -90.5115343,14.624543,0
            -90.5115363,14.624534,0
            -90.5115953,14.624266,0
            -90.5116993,14.623664,0
            -90.5118643,14.622673,0
            -90.5120363,14.621843,0
            -90.5122103,14.621135,0
            -90.5122133,14.621121,0
            -90.5122163,14.621107,0
            -90.5122183,14.621092,0
            -90.5122203,14.621077,0
            -90.5122213,14.621063,0
            -90.5122223,14.621048,0
            -90.5122233,14.621033,0
            -90.5122223,14.621019,0
            -90.5122223,14.621004,0
            -90.5122213,14.620989,0
            -90.5122193,14.620975,0
            -90.5122173,14.62096,0
            -90.5121103,14.620296,0
            -90.5119613,14.619444,0
            -90.5119583,14.619429,0
            -90.5119553,14.619413,0
            -90.5119513,14.619398,0
            -90.5119463,14.619383,0
            -90.5119413,14.619368,0
            -90.5119353,14.619353,0
            -90.5119293,14.619339,0
            -90.5119233,14.619325,0
            -90.5113223,14.618102,0
            -90.5113153,14.618088,0
            -90.5113093,14.618074,0
            -90.5113043,14.61806,0
            -90.5112993,14.618045,0
            -90.5112943,14.618031,0
            -90.5112903,14.618016,0
            -90.5112863,14.618001,0
            -90.5112833,14.617987,0
            -90.5112813,14.617972,0
            -90.5112793,14.617957,0
            -90.5112783,14.617941,0
            -90.5112773,14.617926,0
            -90.5112763,14.617911,0
            -90.5112763,14.617896,0
            -90.5112773,14.617881,0
            -90.5112783,14.617866,0
            -90.5112803,14.617851,0
            -90.5112823,14.617836,0
            -90.5112853,14.617821,0
            -90.5114083,14.617201,0
            -90.5115783,14.616249,0
            -90.5116103,14.616071,0
            -90.5117913,14.615071,0
            -90.5118243,14.614876,0
            -90.5120093,14.613858,0
            -90.5120393,14.61368,0
            -90.5122833,14.612352,0
            -90.5123183,14.612146,0
            -90.5124203,14.611462,0
            -90.5124363,14.611307,0
            -90.5125313,14.610609,0
            -90.5125563,14.610445,0
            -90.5126363,14.609913,0
            -90.5126653,14.609671,0
            -90.5129053,14.608043,0
            -90.5129243,14.607831,0
            -90.5130253,14.60719,0
            -90.5130503,14.607041,0
            -90.5131003,14.606725,0
            -90.5131273,14.606562,0
            -90.5131553,14.60638,0
            -90.5131923,14.606124,0
            -90.5131923,14.606121,0
            -90.5131933,14.606118,0
            -90.5131943,14.606115,0
            -90.5131953,14.606112,0
            -90.5131963,14.606109,0
            -90.5131973,14.606106,0
            -90.5131983,14.606103,0
            -90.5131993,14.6061,0
            -90.5132003,14.606097,0
            -90.5132023,14.606094,0
            -90.5132033,14.606092,0
            -90.5132053,14.606089,0
            -90.5132073,14.606086,0
            -90.5132093,14.606084,0
            -90.5132113,14.606081,0
            -90.5132133,14.606079,0
            -90.5132153,14.606076,0
            -90.5132173,14.606074,0
            -90.5132193,14.606072,0
            -90.5132223,14.60607,0
            -90.5132243,14.606068,0
            -90.5132273,14.606066,0
            -90.5132293,14.606064,0
            -90.5132323,14.606062,0
            -90.5132353,14.60606,0
            -90.5132373,14.606059,0
            -90.5132403,14.606057,0
            -90.5132433,14.606056,0
            -90.5132463,14.606054,0
            -90.5132493,14.606053,0
            -90.5132523,14.606052,0
            -90.5132553,14.606051,0
            -90.5132583,14.60605,0
            -90.5132613,14.606049,0
            -90.5132643,14.606049,0
            -90.5132683,14.606048,0
            -90.5132713,14.606047,0
            -90.5132743,14.606047,0
            -90.5132773,14.606047,0
            -90.5132803,14.606047,0
            -90.5132843,14.606047,0
            -90.5132873,14.606047,0
            -90.5132903,14.606047,0
            -90.5132933,14.606047,0
            -90.5133653,14.606054,0
            -90.5133693,14.606055,0
            -90.5133723,14.606055,0
            -90.5133753,14.606055,0
            -90.5133783,14.606055,0
            -90.5133813,14.606055,0
            -90.5133853,14.606054,0
            -90.5133883,14.606054,0
            -90.5133913,14.606053,0
            -90.5133943,14.606053,0
            -90.5133973,14.606052,0
            -90.5134003,14.606051,0
            -90.5134033,14.60605,0
            -90.5134063,14.606049,0
            -90.5134093,14.606048,0
            -90.5134123,14.606047,0
            -90.5134153,14.606046,0
            -90.5134183,14.606044,0
            -90.5134213,14.606043,0
            -90.5134243,14.606041,0
            -90.5134263,14.60604,0
            -90.5134293,14.606038,0
            -90.5134323,14.606036,0
            -90.5134343,14.606034,0
            -90.5134373,14.606032,0
            -90.5134393,14.60603,0
            -90.5134413,14.606028,0
            -90.5134443,14.606025,0
            -90.5134463,14.606023,0
            -90.5134483,14.606021,0
            -90.5134503,14.606018,0
            -90.5134513,14.606015,0
            -90.5134533,14.606013,0
            -90.5134553,14.60601,0
            -90.5134573,14.606007,0
            -90.5134583,14.606005,0
            -90.5134593,14.606002,0
            -90.5134613,14.605999,0
            -90.5134623,14.605996,0
            -90.5134633,14.605993,0
            -90.5134643,14.60599,0
            -90.5134653,14.605987,0
            -90.5134653,14.605984,0
            -90.5134663,14.605981,0
            -90.5134673,14.605978,0
            -90.5135053,14.60573,0
            -90.5135063,14.605724,0
            -90.5135073,14.605718,0
            -90.5135093,14.605712,0
            -90.5135103,14.605706,0
            -90.5135123,14.6057,0
            -90.5135143,14.605694,0
            -90.5135173,14.605689,0
            -90.5135193,14.605683,0
            -90.5135223,14.605677,0
            -90.5135253,14.605672,0
            -90.5135283,14.605666,0
            -90.5135313,14.605661,0
            -90.5135343,14.605656,0
            -90.5135383,14.605651,0
            -90.5135423,14.605646,0
            -90.5135463,14.605641,0
            -90.5135503,14.605637,0
            -90.5135543,14.605632,0
            -90.5135593,14.605628,0
            -90.5136093,14.605579,0
            -90.5136143,14.605575,0
            -90.5136183,14.60557,0
            -90.5136223,14.605566,0
            -90.5136263,14.605561,0
            -90.5136303,14.605556,0
            -90.5136343,14.605551,0
            -90.5136373,14.605546,0
            -90.5136403,14.605541,0
            -90.5136433,14.605535,0
            -90.5136463,14.60553,0
            -90.5136493,14.605524,0
            -90.5136513,14.605518,0
            -90.5136543,14.605513,0
            -90.5136563,14.605507,0
            -90.5136583,14.605501,0
            -90.5136593,14.605495,0
            -90.5136613,14.605489,0
            -90.5136623,14.605483,0
            -90.5136633,14.605477,0
            -90.5137933,14.604634,0
            -90.5138163,14.604491,0
            -90.5139423,14.60368,0
            -90.5139423,14.603677,0
            -90.5139423,14.603674,0
            -90.5139433,14.603671,0
            -90.5139433,14.603668,0
            -90.5139433,14.603665,0
            -90.5139433,14.603662,0
            -90.5139423,14.603658,0
            -90.5139423,14.603655,0
            -90.5139413,14.603652,0
            -90.5139413,14.603649,0
            -90.5139403,14.603646,0
            -90.5139393,14.603643,0
            -90.5139393,14.60364,0
            -90.5139383,14.603637,0
            -90.5139373,14.603634,0
            -90.5139353,14.603631,0
            -90.5139343,14.603629,0
            -90.5139333,14.603626,0
            -90.5139313,14.603623,0
            -90.5139303,14.60362,0
            -90.5139283,14.603618,0
            -90.5139263,14.603615,0
            -90.5139243,14.603613,0
            -90.5139223,14.60361,0
            -90.5139203,14.603608,0
            -90.5139183,14.603605,0
            -90.5139163,14.603603,0
            -90.5139143,14.603601,0
            -90.5139113,14.603599,0
            -90.5139093,14.603597,0
            -90.5139063,14.603595,0
            -90.5139043,14.603593,0
            -90.5139013,14.603591,0
            -90.5138983,14.60359,0
            -90.5138963,14.603588,0
            -90.5138933,14.603587,0
            -90.5138903,14.603585,0
            -90.5138873,14.603584,0
            -90.5138843,14.603583,0
            -90.5138813,14.603582,0
            -90.5138783,14.603581,0
            -90.5138753,14.60358,0
            -90.5138723,14.603579,0
            -90.5138693,14.603578,0
            -90.5138663,14.603578,0
            -90.5138633,14.603577,0
            -90.5138603,14.603577,0
            -90.5131293,14.603503,0
            -90.5127983,14.603467,0
            -90.5123363,14.603421,0
            -90.5121993,14.603408,0
            -90.5118933,14.603377,0
            -90.5114903,14.603335,0
            -90.5113223,14.603319,0
            -90.5105523,14.603241,0
            -90.5105453,14.60324,0
            -90.5105393,14.60324,0
            -90.5105333,14.603238,0
            -90.5105263,14.603237,0
            -90.5105203,14.603235,0
            -90.5105143,14.603234,0
            -90.5105083,14.603231,0
            -90.5105023,14.603229,0
            -90.5104963,14.603227,0
            -90.5104903,14.603224,0
            -90.5104843,14.603221,0
            -90.5104793,14.603218,0
            -90.5104733,14.603215,0
            -90.5104683,14.603212,0
            -90.5104633,14.603208,0
            -90.5104573,14.603204,0
            -90.5104523,14.6032,0
            -90.5104473,14.603196,0
            -90.5104433,14.603192,0
            -90.5104383,14.603188,0
            -90.5104343,14.603183,0
            -90.5104293,14.603178,0
            -90.5104253,14.603174,0
            -90.5104213,14.603169,0
            -90.5104183,14.603163,0
            -90.5104143,14.603158,0
            -90.5104113,14.603153,0
            -90.5104083,14.603147,0
            -90.5104053,14.603142,0
            -90.5102133,14.602766,0
            -90.5100493,14.602443,0
            -90.5098243,14.602013,0
            -90.5096303,14.601637,0
            -90.5095223,14.601423,0
            -90.5094073,14.601202,0
            -90.5092573,14.600916,0
            -90.5092073,14.60082,0
            -90.5091063,14.600623,0
            -90.5089763,14.600384,0
            -90.5087603,14.599959,0
            -90.5085873,14.599617,0
            -90.5084233,14.59929,0
            -90.5082373,14.598931,0
            -90.5079293,14.598335,0
            -90.5078393,14.598148,0
            -90.5076353,14.597763,0
            -90.5074783,14.59747,0
            -90.5070523,14.596672,0
            -90.5066523,14.595972,0
            -90.5066483,14.595965,0
            -90.5066433,14.595958,0
            -90.5066383,14.595951,0
            -90.5066333,14.595944,0
            -90.5066283,14.595937,0
            -90.5066233,14.595931,0
            -90.5060373,14.595243,0
            -90.5059173,14.595103,0
            -90.5057683,14.594927,0
            -90.5053283,14.594405,0
            -90.5051733,14.594214,0
            -90.5048483,14.593826,0
            -90.5048353,14.593812,0
            -90.5048243,14.593797,0
            -90.5048133,14.593782,0
            -90.5048023,14.593767,0
            -90.5047923,14.593751,0
            -90.5047823,14.593736,0
            -90.5047733,14.593719,0
            -90.5047643,14.593703,0
            -90.5047563,14.593686,0
            -90.5045563,14.59318,0
            -90.5043193,14.592546,0
            -90.5041013,14.591995,0
            -90.5038703,14.591427,0
            -90.5037983,14.591257,0
            -90.5037323,14.591054,0
            -90.5036813,14.590897,0
            -90.5036533,14.590746,0
            -90.5036303,14.590593,0
            -90.5036203,14.590533,0
            -90.5036093,14.590474,0
            -90.5035963,14.590415,0
            -90.5035823,14.590356,0
            -90.5035653,14.590317,0
            -90.5035483,14.590278,0
            -90.5035293,14.59024,0
            -90.5035093,14.590202,0
            -90.5034873,14.590166,0
            -90.5034643,14.590129,0
            -90.5034403,14.590094,0
            -90.5032153,14.589735,0
            -90.5031123,14.58958,0
            -90.5029593,14.589317,0
            -90.5028223,14.589038,0
            -90.5025693,14.588474,0
            -90.5023763,14.588007,0
            -90.5022403,14.587729,0
            -90.5018783,14.586935,0
            -90.5018313,14.586819,0
            -90.5017333,14.586553,0
            -90.5017283,14.586539,0
            -90.5017223,14.586524,0
            -90.5017153,14.58651,0
            -90.5017083,14.586496,0
            -90.5017003,14.586483,0
            -90.5016923,14.586469,0
            -90.5016833,14.586456,0
            -90.5016743,14.586443,0
            -90.5016653,14.586431,0
            -90.5016553,14.586419,0
            -90.5016453,14.586407,0
            -90.5016343,14.586395,0
            -90.5016233,14.586384,0
            -90.5014703,14.586237,0
            -90.5013013,14.586074,0
            -90.5008033,14.585585,0
            -90.5006643,14.585458,0
            -90.5001643,14.584969,0
            -90.4995623,14.584226,0
            -90.4995573,14.584221,0
            -90.4995533,14.584215,0
            -90.4995503,14.58421,0
            -90.4995463,14.584204,0
            -90.4994463,14.584045,0
            -90.4993453,14.583895,0
            -90.4991633,14.583632,0
            -90.4988903,14.583215,0
            -90.4987763,14.583027,0
            -90.4986553,14.582802,0
            -90.4985783,14.582529,0
            -90.4985313,14.582273,0
            -90.4984753,14.582029,0
            -90.4984553,14.581986,0
            -90.4984333,14.581944,0
            -90.4984103,14.581903,0
            -90.4983863,14.581863,0
            -90.4983603,14.581823,0
            -90.4983333,14.581784,0
            -90.4981563,14.581589,0
            -90.4979903,14.58142,0
            -90.4977963,14.581194,0
            -90.4976573,14.581049,0
            -90.4975063,14.580905,0
            -90.4975043,14.580903,0
            -90.4975023,14.580901,0
            -90.4975003,14.580898,0
            -90.4974983,14.580896,0
            -90.4974963,14.580893,0
            -90.4974943,14.580891,0
            -90.4974923,14.580888,0
            -90.4974913,14.580885,0
            -90.4974893,14.580883,0
            -90.4974883,14.58088,0
            -90.4974863,14.580877,0
            -90.4974853,14.580874,0
            -90.4974843,14.580871,0
            -90.4974833,14.580868,0
            -90.4974823,14.580865,0
            -90.4974813,14.580862,0
            -90.4974813,14.580859,0
            -90.4974803,14.580856,0
            -90.4974793,14.580853,0
            -90.4974793,14.58085,0
            -90.4974793,14.580847,0
            -90.4974793,14.580844,0
            -90.4974783,14.580841,0
            -90.4974793,14.580838,0
            -90.4974793,14.580834,0
            -90.4974793,14.580831,0
            -90.4974793,14.580828,0
            -90.4974803,14.580825,0
            -90.4974803,14.580822,0
            -90.4974813,14.580819,0
            -90.4974823,14.580816,0
            -90.4974833,14.580813,0
            -90.4974843,14.58081,0
            -90.4974853,14.580807,0
            -90.4974863,14.580804,0
            -90.4974883,14.580802,0
            -90.4974893,14.580799,0
            -90.4974913,14.580796,0
            -90.4974923,14.580793,0
            -90.4974943,14.580791,0
            -90.4974963,14.580788,0
            -90.4974983,14.580786,0
            -90.4975003,14.580783,0
            -90.4975023,14.580781,0
            -90.4975043,14.580778,0
            -90.4975063,14.580776,0
            -90.4975083,14.580774,0
            -90.4975113,14.580772,0
            -90.4975133,14.58077,0
            -90.4975163,14.580768,0
            -90.4975183,14.580766,0
            -90.4975213,14.580765,0
            -90.4975243,14.580763,0
            -90.4982613,14.580335,0
            -90.4982683,14.580331,0
            -90.4982753,14.580328,0
            -90.4982823,14.580324,0
            -90.4982903,14.580321,0
            -90.4982973,14.580318,0
            -90.4983053,14.580316,0
            -90.4983123,14.580313,0
            -90.4983203,14.580311,0
            -90.4983283,14.580309,0
            -90.4983363,14.580308,0
            -90.4983443,14.580306,0
            -90.4983523,14.580305,0
            -90.4983603,14.580304,0
            -90.4983683,14.580304,0
            -90.4983763,14.580303,0
            -90.4983843,14.580303,0
            -90.4983923,14.580304,0
            -90.4984003,14.580304,0
            -90.4984083,14.580305,0
            -90.4984163,14.580306,0
            -90.4984233,14.580307,0
            -90.4984313,14.580309,0
            -90.4984393,14.580311,0
            -90.4984473,14.580313,0
            -90.4984543,14.580315,0
            -90.4984623,14.580318,0
            -90.4984693,14.580321,0
            -90.4984773,14.580324,0
            -90.4984843,14.580328,0
            -90.4987303,14.580448,0
            -90.4989463,14.580589,0
            -90.4992443,14.580816,0
            -90.4995953,14.581112,0
            -90.4997333,14.581213,0
            -90.4999753,14.581389,0
            -90.5001723,14.581501,0
            -90.5002943,14.581564,0
            -90.5009613,14.581846,0
            -90.5013653,14.582017,0
            -90.5014693,14.582064,0
            -90.5021303,14.58234,0
            -90.5023133,14.582416,0
            -90.5028803,14.582658,0
            -90.5030803,14.582743,0
            -90.5032603,14.582819,0
            -90.5033413,14.582854,0
            -90.5035193,14.582929,0
            -90.5035853,14.582958,0
            -90.5039423,14.583145,0
            -90.5042043,14.583302,0
            -90.5043323,14.583374,0
            -90.5046223,14.583542,0
            -90.5046253,14.583544,0
            -90.5046283,14.583545,0
            -90.5046313,14.583547,0
            -90.5046343,14.583548,0
            -90.5046373,14.583549,0
            -90.5046403,14.58355,0
            -90.5046433,14.583551,0
            -90.5046463,14.583552,0
            -90.5046493,14.583553,0
            -90.5046523,14.583553,0
            -90.5046553,14.583554,0
            -90.5046593,14.583554,0
            -90.5046623,14.583555,0
            -90.5046653,14.583555,0
            -90.5046683,14.583555,0
            -90.5046713,14.583555,0
            -90.5046743,14.583555,0
            -90.5046783,14.583555,0
            -90.5046813,14.583554,0
            -90.5046843,14.583554,0
            -90.5046873,14.583553,0
            -90.5046903,14.583553,0
            -90.5046933,14.583552,0
            -90.5046973,14.583551,0
            -90.5047003,14.58355,0
            -90.5047033,14.583549,0
            -90.5047063,14.583548,0
            -90.5047083,14.583547,0
            -90.5047113,14.583545,0
            -90.5047143,14.583544,0
            -90.5047173,14.583542,0
            -90.5047203,14.583541,0
            -90.5047223,14.583539,0
            -90.5047253,14.583537,0
            -90.5047283,14.583535,0
            -90.5047303,14.583533,0
            -90.5047323,14.583531,0
            -90.5047353,14.583529,0
            -90.5047373,14.583527,0
            -90.5047393,14.583525,0
            -90.5047413,14.583522,0
            -90.5047433,14.58352,0
            -90.5047453,14.583517,0
            -90.5047473,14.583515,0
            -90.5047493,14.583512,0
            -90.5047503,14.583509,0
            -90.5047523,14.583507,0
            -90.5047533,14.583504,0
            -90.5047553,14.583501,0
            -90.5047563,14.583498,0
            -90.5050483,14.582787,0
            -90.5051383,14.582522,0
            -90.5054753,14.581816,0
            -90.5054773,14.581812,0
            -90.5054793,14.581808,0
            -90.5054803,14.581804,0
            -90.5054823,14.581801,0
            -90.5056833,14.581193,0
            -90.5057983,14.580547,0
            -90.5057993,14.580544,0
            -90.5058003,14.580541,0
            -90.5058013,14.580538,0
            -90.5058013,14.580535,0
            -90.5058033,14.580532,0
            -90.5058043,14.580529,0
            -90.5058053,14.580526,0
            -90.5058063,14.580524,0
            -90.5058083,14.580521,0
            -90.5058093,14.580518,0
            -90.5058113,14.580515,0
            -90.5058133,14.580513,0
            -90.5058153,14.58051,0
            -90.5058173,14.580508,0
            -90.5058193,14.580505,0
            -90.5058213,14.580503,0
            -90.5058233,14.5805,0
            -90.5058253,14.580498,0
            -90.5058273,14.580496,0
            -90.5058303,14.580494,0
            -90.5058323,14.580492,0
            -90.5058353,14.58049,0
            -90.5058383,14.580488,0
            -90.5058403,14.580486,0
            -90.5058433,14.580485,0
            -90.5058463,14.580483,0
            -90.5058493,14.580482,0
            -90.5058523,14.580481,0
            -90.5058553,14.580479,0
            -90.5058583,14.580478,0
            -90.5058613,14.580477,0
            -90.5058643,14.580476,0
            -90.5058673,14.580475,0
            -90.5058703,14.580475,0
            -90.5058733,14.580474,0
            -90.5058773,14.580474,0
            -90.5058803,14.580473,0
            -90.5058833,14.580473,0
            -90.5058863,14.580473,0
            -90.5058893,14.580473,0
            -90.5058933,14.580473,0
            -90.5058963,14.580473,0
            -90.5059583,14.580477,0
            -90.5066783,14.580549,0
            -90.5071003,14.580662,0
            -90.5072343,14.580698,0
            -90.5081893,14.58092,0
            -90.5091763,14.581143,0
            -90.5092193,14.581141,0
            -90.5092483,14.581122,0
            -90.5092703,14.581093,0
            -90.5092793,14.581055,0
            -90.5094133,14.580453,0
            -90.5095123,14.579957,0
            -90.5095433,14.579819,0
            -90.5095623,14.579784,0
            -90.5095973,14.579763,0
            -90.5096363,14.579752,0
            -90.5096793,14.579755,0
            -90.5097183,14.579763,0
            -90.5097453,14.579786,0
            -90.5097593,14.579823,0
            -90.5097473,14.579859,0
            -90.5097063,14.579889,0
            -90.5096653,14.579902,0
            -90.5096363,14.579915,0
            -90.5096123,14.579927,0
            -90.5095903,14.579944,0
            -90.5095783,14.579972,0
            -90.5092733,14.581286,0
            -90.5092243,14.581524,0
            -90.5092073,14.5816,0
            -90.5091873,14.581675,0
            -90.5091653,14.58175,0
            -90.5091403,14.581824,0
            -90.5091123,14.581897,0
            -90.5090813,14.581969,0
            -90.5090493,14.582041,0
            -90.5085483,14.583075,0
            -90.5083783,14.583437,0
            -90.5083573,14.583491,0
            -90.5083383,14.583545,0
            -90.5083203,14.5836,0
            -90.5083053,14.583656,0
            -90.5082913,14.583712,0
            -90.5082793,14.583768,0
            -90.5082083,14.584063,0
            -90.5080193,14.584901,0
            -90.5080183,14.584904,0
            -90.5080183,14.584907,0
            -90.5080173,14.58491,0
            -90.5080163,14.584913,0
            -90.5080143,14.584916,0
            -90.5080133,14.584919,0
            -90.5080123,14.584922,0
            -90.5080103,14.584924,0
            -90.5080093,14.584927,0
            -90.5080073,14.58493,0
            -90.5080053,14.584932,0
            -90.5080033,14.584935,0
            -90.5080023,14.584937,0
            -90.5079993,14.58494,0
            -90.5079973,14.584942,0
            -90.5079953,14.584944,0
            -90.5079933,14.584947,0
            -90.5079913,14.584949,0
            -90.5079883,14.584951,0
            -90.5079863,14.584953,0
            -90.5079833,14.584955,0
            -90.5079803,14.584956,0
            -90.5079783,14.584958,0
            -90.5079753,14.58496,0
            -90.5079723,14.584961,0
            -90.5079693,14.584963,0
            -90.5079663,14.584964,0
            -90.5079633,14.584965,0
            -90.5079603,14.584966,0
            -90.5079573,14.584967,0
            -90.5079543,14.584968,0
            -90.5079513,14.584969,0
            -90.5079483,14.58497,0
            -90.5079453,14.58497,0
            -90.5079423,14.584971,0
            -90.5079393,14.584971,0
            -90.5079353,14.584972,0
            -90.5079323,14.584972,0
            -90.5079293,14.584972,0
            -90.5079263,14.584972,0
            -90.5079223,14.584972,0
            -90.5079193,14.584971,0
            -90.5079163,14.584971,0
            -90.5079133,14.584971,0
            -90.5079103,14.58497,0
            -90.5079073,14.584969,0
            -90.5079043,14.584968,0
            -90.5079003,14.584968,0
            -90.5078973,14.584967,0
            -90.5078943,14.584965,0
            -90.5054393,14.584016,0
            -90.5054253,14.58401,0
            -90.5054123,14.584004,0
            -90.5053983,14.583998,0
            -90.5053853,14.583991,0
            -90.5053723,14.583984,0
            -90.5047983,14.58365,0
            -90.5047953,14.583649,0
            -90.5047923,14.583647,0
            -90.5047903,14.583646,0
            -90.5047873,14.583645,0
            -90.5047843,14.583644,0
            -90.5047813,14.583642,0
            -90.5047773,14.583642,0
            -90.5047743,14.583641,0
            -90.5047713,14.58364,0
            -90.5047683,14.583639,0
            -90.5047653,14.583639,0
            -90.5047623,14.583638,0
            -90.5047583,14.583638,0
            -90.5047553,14.583638,0
            -90.5047523,14.583638,0
            -90.5047493,14.583638,0
            -90.5047453,14.583638,0
            -90.5047423,14.583638,0
            -90.5047393,14.583638,0
            -90.5047363,14.583639,0
            -90.5047333,14.583639,0
            -90.5047293,14.58364,0
            -90.5047263,14.583641,0
            -90.5047233,14.583642,0
            -90.5047203,14.583643,0
            -90.5047173,14.583644,0
            -90.5047143,14.583645,0
            -90.5047113,14.583646,0
            -90.5047083,14.583648,0
            -90.5047053,14.583649,0
            -90.5047023,14.583651,0
            -90.5047003,14.583652,0
            -90.5046973,14.583654,0
            -90.5046943,14.583656,0
            -90.5046923,14.583658,0
            -90.5046893,14.58366,0
            -90.5046873,14.583662,0
            -90.5046853,14.583664,0
            -90.5046823,14.583667,0
            -90.5046803,14.583669,0
            -90.5046783,14.583672,0
            -90.5046763,14.583674,0
            -90.5046743,14.583677,0
            -90.5046733,14.583679,0
            -90.5046713,14.583682,0
            -90.5046693,14.583685,0
            -90.5046683,14.583687,0
            -90.5046663,14.58369,0
            -90.5046653,14.583693,0
            -90.5041683,14.584854,0
            -90.5038593,14.585597,0
            -90.5037443,14.585906,0
            -90.5036243,14.586183,0
            -90.5034073,14.586736,0
            -90.5032023,14.587278,0
            -90.5027293,14.588511,0
            -90.5027263,14.588518,0
            -90.5027243,14.588526,0
            -90.5027223,14.588533,0
            -90.5027203,14.588541,0
            -90.5027183,14.588549,0
            -90.5027173,14.588556,0
            -90.5027163,14.588564,0
            -90.5027153,14.588572,0
            -90.5027153,14.588579,0
            -90.5027143,14.588587,0
            -90.5027143,14.588595,0
            -90.5027153,14.588603,0
            -90.5027153,14.58861,0
            -90.5027163,14.588618,0
            -90.5027173,14.588626,0
            -90.5027193,14.588633,0
            -90.5027203,14.588641,0
            -90.5027223,14.588648,0
            -90.5027243,14.588656,0
            -90.5027273,14.588663,0
            -90.5027303,14.588671,0
            -90.5027333,14.588678,0
            -90.5027363,14.588685,0
            -90.5030573,14.589362,0
            -90.5031693,14.589543,0
            -90.5032663,14.589705,0
            -90.5035933,14.590194,0
            -90.5036013,14.590207,0
            -90.5036093,14.59022,0
            -90.5036163,14.590233,0
            -90.5036223,14.590246,0
            -90.5036293,14.590259,0
            -90.5036353,14.590273,0
            -90.5036403,14.590286,0
            -90.5036453,14.5903,0
            -90.5036493,14.590315,0
            -90.5036533,14.590329,0
            -90.5037203,14.590581,0
            -90.5037643,14.590888,0
            -90.5037923,14.591042,0
            -90.5038563,14.591232,0
            -90.5039283,14.591404,0
            -90.5041623,14.591972,0
            -90.5042303,14.592139,0
            -90.5043143,14.59235,0
            -90.5043813,14.592523,0
            -90.5046243,14.593155,0
            -90.5048233,14.593652,0
            -90.5048323,14.593669,0
            -90.5048403,14.593686,0
            -90.5048503,14.593703,0
            -90.5048603,14.593719,0
            -90.5048703,14.593735,0
            -90.5048813,14.593751,0
            -90.5048923,14.593766,0
            -90.5049043,14.593781,0
            -90.5052293,14.594169,0
            -90.5053883,14.594356,0
            -90.5058303,14.594877,0
            -90.5059773,14.595054,0
            -90.5060973,14.595194,0
            -90.5067383,14.595937,0
            -90.5067663,14.595971,0
            -90.5067933,14.596005,0
            -90.5068183,14.59604,0
            -90.5068433,14.596075,0
            -90.5068663,14.596112,0
            -90.5068883,14.596149,0
            -90.5069093,14.596187,0
            -90.5075643,14.597422,0
            -90.5079723,14.598208,0
            -90.5081273,14.598506,0
            -90.5083483,14.598934,0
            -90.5087523,14.599721,0
            -90.5089693,14.600143,0
            -90.5095563,14.601278,0
            -90.5096463,14.601452,0
            -90.5104893,14.603087,0
            -90.5104963,14.6031,0
            -90.5105023,14.603114,0
            -90.5105083,14.603128,0
            -90.5105133,14.603142,0
            -90.5105183,14.603157,0
            -90.5105223,14.603171,0
            -90.5105263,14.603186,0
            -90.5105293,14.603201,0
            -90.5105323,14.603216,0
            -90.5105343,14.603231,0
            -90.5105363,14.603246,0
            -90.5105373,14.603261,0
            -90.5105383,14.603276,0
            -90.5105383,14.603291,0
            -90.5105383,14.603306,0
            -90.5105373,14.603321,0
            -90.5104793,14.604114,0
            -90.5104763,14.604256,0
            -90.5103723,14.605973,0
            -90.5103633,14.606769,0
            -90.5103543,14.60723,0
            -90.5103483,14.607584,0
            -90.5103263,14.609278,0
            -90.5103233,14.609484,0
            -90.5103263,14.610174,0
            -90.5103283,14.610345,0
            -90.5103253,14.610693,0
            -90.5103163,14.611451,0
            -90.5103093,14.611963,0
            -90.5103093,14.611989,0
            -90.5103103,14.612016,0
            -90.5103123,14.612042,0
            -90.5103143,14.612068,0
            -90.5103173,14.612094,0
            -90.5104863,14.613319,0
            -90.5105543,14.613719,0
            -90.5106103,14.614182,0
            -90.5106133,14.61421,0
            -90.5106153,14.614239,0
            -90.5106163,14.614267,0
            -90.5106163,14.614295,0
            -90.5106153,14.614324,0
            -90.5106133,14.614352,0
            -90.5106113,14.61438,0
            -90.5106073,14.614409,0
            -90.5103893,14.615974,0
            -90.5101913,14.617373,0
            -90.5101583,14.617569,0
            -90.5099473,14.619148,0
            -90.5099133,14.619385,0
            -90.5098373,14.619921,0
            -90.5097193,14.620994,0
            -90.5096233,14.621742,0
            -90.5095833,14.622022,0
            -90.5095053,14.622587,0
            -90.5094613,14.622897,0
            -90.5091393,14.625273,0
            -90.5090693,14.625764,0
            -90.5090073,14.626394,0
            -90.5089643,14.626872,0
            -90.5089633,14.626886,0
            -90.5089613,14.626901,0
            -90.5089063,14.627314,0
            -90.5089043,14.627328,0
            -90.5089013,14.627343,0
            -90.5088983,14.627357,0
            -90.5088943,14.627372,0
            -90.5088903,14.627386,0
            -90.5088143,14.627633,0
            -90.5088083,14.627653,0
            -90.5088033,14.627673,0
            -90.5087983,14.627693,0
            -90.5087943,14.627713,0
            -90.5087913,14.627733,0
            -90.5087423,14.628066,0
            -90.5087103,14.628244,0
            -90.5086633,14.62858,0
            -90.5086213,14.628871,0
            -90.5085993,14.629025,0
            -90.5085283,14.629517,0
            -90.5085073,14.629674,0
            -90.5084573,14.630024,0
            -90.5084403,14.630168,0
            -90.5083733,14.630665,0
            -90.5083533,14.630806,0
            -90.5082883,14.63127,0
            -90.5082693,14.631408,0
            -90.5081943,14.631954,0
            -90.5081793,14.632065,0
            -90.5080363,14.633129,0
            -90.5080143,14.633289,0
            -90.5079323,14.633887,0
            -90.5078673,14.634363,0
            -90.5078523,14.634473,0
            -90.5077853,14.634959,0
            -90.5077643,14.635108,0
            -90.5076993,14.635581,0
            -90.5076793,14.635729,0
            -90.5076153,14.636197,0
            -90.5075953,14.636338,0
            -90.5073793,14.637918,0
            -90.5073573,14.638077,0
            -90.5070653,14.640194,0
            -90.5070643,14.640196,0
            -90.5070643,14.640198,0
            -90.5070633,14.6402,0
            -90.5070633,14.640202,0
            -90.5070623,14.640205,0
            -90.5070613,14.640207,0
            -90.5070613,14.640209,0
            -90.5070603,14.640211,0
            -90.5070593,14.640213,0
            -90.5070583,14.640215,0
            -90.5070573,14.640217,0
            -90.5070563,14.640218,0
            -90.5070543,14.64022,0
            -90.5070533,14.640222,0
            -90.5070523,14.640224,0
            -90.5070513,14.640226,0
            -90.5070493,14.640227,0
            -90.5070483,14.640229,0
            -90.5070463,14.64023,0
            -90.5070443,14.640232,0
            -90.5070433,14.640233,0
            -90.5070413,14.640235,0
            -90.5070393,14.640236,0
            -90.5070373,14.640237,0
            -90.5070363,14.640239,0
            -90.5070343,14.64024,0
            -90.5070323,14.640241,0
            -90.5070303,14.640242,0
            -90.5070283,14.640243,0
            -90.5070263,14.640244,0
            -90.5070243,14.640245,0
            -90.5070213,14.640245,0
            -90.5070193,14.640246,0
            -90.5070173,14.640247,0
            -90.5070153,14.640247,0
            -90.5070133,14.640248,0
            -90.5070113,14.640248,0
            -90.5070083,14.640248,0
            -90.5070063,14.640248,0
            -90.5070043,14.640249,0
            -90.5070023,14.640249,0
            -90.5069993,14.640249,0
            -90.5069973,14.640249,0
            -90.5069953,14.640249,0
            -90.5069933,14.640248,0
            -90.5069913,14.640248,0
            -90.5052723,14.639995,0
            -90.5052703,14.639995,0
            -90.5052683,14.639995,0
            -90.5052653,14.639995,0
            -90.5052633,14.639995,0
            -90.5052613,14.639995,0
            -90.5052593,14.639995,0
            -90.5052563,14.639995,0
            -90.5052543,14.639995,0
            -90.5052523,14.639995,0
            -90.5052503,14.639996,0
            -90.5052483,14.639996,0
            -90.5052453,14.639997,0
            -90.5052433,14.639997,0
            -90.5052413,14.639998,0
            -90.5052393,14.639999,0
            -90.5052373,14.64,0
            -90.5052353,14.64,0
            -90.5052333,14.640001,0
            -90.5052313,14.640002,0
            -90.5052293,14.640003,0
            -90.5052273,14.640005,0
            -90.5052253,14.640006,0
            -90.5052243,14.640007,0
            -90.5052223,14.640008,0
            -90.5052203,14.64001,0
            -90.5052183,14.640011,0
            -90.5052173,14.640013,0
            -90.5052153,14.640014,0
            -90.5052143,14.640016,0
            -90.5052123,14.640018,0
            -90.5052113,14.640019,0
            -90.5052103,14.640021,0
            -90.5052083,14.640023,0
            -90.5052073,14.640025,0
            -90.5052063,14.640026,0
            -90.5052053,14.640028,0
            -90.5052043,14.64003,0
            -90.5052033,14.640032,0
            -90.5052023,14.640034,0
            -90.5052013,14.640036,0
            -90.5052013,14.640038,0
            -90.5052003,14.64004,0
            -90.5051993,14.640043,0
            -90.5051993,14.640045,0
            -90.5051983,14.640047,0
            -90.5051983,14.640049,0
            -90.5051023,14.640714,0
            -90.5050173,14.641315,0
            -90.5050073,14.641372,0
            -90.5049963,14.641429,0
            -90.5049833,14.641485,0
            -90.5049683,14.641541,0
            -90.5049513,14.641596,0
            -90.5049323,14.641651,0
            -90.5049113,14.641705,0
            -90.5048893,14.641758,0
            -90.5047883,14.641938,0
            -90.5047223,14.642056,0
            -90.5045633,14.642352,0
            -90.5039553,14.64345,0
            -90.5038743,14.643595,0
            -90.5030643,14.645058,0
            -90.5028963,14.645365,0
            -90.5028853,14.645384,0
            -90.5028743,14.645403,0
            -90.5028623,14.645421,0
            -90.5028493,14.645439,0
            -90.5028273,14.64547,0
            -90.5028063,14.645502,0
            -90.5027863,14.645535,0
            -90.5018913,14.647138,0
            -90.5017053,14.647469,0
            -90.5012303,14.648303,0
            -90.5011513,14.648441,0
            -90.5009643,14.648967,0
            -90.5007473,14.649737,0
            -90.5007103,14.649902,0
            -90.5006223,14.650258,0
            -90.5005813,14.650434,0
            -90.5005373,14.650625,0
            -90.5004613,14.650906,0
            -90.5000143,14.652769,0
            -90.5000073,14.652799,0
            -90.5000023,14.65283,0
            -90.4999973,14.65286,0
            -90.4999943,14.652891,0
            -90.4999913,14.652922,0
            -90.4999903,14.652953,0
            -90.4999763,14.653523,0
            -90.4999753,14.653705,0
            -90.4999703,14.654093,0
            -90.4999723,14.654254,0
            -90.4999663,14.654833,0
            -90.4999663,14.654836,0
            -90.4999663,14.654839,0
            -90.4999653,14.654842,0
            -90.4999653,14.654845,0
            -90.4999643,14.654848,0
            -90.4999643,14.654852,0
            -90.4999633,14.654855,0
            -90.4999623,14.654858,0
            -90.4999613,14.654861,0
            -90.4999603,14.654864,0
            -90.4999593,14.654866,0
            -90.4999573,14.654869,0
            -90.4999563,14.654872,0
            -90.4999553,14.654875,0
            -90.4999533,14.654878,0
            -90.4999513,14.65488,0
            -90.4999503,14.654883,0
            -90.4999483,14.654886,0
            -90.4999463,14.654888,0
            -90.4999443,14.65489,0
            -90.4999423,14.654893,0
            -90.4999393,14.654895,0
            -90.4999373,14.654897,0
            -90.4999353,14.654899,0
            -90.4999323,14.654901,0
            -90.4999303,14.654903,0
            -90.4999273,14.654905,0
            -90.4999243,14.654907,0
            -90.4999223,14.654909,0
            -90.4999193,14.65491,0
            -90.4999163,14.654912,0
            -90.4999133,14.654913,0
            -90.4999103,14.654915,0
            -90.4999073,14.654916,0
            -90.4999043,14.654917,0
            -90.4999013,14.654918,0
            -90.4998983,14.654919,0
            -90.4998953,14.65492,0
            -90.4998923,14.65492,0
            -90.4998893,14.654921,0
            -90.4998853,14.654921,0
            -90.4998823,14.654922,0
            -90.4998793,14.654922,0
            -90.4998763,14.654922,0
            -90.4998733,14.654922,0
            -90.4998693,14.654922,0
            -90.4998663,14.654922,0
            -90.4998633,14.654922,0
            -90.4998603,14.654921,0
            -90.4998573,14.654921,0
            -90.4998533,14.65492,0
            -90.4998503,14.654919,0
            -90.4998473,14.654919,0
            -90.4998443,14.654918,0
            -90.4990683,14.654668,0
            -90.4990443,14.65466,0
            -90.4990203,14.654651,0
            -90.4989963,14.654642,0
            -90.4989733,14.654632,0
            -90.4981683,14.654273,0
            -90.4976623,14.654064,0
            -90.4960223,14.653292,0
            -90.4950953,14.652879,0
            -90.4948293,14.652759,0
            -90.4946233,14.652668,0
            -90.4944313,14.65259,0
            -90.4942703,14.652521,0
            -90.4935713,14.652271,0
            -90.4933663,14.652209,0
            -90.4926753,14.651962,0
            -90.4924373,14.651881,0
            -90.4921003,14.651765,0
            -90.4920693,14.651754,0
            -90.4920393,14.651742,0
            -90.4920103,14.651729,0
            -90.4919813,14.651715,0
            -90.4919523,14.6517,0
            -90.4919243,14.651684,0
            -90.4918973,14.651667,0
            -90.4918703,14.651649,0
            -90.4918443,14.65163,0
            -90.4918183,14.65161,0
            -90.4916933,14.65151,0
            -90.4912373,14.651158,0
            -90.4911143,14.651061,0
            -90.4909173,14.650908,0
            -90.4909153,14.650906,0
            -90.4909133,14.650905,0
            -90.4909113,14.650904,0
            -90.4909093,14.650902,0
            -90.4909073,14.650901,0
            -90.4909053,14.6509,0
            -90.4909023,14.650899,0
            -90.4909003,14.650898,0
            -90.4908973,14.650897,0
            -90.4908953,14.650896,0
            -90.4908933,14.650895,0
            -90.4908903,14.650894,0
            -90.4908883,14.650894,0
            -90.4908853,14.650893,0
            -90.4908833,14.650893,0
            -90.4908803,14.650893,0
            -90.4908783,14.650892,0
            -90.4908753,14.650892,0
            -90.4908723,14.650892,0
            -90.4908703,14.650892,0
            -90.4908673,14.650892,0
            -90.4908653,14.650892,0
            -90.4908623,14.650893,0
            -90.4908603,14.650893,0
            -90.4908573,14.650893,0
            -90.4908553,14.650894,0
            -90.4908523,14.650894,0
            -90.4908503,14.650895,0
            -90.4908473,14.650896,0
            -90.4908453,14.650897,0
            -90.4908423,14.650898,0
            -90.4908403,14.650899,0
            -90.4908383,14.6509,0
            -90.4908353,14.650901,0
            -90.4908333,14.650902,0
            -90.4908313,14.650904,0
            -90.4908293,14.650905,0
            -90.4908273,14.650906,0
            -90.4908253,14.650908,0
            -90.4908233,14.65091,0
            -90.4908213,14.650911,0
            -90.4908193,14.650913,0
            -90.4908173,14.650915,0
            -90.4908153,14.650917,0
            -90.4908143,14.650918,0
            -90.4908123,14.65092,0
            -90.4908113,14.650922,0
            -90.4908093,14.650924,0
            -90.4908083,14.650927,0
            -90.4908073,14.650929,0
            -90.4908053,14.650931,0
            -90.4908043,14.650933,0
            -90.4908033,14.650935,0
            -90.4908023,14.650938,0
            -90.4906713,14.651261,0
            -90.4903453,14.652145,0
            -90.4899973,14.653037,0
            -90.4899543,14.653132,0
            -90.4899043,14.653246,0
            -90.4898573,14.653362,0
            -90.4896023,14.654019,0
            -90.4895363,14.654185,0
            -90.4892703,14.654823,0
            -90.4892113,14.654972,0
            -90.4891573,14.655123,0
            -90.4891533,14.655136,0
            -90.4888323,14.655948,0
            -90.4888313,14.65595,0
            -90.4888303,14.655951,0
            -90.4888303,14.655953,0
            -90.4888293,14.655954,0
            -90.4888283,14.655955,0
            -90.4888273,14.655957,0
            -90.4888263,14.655958,0
            -90.4888253,14.655959,0
            -90.4888243,14.655961,0
            -90.4888233,14.655962,0
            -90.4888223,14.655963,0
            -90.4888213,14.655964,0
            -90.4888203,14.655965,0
            -90.4888193,14.655966,0
            -90.4888173,14.655967,0
            -90.4888163,14.655968,0
            -90.4888153,14.655969,0
            -90.4888133,14.65597,0
            -90.4888123,14.655971,0
            -90.4888113,14.655972,0
            -90.4888093,14.655972,0
            -90.4888083,14.655973,0
            -90.4888063,14.655974,0
            -90.4888053,14.655974,0
            -90.4888033,14.655975,0
            -90.4888023,14.655975,0
            -90.4888003,14.655976,0
            -90.4887993,14.655976,0
            -90.4887973,14.655976,0
            -90.4887953,14.655977,0
            -90.4887943,14.655977,0
            -90.4887923,14.655977,0
            -90.4887913,14.655977,0
            -90.4887893,14.655977,0
            -90.4887873,14.655977,0
            -90.4887863,14.655977,0
            -90.4887843,14.655977,0
            -90.4887823,14.655977,0
            -90.4887813,14.655977,0
            -90.4887793,14.655976,0
            -90.4887783,14.655976,0
            -90.4887763,14.655976,0
            -90.4887753,14.655975,0
            -90.4887733,14.655975,0
            -90.4887723,14.655974,0
            -90.4883483,14.655814,0
            -90.4878933,14.655649,0
            -90.4878583,14.655636,0
            -90.4878563,14.655636,0
            -90.4878553,14.655635,0
            -90.4878533,14.655635,0
            -90.4878513,14.655635,0
            -90.4878503,14.655634,0
            -90.4878483,14.655634,0
            -90.4878473,14.655634,0
            -90.4878453,14.655634,0
            -90.4878433,14.655634,0
            -90.4878423,14.655634,0
            -90.4878403,14.655634,0
            -90.4878383,14.655634,0
            -90.4878373,14.655634,0
            -90.4878353,14.655634,0
            -90.4878343,14.655634,0
            -90.4878323,14.655634,0
            -90.4878313,14.655635,0
            -90.4878293,14.655635,0
            -90.4878273,14.655636,0
            -90.4878263,14.655636,0
            -90.4878243,14.655637,0
            -90.4878233,14.655637,0
            -90.4878213,14.655638,0
            -90.4878203,14.655639,0
            -90.4878183,14.655639,0
            -90.4878173,14.65564,0
            -90.4878163,14.655641,0
            -90.4878143,14.655642,0
            -90.4878133,14.655643,0
            -90.4878123,14.655644,0
            -90.4878113,14.655645,0
            -90.4878093,14.655646,0
            -90.4878083,14.655647,0
            -90.4878073,14.655648,0
            -90.4878063,14.655649,0
            -90.4878053,14.655651,0
            -90.4878043,14.655652,0
            -90.4878033,14.655653,0
            -90.4878023,14.655654,0
            -90.4878013,14.655656,0
            -90.4878013,14.655657,0
            -90.4878003,14.655659,0
            -90.4877993,14.65566,0
            -90.4877983,14.655661,0
            -90.4877983,14.655663,0
            -90.4876123,14.656148,0
            -90.4873393,14.656842,0
            -90.4872793,14.657,0
            -90.4868443,14.658116,0
            -90.4864533,14.659102,0
            -90.4864533,14.659104,0
            -90.4864523,14.659105,0
            -90.4864513,14.659107,0
            -90.4864503,14.659108,0
            -90.4864503,14.659109,0
            -90.4864493,14.659111,0
            -90.4864483,14.659112,0
            -90.4864473,14.659113,0
            -90.4864463,14.659114,0
            -90.4864453,14.659116,0
            -90.4864443,14.659117,0
            -90.4864433,14.659118,0
            -90.4864423,14.659119,0
            -90.4864413,14.65912,0
            -90.4864393,14.659121,0
            -90.4864383,14.659122,0
            -90.4864373,14.659123,0
            -90.4864363,14.659124,0
            -90.4864343,14.659125,0
            -90.4864333,14.659125,0
            -90.4864323,14.659126,0
            -90.4864303,14.659127,0
            -90.4864293,14.659128,0
            -90.4864273,14.659128,0
            -90.4864263,14.659129,0
            -90.4864243,14.659129,0
            -90.4864233,14.65913,0
            -90.4864213,14.65913,0
            -90.4864203,14.659131,0
            -90.4864183,14.659131,0
            -90.4864173,14.659131,0
            -90.4864153,14.659131,0
            -90.4864133,14.659131,0
            -90.4864123,14.659132,0
            -90.4864103,14.659132,0
            -90.4864093,14.659132,0
            -90.4864073,14.659132,0
            -90.4864053,14.659131,0
            -90.4864043,14.659131,0
            -90.4864023,14.659131,0
            -90.4864013,14.659131,0
            -90.4863993,14.65913,0
            -90.4863983,14.65913,0
            -90.4863963,14.65913,0
            -90.4863953,14.659129,0
            -90.4863933,14.659129,0
            -90.4858503,14.658927,0
            -90.4858483,14.658926,0
            -90.4858473,14.658926,0
            -90.4858453,14.658925,0
            -90.4858443,14.658924,0
            -90.4858423,14.658924,0
            -90.4858413,14.658923,0
            -90.4858403,14.658922,0
            -90.4858383,14.658921,0
            -90.4858373,14.65892,0
            -90.4858363,14.658919,0
            -90.4858353,14.658918,0
            -90.4858333,14.658917,0
            -90.4858323,14.658916,0
            -90.4858313,14.658915,0
            -90.4858303,14.658913,0
            -90.4858293,14.658912,0
            -90.4858283,14.658911,0
            -90.4858273,14.65891,0
            -90.4858263,14.658908,0
            -90.4858263,14.658907,0
            -90.4858253,14.658905,0
            -90.4858243,14.658904,0
            -90.4858243,14.658903,0
            -90.4858233,14.658901,0
            -90.4858223,14.6589,0
            -90.4858223,14.658898,0
            -90.4858213,14.658897,0
            -90.4858213,14.658895,0
            -90.4858213,14.658894,0
            -90.4858203,14.658892,0
            -90.4858203,14.65889,0
            -90.4858203,14.658889,0
            -90.4858203,14.658887,0
            -90.4858203,14.658886,0
            -90.4858203,14.658884,0
            -90.4858203,14.658883,0
            -90.4858203,14.658881,0
            -90.4858203,14.658879,0
            -90.4858203,14.658878,0
            -90.4858213,14.658876,0
            -90.4858213,14.658875,0
            -90.4858213,14.658873,0
            -90.4858223,14.658872,0
            -90.4858223,14.65887,0
            -90.4858233,14.658869,0
            -90.4862273,14.657836,0
            -90.4862273,14.657834,0
            -90.4862283,14.657833,0
            -90.4862293,14.657832,0
            -90.4862293,14.65783,0
            -90.4862303,14.657829,0
            -90.4862313,14.657828,0
            -90.4862323,14.657826,0
            -90.4862333,14.657825,0
            -90.4862343,14.657824,0
            -90.4862353,14.657823,0
            -90.4862363,14.657821,0
            -90.4862373,14.65782,0
            -90.4862383,14.657819,0
            -90.4862393,14.657818,0
            -90.4862403,14.657817,0
            -90.4862423,14.657816,0
            -90.4862433,14.657815,0
            -90.4862443,14.657814,0
            -90.4862463,14.657814,0
            -90.4862473,14.657813,0
            -90.4862483,14.657812,0
            -90.4862503,14.657811,0
            -90.4862513,14.657811,0
            -90.4862533,14.65781,0
            -90.4862543,14.65781,0
            -90.4862563,14.657809,0
            -90.4862573,14.657809,0
            -90.4862593,14.657808,0
            -90.4862603,14.657808,0
            -90.4862623,14.657808,0
            -90.4862633,14.657807,0
            -90.4862653,14.657807,0
            -90.4862673,14.657807,0
            -90.4862683,14.657807,0
            -90.4862703,14.657807,0
            -90.4862713,14.657807,0
            -90.4862733,14.657807,0
            -90.4862753,14.657807,0
            -90.4862763,14.657807,0
            -90.4862783,14.657807,0
            -90.4862793,14.657808,0
            -90.4862813,14.657808,0
            -90.4862823,14.657808,0
            -90.4862843,14.657809,0
            -90.4862853,14.657809,0
            -90.4862873,14.65781,0
            -90.4868083,14.658006,0
            -90.4868103,14.658006,0
            -90.4868113,14.658007,0
            -90.4868133,14.658007,0
            -90.4868143,14.658008,0
            -90.4868163,14.658008,0
            -90.4868173,14.658008,0
            -90.4868193,14.658009,0
            -90.4868213,14.658009,0
            -90.4868223,14.658009,0
            -90.4868243,14.658009,0
            -90.4868253,14.658009,0
            -90.4868273,14.658009,0
            -90.4868283,14.658009,0
            -90.4868303,14.658009,0
            -90.4868323,14.658008,0
            -90.4868333,14.658008,0
            -90.4868353,14.658008,0
            -90.4868363,14.658008,0
            -90.4868383,14.658007,0
            -90.4868393,14.658007,0
            -90.4868413,14.658006,0
            -90.4868423,14.658006,0
            -90.4868443,14.658005,0
            -90.4868453,14.658004,0
            -90.4868473,14.658004,0
            -90.4868483,14.658003,0
            -90.4868493,14.658002,0
            -90.4868513,14.658001,0
            -90.4868523,14.658,0
            -90.4868533,14.657999,0
            -90.4868553,14.657999,0
            -90.4868563,14.657997,0
            -90.4868573,14.657996,0
            -90.4868583,14.657995,0
            -90.4868593,14.657994,0
            -90.4868603,14.657993,0
            -90.4868613,14.657992,0
            -90.4868623,14.657991,0
            -90.4868633,14.657989,0
            -90.4868643,14.657988,0
            -90.4868653,14.657987,0
            -90.4868663,14.657985,0
            -90.4868663,14.657984,0
            -90.4868673,14.657983,0
            -90.4868683,14.657981,0
            -90.4868683,14.65798,0
            -90.4872533,14.65699,0
            -90.4873133,14.656833,0
            -90.4875863,14.656138,0
            -90.4878163,14.655544,0
            -90.4881443,14.654747,0
            -90.4882073,14.654587,0
            -90.4885133,14.653807,0
            -90.4885153,14.653804,0
            -90.4885163,14.653802,0
            -90.4885173,14.653799,0
            -90.4885193,14.653796,0
            -90.4885203,14.653793,0
            -90.4885223,14.653791,0
            -90.4885243,14.653788,0
            -90.4885263,14.653786,0
            -90.4885273,14.653783,0
            -90.4885303,14.653781,0
            -90.4885323,14.653779,0
            -90.4885343,14.653776,0
            -90.4885363,14.653774,0
            -90.4885383,14.653772,0
            -90.4885413,14.65377,0
            -90.4885433,14.653768,0
            -90.4885463,14.653766,0
            -90.4885483,14.653764,0
            -90.4885513,14.653763,0
            -90.4885543,14.653761,0
            -90.4885573,14.65376,0
            -90.4885593,14.653758,0
            -90.4885623,14.653757,0
            -90.4885653,14.653756,0
            -90.4885683,14.653755,0
            -90.4885713,14.653754,0
            -90.4885743,14.653753,0
            -90.4885773,14.653752,0
            -90.4885803,14.653751,0
            -90.4885843,14.653751,0
            -90.4885873,14.65375,0
            -90.4885903,14.65375,0
            -90.4885933,14.653749,0
            -90.4885963,14.653749,0
            -90.4885993,14.653749,0
            -90.4886033,14.653749,0
            -90.4886063,14.653749,0
            -90.4886093,14.65375,0
            -90.4886123,14.65375,0
            -90.4886153,14.65375,0
            -90.4886183,14.653751,0
            -90.4886213,14.653752,0
            -90.4886253,14.653752,0
            -90.4886283,14.653753,0
            -90.4886313,14.653754,0
            -90.4886343,14.653755,0
            -90.4894983,14.654082,0
            -90.4895003,14.654082,0
            -90.4895013,14.654083,0
            -90.4895033,14.654083,0
            -90.4895043,14.654084,0
            -90.4895063,14.654084,0
            -90.4895073,14.654084,0
            -90.4895093,14.654084,0
            -90.4895103,14.654085,0
            -90.4895123,14.654085,0
            -90.4895143,14.654085,0
            -90.4895153,14.654085,0
            -90.4895173,14.654085,0
            -90.4895183,14.654085,0
            -90.4895203,14.654085,0
            -90.4895223,14.654084,0
            -90.4895233,14.654084,0
            -90.4895253,14.654084,0
            -90.4895263,14.654083,0
            -90.4895283,14.654083,0
            -90.4895293,14.654083,0
            -90.4895313,14.654082,0
            -90.4895323,14.654082,0
            -90.4895343,14.654081,0
            -90.4895353,14.65408,0
            -90.4895373,14.65408,0
            -90.4895383,14.654079,0
            -90.4895393,14.654078,0
            -90.4895413,14.654077,0
            -90.4895423,14.654076,0
            -90.4895433,14.654075,0
            -90.4895453,14.654074,0
            -90.4895463,14.654073,0
            -90.4895473,14.654072,0
            -90.4895483,14.654071,0
            -90.4895493,14.65407,0
            -90.4895503,14.654069,0
            -90.4895513,14.654068,0
            -90.4895523,14.654066,0
            -90.4895533,14.654065,0
            -90.4895543,14.654064,0
            -90.4895553,14.654063,0
            -90.4895563,14.654061,0
            -90.4895563,14.65406,0
            -90.4895573,14.654058,0
            -90.4895583,14.654057,0
            -90.4895583,14.654056,0
            -90.4898763,14.653236,0
            -90.4899533,14.653021,0
            -90.4903053,14.652128,0
            -90.4906393,14.651249,0
            -90.4907513,14.650983,0
            -90.4909053,14.650563,0
            -90.4909063,14.650561,0
            -90.4909083,14.650558,0
            -90.4909093,14.650555,0
            -90.4909103,14.650552,0
            -90.4909123,14.650549,0
            -90.4909133,14.650547,0
            -90.4909153,14.650544,0
            -90.4909173,14.650541,0
            -90.4909193,14.650539,0
            -90.4909213,14.650537,0
            -90.4909233,14.650534,0
            -90.4909253,14.650532,0
            -90.4909273,14.65053,0
            -90.4909303,14.650528,0
            -90.4909323,14.650525,0
            -90.4909343,14.650523,0
            -90.4909373,14.650522,0
            -90.4909403,14.65052,0
            -90.4909423,14.650518,0
            -90.4909453,14.650516,0
            -90.4909483,14.650515,0
            -90.4909503,14.650513,0
            -90.4909533,14.650512,0
            -90.4909563,14.650511,0
            -90.4909593,14.65051,0
            -90.4909623,14.650509,0
            -90.4909653,14.650508,0
            -90.4909683,14.650507,0
            -90.4909713,14.650506,0
            -90.4909743,14.650505,0
            -90.4909783,14.650505,0
            -90.4909813,14.650504,0
            -90.4909843,14.650504,0
            -90.4909873,14.650504,0
            -90.4909903,14.650504,0
            -90.4909943,14.650504,0
            -90.4909973,14.650504,0
            -90.4910003,14.650504,0
            -90.4922843,14.650603,0
            -90.4923073,14.650606,0
            -90.4923313,14.650608,0
            -90.4923543,14.650612,0
            -90.4925773,14.650646,0
            -90.4946553,14.651012,0
            -90.4946623,14.651013,0
            -90.4946703,14.651014,0
            -90.4946783,14.651015,0
            -90.4946863,14.651015,0
            -90.4946943,14.651015,0
            -90.4947023,14.651015,0
            -90.4947103,14.651015,0
            -90.4947183,14.651014,0
            -90.4947263,14.651014,0
            -90.4947343,14.651012,0
            -90.4947423,14.651011,0
            -90.4947503,14.651009,0
            -90.4947573,14.651007,0
            -90.4947653,14.651005,0
            -90.4947733,14.651003,0
            -90.4947803,14.651,0
            -90.4947873,14.650997,0
            -90.4948843,14.650957,0
            -90.4948923,14.650954,0
            -90.4948993,14.650951,0
            -90.4949063,14.650949,0
            -90.4949133,14.650947,0
            -90.4949213,14.650945,0
            -90.4949283,14.650943,0
            -90.4949363,14.650942,0
            -90.4949443,14.65094,0
            -90.4949513,14.65094,0
            -90.4949593,14.650939,0
            -90.4949673,14.650938,0
            -90.4949743,14.650938,0
            -90.4949823,14.650938,0
            -90.4949903,14.650939,0
            -90.4949973,14.650939,0
            -90.4950053,14.65094,0
            -90.4950133,14.650941,0
            -90.4976413,14.651352,0
            -90.4982553,14.651448,0
            -90.4983833,14.651468,0
            -90.4988653,14.651542,0
            -90.4988683,14.651542,0
            -90.4988713,14.651543,0
            -90.4988743,14.651544,0
            -90.4988783,14.651544,0
            -90.4988813,14.651545,0
            -90.4988843,14.651546,0
            -90.4988873,14.651548,0
            -90.4988893,14.651549,0
            -90.4988923,14.65155,0
            -90.4988953,14.651552,0
            -90.4988983,14.651553,0
            -90.4989013,14.651555,0
            -90.4989033,14.651557,0
            -90.4989063,14.651558,0
            -90.4989083,14.65156,0
            -90.4989113,14.651562,0
            -90.4989133,14.651564,0
            -90.4989163,14.651566,0
            -90.4989183,14.651569,0
            -90.4989203,14.651571,0
            -90.4989223,14.651573,0
            -90.4989243,14.651576,0
            -90.4989263,14.651578,0
            -90.4989283,14.651581,0
            -90.4989293,14.651583,0
            -90.4989313,14.651586,0
            -90.4989333,14.651589,0
            -90.4989343,14.651592,0
            -90.4989353,14.651594,0
            -90.4989373,14.651597,0
            -90.4989383,14.6516,0
            -90.4989393,14.651603,0
            -90.4989403,14.651606,0
            -90.4989413,14.651609,0
            -90.4989413,14.651612,0
            -90.4989423,14.651615,0
            -90.4989423,14.651618,0
            -90.4989433,14.651621,0
            -90.4989433,14.651624,0
            -90.4989433,14.651627,0
            -90.4989433,14.651631,0
            -90.4989433,14.651634,0
            -90.4989433,14.651637,0
            -90.4989433,14.65164,0
            -90.4989433,14.651643,0
            -90.4989423,14.651646,0
            -90.4989423,14.651649,0
            -90.4989413,14.651652,0
            -90.4986993,14.652634,0
            -90.4986983,14.652636,0
            -90.4986983,14.652639,0
            -90.4986973,14.652641,0
            -90.4986973,14.652644,0
            -90.4986973,14.652646,0
            -90.4986973,14.652649,0
            -90.4986973,14.652651,0
            -90.4986973,14.652654,0
            -90.4986973,14.652656,0
            -90.4986973,14.652659,0
            -90.4986973,14.652661,0
            -90.4986983,14.652664,0
            -90.4986983,14.652666,0
            -90.4986993,14.652668,0
            -90.4987003,14.652671,0
            -90.4987003,14.652673,0
            -90.4987013,14.652676,0
            -90.4987023,14.652678,0
            -90.4987033,14.65268,0
            -90.4987043,14.652683,0
            -90.4987063,14.652685,0
            -90.4987073,14.652687,0
            -90.4987083,14.652689,0
            -90.4987103,14.652691,0
            -90.4987113,14.652693,0
            -90.4987133,14.652695,0
            -90.4987143,14.652697,0
            -90.4987163,14.652699,0
            -90.4987183,14.652701,0
            -90.4987203,14.652703,0
            -90.4987213,14.652704,0
            -90.4987233,14.652706,0
            -90.4987253,14.652708,0
            -90.4987273,14.652709,0
            -90.4987303,14.652711,0
            -90.4987323,14.652712,0
            -90.4987343,14.652713,0
            -90.4987363,14.652714,0
            -90.4987393,14.652716,0
            -90.4987413,14.652717,0
            -90.4987433,14.652718,0
            -90.4987463,14.652718,0
            -90.4987483,14.652719,0
            -90.4987513,14.65272,0
            -90.4987533,14.652721,0
            -90.4987563,14.652721,0
            -90.4987583,14.652722,0
            -90.4992183,14.6528,0
            -90.4992473,14.652805,0
            -90.4992753,14.652808,0
            -90.4993033,14.652811,0
            -90.4993323,14.652813,0
            -90.4998903,14.65284,0
            -90.5000963,14.652855,0
            -90.5002663,14.652868,0
            -90.5002743,14.652869,0
            -90.5002813,14.652869,0
            -90.5002893,14.652869,0
            -90.5002963,14.652868,0
            -90.5003043,14.652868,0
            -90.5003123,14.652867,0
            -90.5003193,14.652866,0
            -90.5003273,14.652865,0
            -90.5003343,14.652863,0
            -90.5003413,14.652862,0
            -90.5003493,14.65286,0
            -90.5003563,14.652858,0
            -90.5003633,14.652855,0
            -90.5003703,14.652853,0
            -90.5007363,14.65271,0
            -90.5007393,14.652709,0
            -90.5007423,14.652707,0
            -90.5007453,14.652706,0
            -90.5007483,14.652705,0
            -90.5007503,14.652703,0
            -90.5007533,14.652701,0
            -90.5007563,14.652699,0
            -90.5007583,14.652697,0
            -90.5007613,14.652696,0
            -90.5007633,14.652693,0
            -90.5007663,14.652691,0
            -90.5007683,14.652689,0
            -90.5007703,14.652687,0
            -90.5007723,14.652684,0
            -90.5007743,14.652682,0
            -90.5007763,14.652679,0
            -90.5007783,14.652677,0
            -90.5007803,14.652674,0
            -90.5007823,14.652672,0
            -90.5007833,14.652669,0
            -90.5007853,14.652666,0
            -90.5007863,14.652663,0
            -90.5007873,14.65266,0
            -90.5007893,14.652657,0
            -90.5007903,14.652654,0
            -90.5008813,14.652382,0
            -90.5009263,14.652247,0
            -90.5010323,14.651925,0
            -90.5010673,14.651778,0
            -90.5011493,14.65146,0
            -90.5011883,14.651294,0
            -90.5013583,14.650727,0
            -90.5014553,14.65048,0
            -90.5014983,14.650359,0
            -90.5016883,14.649901,0
            -90.5017443,14.649766,0
            -90.5018733,14.649477,0
            -90.5021903,14.648788,0
            -90.5022433,14.648657,0
            -90.5026043,14.647825,0
            -90.5028463,14.647092,0
            -90.5029443,14.646778,0
            -90.5029523,14.646752,0
            -90.5029623,14.646726,0
            -90.5029723,14.646701,0
            -90.5031043,14.646385,0
            -90.5034063,14.645762,0
            -90.5034533,14.64568,0
            -90.5037143,14.645206,0
            -90.5038943,14.644839,0
            -90.5039633,14.644692,0
            -90.5042233,14.644122,0
            -90.5042303,14.644109,0
            -90.5042373,14.644096,0
            -90.5042443,14.644082,0
            -90.5042523,14.64407,0
            -90.5042603,14.644057,0
            -90.5042693,14.644045,0
            -90.5042783,14.644033,0
            -90.5042873,14.644021,0
            -90.5042973,14.644009,0
            -90.5043083,14.643998,0
            -90.5051733,14.643093,0
            -90.5051933,14.643073,0
            -90.5052143,14.643054,0
            -90.5052353,14.643035,0
            -90.5052573,14.643016,0
            -90.5052793,14.642999,0
            -90.5056703,14.6427,0
            -90.5058253,14.642578,0
            -90.5058373,14.642568,0
            -90.5058493,14.642558,0
            -90.5058603,14.642548,0
            -90.5058703,14.642538,0
            -90.5058813,14.642527,0
            -90.5058913,14.642515,0
            -90.5059003,14.642504,0
            -90.5059103,14.642492,0
            -90.5059183,14.64248,0
            -90.5059273,14.642467,0
            -90.5059353,14.642455,0
            -90.5059423,14.642442,0
            -90.5060383,14.64227,0
            -90.5060403,14.642267,0
            -90.5060423,14.642264,0
            -90.5060433,14.642262,0
            -90.5060453,14.642259,0
            -90.5060473,14.642257,0
            -90.5060493,14.642254,0
            -90.5060523,14.642252,0
            -90.5060543,14.64225,0
            -90.5060563,14.642247,0
            -90.5060593,14.642245,0
            -90.5060613,14.642243,0
            -90.5060643,14.642241,0
            -90.5060663,14.642239,0
            -90.5060693,14.642237,0
            -90.5060723,14.642236,0
            -90.5060743,14.642234,0
            -90.5060773,14.642233,0
            -90.5060803,14.642231,0
            -90.5060833,14.64223,0
            -90.5060863,14.642229,0
            -90.5060893,14.642228,0
            -90.5060923,14.642227,0
            -90.5060953,14.642226,0
            -90.5060983,14.642225,0
            -90.5061023,14.642224,0
            -90.5061053,14.642224,0
            -90.5061083,14.642223,0
            -90.5061113,14.642223,0
            -90.5061153,14.642223,0
            -90.5061183,14.642223,0
            -90.5061213,14.642223,0
            -90.5061243,14.642223,0
            -90.5061283,14.642223,0
            -90.5061313,14.642223,0
            -90.5061343,14.642224,0
            -90.5067143,14.64231,0
            -90.5068623,14.642332,0
            -90.5073483,14.642406,0
            -90.5074543,14.642422,0
            -90.5079853,14.642502,0
            -90.5079873,14.642502,0
            -90.5079883,14.642502,0
            -90.5079903,14.642502,0
            -90.5079913,14.642502,0
            -90.5079933,14.642502,0
            -90.5079953,14.642502,0
            -90.5079963,14.642502,0
            -90.5079983,14.642502,0
            -90.5079993,14.642502,0
            -90.5080013,14.642502,0
            -90.5080033,14.642501,0
            -90.5080043,14.642501,0
            -90.5080063,14.642501,0
            -90.5080073,14.6425,0
            -90.5080093,14.6425,0
            -90.5080103,14.642499,0
            -90.5080123,14.642498,0
            -90.5080133,14.642498,0
            -90.5080143,14.642497,0
            -90.5080163,14.642496,0
            -90.5080173,14.642495,0
            -90.5080193,14.642494,0
            -90.5080203,14.642493,0
            -90.5080213,14.642493,0
            -90.5080223,14.642492,0
            -90.5080243,14.64249,0
            -90.5080253,14.642489,0
            -90.5080263,14.642488,0
            -90.5080273,14.642487,0
            -90.5080283,14.642486,0
            -90.5080293,14.642485,0
            -90.5080303,14.642483,0
            -90.5080313,14.642482,0
            -90.5080323,14.642481,0
            -90.5080323,14.642479,0
            -90.5080333,14.642478,0
            -90.5080343,14.642477,0
            -90.5080353,14.642475,0
            -90.5080353,14.642474,0
            -90.5080363,14.642472,0
            -90.5080363,14.642471,0
            -90.5080373,14.642469,0
            -90.5080373,14.642468,0
            -90.5080383,14.642466,0
            -90.5080383,14.642465,0
            -90.5080383,14.642463,0
            -90.5083043,14.640515,0
            -90.5084633,14.639447,0
            -90.5087393,14.637404,0
            -90.5090473,14.635147,0
            -90.5091123,14.634676,0
            -90.5095373,14.631492,0
            -90.5096883,14.630356,0
            -90.5098723,14.629022,0
            -90.5099653,14.62838,0
          </coordinates>
        </LineString>
      </Placemark>
    </Folder>
    <Folder>
      <name>Flecha</name>
      <Placemark>
        <name/>
        <description><![CDATA[descripción: <br>fid: ]]></description>
        <styleUrl>#line-FFEA00-4000</styleUrl>
        <ExtendedData>
          <Data name="descripción">
            <value/>
          </Data>
          <Data name="fid">
            <value/>
          </Data>
        </ExtendedData>
        <LineString>
          <tessellate>1</tessellate>
          <coordinates>
            -90.488317,14.655605,0
            -90.488447,14.655852,0
            -90.488183,14.65595,0
          </coordinates>
        </LineString>
      </Placemark>
      <Placemark>
        <name/>
        <description><![CDATA[descripción: <br>fid: ]]></description>
        <styleUrl>#line-FFEA00-4000</styleUrl>
        <ExtendedData>
          <Data name="descripción">
            <value/>
          </Data>
          <Data name="fid">
            <value/>
          </Data>
        </ExtendedData>
        <LineString>
          <tessellate>1</tessellate>
          <coordinates>
            -90.488954,14.655082,0
            -90.489212,14.654966,0
            -90.489302,14.655227,0
          </coordinates>
        </LineString>
      </Placemark>
      <Placemark>
        <name/>
        <description><![CDATA[descripción: <br>fid: ]]></description>
        <styleUrl>#line-FFEA00-4000</styleUrl>
        <ExtendedData>
          <Data name="descripción">
            <value/>
          </Data>
          <Data name="fid">
            <value/>
          </Data>
        </ExtendedData>
        <LineString>
          <tessellate>1</tessellate>
          <coordinates>
            -90.492743,14.651787,0
            -90.492873,14.652033,0
            -90.492608,14.652131,0
          </coordinates>
        </LineString>
      </Placemark>
      <Placemark>
        <name/>
        <description><![CDATA[descripción: <br>fid: ]]></description>
        <styleUrl>#line-FFEA00-4000</styleUrl>
        <ExtendedData>
          <Data name="descripción">
            <value/>
          </Data>
          <Data name="fid">
            <value/>
          </Data>
        </ExtendedData>
        <LineString>
          <tessellate>1</tessellate>
          <coordinates>
            -90.495622,14.652926,0
            -90.495752,14.653172,0
            -90.495488,14.65327,0
          </coordinates>
        </LineString>
      </Placemark>
      <Placemark>
        <name/>
        <description><![CDATA[descripción: <br>fid: ]]></description>
        <styleUrl>#line-FFEA00-4000</styleUrl>
        <ExtendedData>
          <Data name="descripción">
            <value/>
          </Data>
          <Data name="fid">
            <value/>
          </Data>
        </ExtendedData>
        <LineString>
          <tessellate>1</tessellate>
          <coordinates>
            -90.498677,14.654289,0
            -90.498781,14.654547,0
            -90.498508,14.654619,0
          </coordinates>
        </LineString>
      </Placemark>
      <Placemark>
        <name/>
        <description><![CDATA[descripción: <br>fid: ]]></description>
        <styleUrl>#line-FFEA00-4000</styleUrl>
        <ExtendedData>
          <Data name="descripción">
            <value/>
          </Data>
          <Data name="fid">
            <value/>
          </Data>
        </ExtendedData>
        <LineString>
          <tessellate>1</tessellate>
          <coordinates>
            -90.499775,14.6546,0
            -90.49997,14.654398,0
            -90.500154,14.654607,0
          </coordinates>
        </LineString>
      </Placemark>
      <Placemark>
        <name/>
        <description><![CDATA[descripción: <br>fid: ]]></description>
        <styleUrl>#line-FFEA00-4000</styleUrl>
        <ExtendedData>
          <Data name="descripción">
            <value/>
          </Data>
          <Data name="fid">
            <value/>
          </Data>
        </ExtendedData>
        <LineString>
          <tessellate>1</tessellate>
          <coordinates>
            -90.500357,14.650518,0
            -90.500596,14.650367,0
            -90.500724,14.650612,0
          </coordinates>
        </LineString>
      </Placemark>
      <Placemark>
        <name/>
        <description><![CDATA[descripción: <br>fid: ]]></description>
        <styleUrl>#line-FFEA00-4000</styleUrl>
        <ExtendedData>
          <Data name="descripción">
            <value/>
          </Data>
          <Data name="fid">
            <value/>
          </Data>
        </ExtendedData>
        <LineString>
          <tessellate>1</tessellate>
          <coordinates>
            -90.50393,14.643105,0
            -90.504197,14.643011,0
            -90.504264,14.643278,0
          </coordinates>
        </LineString>
      </Placemark>
      <Placemark>
        <name/>
        <description><![CDATA[descripción: <br>fid: ]]></description>
        <styleUrl>#line-FFEA00-4000</styleUrl>
        <ExtendedData>
          <Data name="descripción">
            <value/>
          </Data>
          <Data name="fid">
            <value/>
          </Data>
        </ExtendedData>
        <LineString>
          <tessellate>1</tessellate>
          <coordinates>
            -90.507122,14.638423,0
            -90.507334,14.638238,0
            -90.507499,14.638462,0
          </coordinates>
        </LineString>
      </Placemark>
      <Placemark>
        <name/>
        <description><![CDATA[descripción: <br>fid: ]]></description>
        <styleUrl>#line-FFEA00-4000</styleUrl>
        <ExtendedData>
          <Data name="descripción">
            <value/>
          </Data>
          <Data name="fid">
            <value/>
          </Data>
        </ExtendedData>
        <LineString>
          <tessellate>1</tessellate>
          <coordinates>
            -90.508454,14.628744,0
            -90.508665,14.628559,0
            -90.50883,14.628782,0
          </coordinates>
        </LineString>
      </Placemark>
      <Placemark>
        <name/>
        <description><![CDATA[descripción: <br>fid: ]]></description>
        <styleUrl>#line-FFEA00-4000</styleUrl>
        <ExtendedData>
          <Data name="descripción">
            <value/>
          </Data>
          <Data name="fid">
            <value/>
          </Data>
        </ExtendedData>
        <LineString>
          <tessellate>1</tessellate>
          <coordinates>
            -90.508879,14.625792,0
            -90.50909,14.625607,0
            -90.509256,14.62583,0
          </coordinates>
        </LineString>
      </Placemark>
      <Placemark>
        <name/>
        <description><![CDATA[descripción: <br>fid: ]]></description>
        <styleUrl>#line-FFEA00-4000</styleUrl>
        <ExtendedData>
          <Data name="descripción">
            <value/>
          </Data>
          <Data name="fid">
            <value/>
          </Data>
        </ExtendedData>
        <LineString>
          <tessellate>1</tessellate>
          <coordinates>
            -90.509536,14.620915,0
            -90.509747,14.62073,0
            -90.509912,14.620953,0
          </coordinates>
        </LineString>
      </Placemark>
      <Placemark>
        <name/>
        <description><![CDATA[descripción: <br>fid: ]]></description>
        <styleUrl>#line-FFEA00-4000</styleUrl>
        <ExtendedData>
          <Data name="descripción">
            <value/>
          </Data>
          <Data name="fid">
            <value/>
          </Data>
        </ExtendedData>
        <LineString>
          <tessellate>1</tessellate>
          <coordinates>
            -90.510057,14.617002,0
            -90.510269,14.616816,0
            -90.510434,14.61704,0
          </coordinates>
        </LineString>
      </Placemark>
      <Placemark>
        <name/>
        <description><![CDATA[descripción: <br>fid: ]]></description>
        <styleUrl>#line-FFEA00-4000</styleUrl>
        <ExtendedData>
          <Data name="descripción">
            <value/>
          </Data>
          <Data name="fid">
            <value/>
          </Data>
        </ExtendedData>
        <LineString>
          <tessellate>1</tessellate>
          <coordinates>
            -90.510122,14.608809,0
            -90.510334,14.608623,0
            -90.510499,14.608847,0
          </coordinates>
        </LineString>
      </Placemark>
      <Placemark>
        <name/>
        <description><![CDATA[descripción: <br>fid: ]]></description>
        <styleUrl>#line-FFEA00-4000</styleUrl>
        <ExtendedData>
          <Data name="descripción">
            <value/>
          </Data>
          <Data name="fid">
            <value/>
          </Data>
        </ExtendedData>
        <LineString>
          <tessellate>1</tessellate>
          <coordinates>
            -90.51031,14.603704,0
            -90.510522,14.603519,0
            -90.510687,14.603742,0
          </coordinates>
        </LineString>
      </Placemark>
      <Placemark>
        <name/>
        <description><![CDATA[descripción: <br>fid: ]]></description>
        <styleUrl>#line-FFEA00-4000</styleUrl>
        <ExtendedData>
          <Data name="descripción">
            <value/>
          </Data>
          <Data name="fid">
            <value/>
          </Data>
        </ExtendedData>
        <LineString>
          <tessellate>1</tessellate>
          <coordinates>
            -90.503339,14.586363,0
            -90.503598,14.586248,0
            -90.503687,14.586509,0
          </coordinates>
        </LineString>
      </Placemark>
      <Placemark>
        <name/>
        <description><![CDATA[descripción: <br>fid: ]]></description>
        <styleUrl>#line-FFEA00-4000</styleUrl>
        <ExtendedData>
          <Data name="descripción">
            <value/>
          </Data>
          <Data name="fid">
            <value/>
          </Data>
        </ExtendedData>
        <LineString>
          <tessellate>1</tessellate>
          <coordinates>
            -90.506329,14.584142,0
            -90.506432,14.5844,0
            -90.506159,14.584471,0
          </coordinates>
        </LineString>
      </Placemark>
      <Placemark>
        <name/>
        <description><![CDATA[descripción: <br>fid: ]]></description>
        <styleUrl>#line-FFEA00-4000</styleUrl>
        <ExtendedData>
          <Data name="descripción">
            <value/>
          </Data>
          <Data name="fid">
            <value/>
          </Data>
        </ExtendedData>
        <LineString>
          <tessellate>1</tessellate>
          <coordinates>
            -90.508347,14.583071,0
            -90.508605,14.582955,0
            -90.508695,14.583216,0
          </coordinates>
        </LineString>
      </Placemark>
      <Placemark>
        <name/>
        <description><![CDATA[descripción: <br>fid: ]]></description>
        <styleUrl>#line-FFEA00-4000</styleUrl>
        <ExtendedData>
          <Data name="descripción">
            <value/>
          </Data>
          <Data name="fid">
            <value/>
          </Data>
        </ExtendedData>
        <LineString>
          <tessellate>1</tessellate>
          <coordinates>
            -90.507762,14.581021,0
            -90.507611,14.580786,0
            -90.507866,14.580666,0
          </coordinates>
        </LineString>
      </Placemark>
      <Placemark>
        <name/>
        <description><![CDATA[descripción: <br>fid: ]]></description>
        <styleUrl>#line-FFEA00-4000</styleUrl>
        <ExtendedData>
          <Data name="descripción">
            <value/>
          </Data>
          <Data name="fid">
            <value/>
          </Data>
        </ExtendedData>
        <LineString>
          <tessellate>1</tessellate>
          <coordinates>
            -90.505717,14.581711,0
            -90.505464,14.581838,0
            -90.505363,14.58158,0
          </coordinates>
        </LineString>
      </Placemark>
      <Placemark>
        <name/>
        <description><![CDATA[descripción: <br>fid: ]]></description>
        <styleUrl>#line-FFEA00-4000</styleUrl>
        <ExtendedData>
          <Data name="descripción">
            <value/>
          </Data>
          <Data name="fid">
            <value/>
          </Data>
        </ExtendedData>
        <LineString>
          <tessellate>1</tessellate>
          <coordinates>
            -90.501696,14.582374,0
            -90.501592,14.582116,0
            -90.501865,14.582044,0
          </coordinates>
        </LineString>
      </Placemark>
      <Placemark>
        <name/>
        <description><![CDATA[descripción: <br>fid: ]]></description>
        <styleUrl>#line-FFEA00-4000</styleUrl>
        <ExtendedData>
          <Data name="descripción">
            <value/>
          </Data>
          <Data name="fid">
            <value/>
          </Data>
        </ExtendedData>
        <LineString>
          <tessellate>1</tessellate>
          <coordinates>
            -90.502121,14.587028,0
            -90.502041,14.587294,0
            -90.50178,14.587188,0
          </coordinates>
        </LineString>
      </Placemark>
      <Placemark>
        <name/>
        <description><![CDATA[descripción: <br>fid: ]]></description>
        <styleUrl>#line-FFEA00-4000</styleUrl>
        <ExtendedData>
          <Data name="descripción">
            <value/>
          </Data>
          <Data name="fid">
            <value/>
          </Data>
        </ExtendedData>
        <LineString>
          <tessellate>1</tessellate>
          <coordinates>
            -90.512968,14.603292,0
            -90.513149,14.603505,0
            -90.512913,14.603657,0
          </coordinates>
        </LineString>
      </Placemark>
      <Placemark>
        <name/>
        <description><![CDATA[descripción: <br>fid: ]]></description>
        <styleUrl>#line-FFEA00-4000</styleUrl>
        <ExtendedData>
          <Data name="descripción">
            <value/>
          </Data>
          <Data name="fid">
            <value/>
          </Data>
        </ExtendedData>
        <LineString>
          <tessellate>1</tessellate>
          <coordinates>
            -90.512876,14.609541,0
            -90.512658,14.609719,0
            -90.512501,14.609489,0
          </coordinates>
        </LineString>
      </Placemark>
      <Placemark>
        <name/>
        <description><![CDATA[descripción: <br>fid: ]]></description>
        <styleUrl>#line-FFEA00-4000</styleUrl>
        <ExtendedData>
          <Data name="descripción">
            <value/>
          </Data>
          <Data name="fid">
            <value/>
          </Data>
        </ExtendedData>
        <LineString>
          <tessellate>1</tessellate>
          <coordinates>
            -90.512286,14.613341,0
            -90.512068,14.613518,0
            -90.511911,14.613289,0
          </coordinates>
        </LineString>
      </Placemark>
      <Placemark>
        <name/>
        <description><![CDATA[descripción: <br>fid: ]]></description>
        <styleUrl>#line-FFEA00-4000</styleUrl>
        <ExtendedData>
          <Data name="descripción">
            <value/>
          </Data>
          <Data name="fid">
            <value/>
          </Data>
        </ExtendedData>
        <LineString>
          <tessellate>1</tessellate>
          <coordinates>
            -90.511983,14.623087,0
            -90.511765,14.623264,0
            -90.511608,14.623035,0
          </coordinates>
        </LineString>
      </Placemark>
      <Placemark>
        <name/>
        <description><![CDATA[descripción: <br>fid: ]]></description>
        <styleUrl>#line-FFEA00-4000</styleUrl>
        <ExtendedData>
          <Data name="descripción">
            <value/>
          </Data>
          <Data name="fid">
            <value/>
          </Data>
        </ExtendedData>
        <LineString>
          <tessellate>1</tessellate>
          <coordinates>
            -90.511464,14.625992,0
            -90.511246,14.62617,0
            -90.511089,14.625941,0
          </coordinates>
        </LineString>
      </Placemark>
      <Placemark>
        <name/>
        <description><![CDATA[descripción: <br>fid: ]]></description>
        <styleUrl>#line-FFEA00-4000</styleUrl>
        <ExtendedData>
          <Data name="descripción">
            <value/>
          </Data>
          <Data name="fid">
            <value/>
          </Data>
        </ExtendedData>
        <LineString>
          <tessellate>1</tessellate>
          <coordinates>
            -90.510119,14.628639,0
            -90.509901,14.628816,0
            -90.509744,14.628587,0
          </coordinates>
        </LineString>
      </Placemark>
      <Placemark>
        <name/>
        <description><![CDATA[descripción: <br>fid: ]]></description>
        <styleUrl>#line-FFEA00-4000</styleUrl>
        <ExtendedData>
          <Data name="descripción">
            <value/>
          </Data>
          <Data name="fid">
            <value/>
          </Data>
        </ExtendedData>
        <LineString>
          <tessellate>1</tessellate>
          <coordinates>
            -90.509303,14.634689,0
            -90.509085,14.634866,0
            -90.508928,14.634637,0
          </coordinates>
        </LineString>
      </Placemark>
      <Placemark>
        <name/>
        <description><![CDATA[descripción: <br>fid: ]]></description>
        <styleUrl>#line-FFEA00-4000</styleUrl>
        <ExtendedData>
          <Data name="descripción">
            <value/>
          </Data>
          <Data name="fid">
            <value/>
          </Data>
        </ExtendedData>
        <LineString>
          <tessellate>1</tessellate>
          <coordinates>
            -90.508784,14.638501,0
            -90.508566,14.638679,0
            -90.508409,14.63845,0
          </coordinates>
        </LineString>
      </Placemark>
      <Placemark>
        <name/>
        <description><![CDATA[descripción: <br>fid: ]]></description>
        <styleUrl>#line-FFEA00-4000</styleUrl>
        <ExtendedData>
          <Data name="descripción">
            <value/>
          </Data>
          <Data name="fid">
            <value/>
          </Data>
        </ExtendedData>
        <LineString>
          <tessellate>1</tessellate>
          <coordinates>
            -90.50831,14.641885,0
            -90.508092,14.642063,0
            -90.507935,14.641833,0
          </coordinates>
        </LineString>
      </Placemark>
      <Placemark>
        <name/>
        <description><![CDATA[descripción: <br>fid: ]]></description>
        <styleUrl>#line-FFEA00-4000</styleUrl>
        <ExtendedData>
          <Data name="descripción">
            <value/>
          </Data>
          <Data name="fid">
            <value/>
          </Data>
        </ExtendedData>
        <LineString>
          <tessellate>1</tessellate>
          <coordinates>
            -90.50773,14.642649,0
            -90.507549,14.642436,0
            -90.507784,14.642284,0
          </coordinates>
        </LineString>
      </Placemark>
      <Placemark>
        <name/>
        <description><![CDATA[descripción: <br>fid: ]]></description>
        <styleUrl>#line-FFEA00-4000</styleUrl>
        <ExtendedData>
          <Data name="descripción">
            <value/>
          </Data>
          <Data name="fid">
            <value/>
          </Data>
        </ExtendedData>
        <LineString>
          <tessellate>1</tessellate>
          <coordinates>
            -90.504965,14.643583,0
            -90.504681,14.643606,0
            -90.504688,14.643331,0
          </coordinates>
        </LineString>
      </Placemark>
      <Placemark>
        <name/>
        <description><![CDATA[descripción: <br>fid: ]]></description>
        <styleUrl>#line-FFEA00-4000</styleUrl>
        <ExtendedData>
          <Data name="descripción">
            <value/>
          </Data>
          <Data name="fid">
            <value/>
          </Data>
        </ExtendedData>
        <LineString>
          <tessellate>1</tessellate>
          <coordinates>
            -90.503423,14.646204,0
            -90.503151,14.646286,0
            -90.503098,14.646015,0
          </coordinates>
        </LineString>
      </Placemark>
      <Placemark>
        <name/>
        <description><![CDATA[descripción: <br>fid: ]]></description>
        <styleUrl>#line-FFEA00-4000</styleUrl>
        <ExtendedData>
          <Data name="descripción">
            <value/>
          </Data>
          <Data name="fid">
            <value/>
          </Data>
        </ExtendedData>
        <LineString>
          <tessellate>1</tessellate>
          <coordinates>
            -90.501639,14.650532,0
            -90.501385,14.650657,0
            -90.501286,14.650399,0
          </coordinates>
        </LineString>
      </Placemark>
      <Placemark>
        <name/>
        <description><![CDATA[descripción: <br>fid: ]]></description>
        <styleUrl>#line-FFEA00-4000</styleUrl>
        <ExtendedData>
          <Data name="descripción">
            <value/>
          </Data>
          <Data name="fid">
            <value/>
          </Data>
        </ExtendedData>
        <LineString>
          <tessellate>1</tessellate>
          <coordinates>
            -90.499162,14.652988,0
            -90.498997,14.652763,0
            -90.499244,14.652628,0
          </coordinates>
        </LineString>
      </Placemark>
      <Placemark>
        <name/>
        <description><![CDATA[descripción: <br>fid: ]]></description>
        <styleUrl>#line-FFEA00-4000</styleUrl>
        <ExtendedData>
          <Data name="descripción">
            <value/>
          </Data>
          <Data name="fid">
            <value/>
          </Data>
        </ExtendedData>
        <LineString>
          <tessellate>1</tessellate>
          <coordinates>
            -90.496326,14.651346,0
            -90.49616,14.651121,0
            -90.496407,14.650986,0
          </coordinates>
        </LineString>
      </Placemark>
      <Placemark>
        <name/>
        <description><![CDATA[descripción: <br>fid: ]]></description>
        <styleUrl>#line-FFEA00-4000</styleUrl>
        <ExtendedData>
          <Data name="descripción">
            <value/>
          </Data>
          <Data name="fid">
            <value/>
          </Data>
        </ExtendedData>
        <LineString>
          <tessellate>1</tessellate>
          <coordinates>
            -90.493057,14.650927,0
            -90.492891,14.650702,0
            -90.493138,14.650567,0
          </coordinates>
        </LineString>
      </Placemark>
      <Placemark>
        <name/>
        <description><![CDATA[descripción: <br>fid: ]]></description>
        <styleUrl>#line-FFEA00-4000</styleUrl>
        <ExtendedData>
          <Data name="descripción">
            <value/>
          </Data>
          <Data name="fid">
            <value/>
          </Data>
        </ExtendedData>
        <LineString>
          <tessellate>1</tessellate>
          <coordinates>
            -90.488367,14.654618,0
            -90.488132,14.654774,0
            -90.487999,14.654531,0
          </coordinates>
        </LineString>
      </Placemark>
      <Placemark>
        <name/>
        <description><![CDATA[descripción: <br>fid: ]]></description>
        <styleUrl>#line-FFEA00-4000</styleUrl>
        <ExtendedData>
          <Data name="descripción">
            <value/>
          </Data>
          <Data name="fid">
            <value/>
          </Data>
        </ExtendedData>
        <LineString>
          <tessellate>1</tessellate>
          <coordinates>
            -90.486227,14.65835,0
            -90.485975,14.658479,0
            -90.485871,14.658222,0
          </coordinates>
        </LineString>
      </Placemark>
      <Placemark>
        <name/>
        <description><![CDATA[descripción: <br>fid: ]]></description>
        <styleUrl>#line-FFEA00-4000</styleUrl>
        <ExtendedData>
          <Data name="descripción">
            <value/>
          </Data>
          <Data name="fid">
            <value/>
          </Data>
        </ExtendedData>
        <LineString>
          <tessellate>1</tessellate>
          <coordinates>
            -90.486434,14.658629,0
            -90.486689,14.658505,0
            -90.486787,14.658764,0
          </coordinates>
        </LineString>
      </Placemark>
      <Placemark>
        <name/>
        <description><![CDATA[descripción: <br>fid: ]]></description>
        <styleUrl>#line-FFEA00-4000</styleUrl>
        <ExtendedData>
          <Data name="descripción">
            <value/>
          </Data>
          <Data name="fid">
            <value/>
          </Data>
        </ExtendedData>
        <LineString>
          <tessellate>1</tessellate>
          <coordinates>
            -90.502245,14.646098,0
            -90.502516,14.646016,0
            -90.50257,14.646287,0
          </coordinates>
        </LineString>
      </Placemark>
      <Placemark>
        <name/>
        <description><![CDATA[descripción: <br>fid: ]]></description>
        <styleUrl>#line-FFEA00-4000</styleUrl>
        <ExtendedData>
          <Data name="descripción">
            <value/>
          </Data>
          <Data name="fid">
            <value/>
          </Data>
        </ExtendedData>
        <LineString>
          <tessellate>1</tessellate>
          <coordinates>
            -90.507633,14.634707,0
            -90.507844,14.634521,0
            -90.50801,14.634745,0
          </coordinates>
        </LineString>
      </Placemark>
      <Placemark>
        <name/>
        <description><![CDATA[descripción: <br>fid: ]]></description>
        <styleUrl>#line-FFEA00-4000</styleUrl>
        <ExtendedData>
          <Data name="descripción">
            <value/>
          </Data>
          <Data name="fid">
            <value/>
          </Data>
        </ExtendedData>
        <LineString>
          <tessellate>1</tessellate>
          <coordinates>
            -90.489158,14.654111,0
            -90.488987,14.653889,0
            -90.489231,14.653749,0
          </coordinates>
        </LineString>
      </Placemark>
    </Folder>
    <Folder>
      <name>Cercanía con Transmetro a minutos caminando</name>
      <Placemark>
        <name>Estación Colón de Líneas 6 y 18</name>
        <styleUrl>#icon-1899-DB4436-nodesc</styleUrl>
        <Point>
          <coordinates>
            -90.508342,14.639922,0
          </coordinates>
        </Point>
      </Placemark>
      <Placemark>
        <name>Hacia Estación Colón de Líneas 6 y 18</name>
        <styleUrl>#line-0F9D58-3000-nodesc</styleUrl>
        <LineString>
          <tessellate>1</tessellate>
          <coordinates>
            -90.507202,14.639829,0
            -90.507159,14.640154,0
            -90.507195,14.640214,0
            -90.508249,14.640362,0
            -90.508285,14.640346,0
            -90.508343,14.639963,0
          </coordinates>
        </LineString>
      </Placemark>
      <Placemark>
        <name>Estación Capuchinas de Líneas 6 y 18</name>
        <styleUrl>#icon-1899-DB4436-nodesc</styleUrl>
        <Point>
          <coordinates>
            -90.509932,14.638596,0
          </coordinates>
        </Point>
      </Placemark>
      <Placemark>
        <name>Hacia Estación Capuchinas de Líneas 6 y 18</name>
        <styleUrl>#line-0F9D58-3000-nodesc</styleUrl>
        <LineString>
          <tessellate>1</tessellate>
          <coordinates>
            -90.507201,14.639833,0
            -90.507159,14.640154,0
            -90.507157,14.640175,0
            -90.507213,14.640268,0
            -90.508249,14.640421,0
            -90.509526,14.64061,0
            -90.509631,14.64052,0
            -90.509897,14.638558,0
          </coordinates>
        </LineString>
      </Placemark>
      <Placemark>
        <name>Estación Plaza Barrios/FEGUA de Líneas 6 y 18</name>
        <styleUrl>#icon-1899-DB4436-nodesc</styleUrl>
        <Point>
          <coordinates>
            -90.511708,14.630518,0
          </coordinates>
        </Point>
      </Placemark>
      <Placemark>
        <name>Estación Plaza Barrios de Línea 12</name>
        <styleUrl>#icon-1899-DB4436-nodesc</styleUrl>
        <Point>
          <coordinates>
            -90.512246,14.630142,0
          </coordinates>
        </Point>
      </Placemark>
      <Placemark>
        <name>Hacia Estación Plaza Barrios / FEGUA de Líneas 6, 18 y Estación Plaza Barrios de Línea 12</name>
        <styleUrl>#line-0F9D58-3000-nodesc</styleUrl>
        <LineString>
          <tessellate>1</tessellate>
          <coordinates>
            -90.508544,14.629785,0
            -90.508523,14.629799,0
            -90.508487,14.63005,0
            -90.508523,14.630102,0
            -90.511661,14.630528,0
            -90.511708,14.630518,0
          </coordinates>
        </LineString>
      </Placemark>
      <Placemark>
        <name>Hacia Estación Plaza Barrios / FEGUA de Líneas 6, 18 y Estación Plaza Barrios de Línea 12</name>
        <styleUrl>#line-0F9D58-3000-nodesc</styleUrl>
        <LineString>
          <tessellate>1</tessellate>
          <coordinates>
            -90.509721,14.629992,0
            -90.509692,14.630184,0
            -90.509754,14.630251,0
            -90.511708,14.630518,0
          </coordinates>
        </LineString>
      </Placemark>
      <Placemark>
        <name>Estación IGSS Zona 6 de Línea 6</name>
        <styleUrl>#icon-1899-DB4436-nodesc</styleUrl>
        <Point>
          <coordinates>
            -90.497471,14.651574,0
          </coordinates>
        </Point>
      </Placemark>
      <Placemark>
        <name>Hacia Estación IGSS Zona 6 de Línea 6</name>
        <styleUrl>#line-0F9D58-3000-nodesc</styleUrl>
        <LineString>
          <tessellate>1</tessellate>
          <coordinates>
            -90.497391,14.651276,0
            -90.497541,14.651301,0
            -90.49755,14.65133,0
            -90.497481,14.651569,0
          </coordinates>
        </LineString>
      </Placemark>
      <Placemark>
        <name>Estación IGSS Zona 9 de Línea 13</name>
        <styleUrl>#icon-1899-DB4436-nodesc</styleUrl>
        <Point>
          <coordinates>
            -90.51834,14.604125,0
          </coordinates>
        </Point>
      </Placemark>
      <Placemark>
        <name>Hacia Estación IGSS Zona 9 de Línea 13</name>
        <styleUrl>#line-0F9D58-3000-nodesc</styleUrl>
        <LineString>
          <tessellate>1</tessellate>
          <coordinates>
            -90.513787,14.604486,0
            -90.513878,14.604431,0
            -90.513986,14.603708,0
            -90.514034,14.60367,0
            -90.515856,14.603912,0
            -90.516035,14.603801,0
            -90.516056,14.603791,0
            -90.516279,14.603822,0
            -90.516313,14.603804,0
            -90.516362,14.603511,0
            -90.516413,14.603482,0
            -90.51825,14.603795,0
            -90.518342,14.603818,0
            -90.518281,14.604204,0
          </coordinates>
        </LineString>
      </Placemark>
      <Placemark>
        <name>Estación 626 de Línea 13</name>
        <styleUrl>#icon-1899-DB4436-nodesc</styleUrl>
        <Point>
          <coordinates>
            -90.517367,14.609239,0
          </coordinates>
        </Point>
      </Placemark>
      <Placemark>
        <name>Hacia Estación 626 de Línea 13</name>
        <styleUrl>#line-0F9D58-3000-nodesc</styleUrl>
        <LineString>
          <tessellate>1</tessellate>
          <coordinates>
            -90.512912,14.607666,0
            -90.512897,14.607783,0
            -90.513018,14.60789,0
            -90.515459,14.608296,0
            -90.515407,14.608636,0
            -90.517236,14.608965,0
            -90.517358,14.60909,0
            -90.517318,14.609305,0
          </coordinates>
        </LineString>
      </Placemark>
      <Placemark>
        <name>Hacia Estación La Merced de Línea 7</name>
        <styleUrl>#line-0F9D58-3000-nodesc</styleUrl>
        <LineString>
          <tessellate>1</tessellate>
          <coordinates>
            -90.507197,14.639854,0
            -90.507157,14.640175,0
            -90.507213,14.640268,0
            -90.508294,14.640427,0
            -90.508251,14.640669,0
            -90.50821,14.64098,0
            -90.508103,14.641839,0
            -90.507942,14.643004,0
          </coordinates>
        </LineString>
      </Placemark>
      <Placemark>
        <name>Estación La Merced de Línea 7</name>
        <styleUrl>#icon-1899-DB4436-nodesc</styleUrl>
        <Point>
          <coordinates>
            -90.507926,14.643018,0
          </coordinates>
        </Point>
      </Placemark>
      <Placemark>
        <name>Hacia Estación La Merced de Línea 7</name>
        <styleUrl>#line-0F9D58-3000-nodesc</styleUrl>
        <LineString>
          <tessellate>1</tessellate>
          <coordinates>
            -90.507077,14.642336,0
            -90.508015,14.642471,0
            -90.507942,14.643004,0
          </coordinates>
        </LineString>
      </Placemark>
    </Folder>
  </Document>
</kml>
