<?xml version="1.0" encoding="UTF-8"?>
<kml xmlns="http://www.opengis.net/kml/2.2">
  <Document>
    <name>RUTA 801 - Sistema TuBus</name>
    <description><![CDATA[Parque Los Pinos, Z. 7 /<br>Terminal 4a av. y 4a calle, Z. 9]]></description>
    <Style id="icon-1899-DB4436-normal">
      <IconStyle>
        <color>ff3644db</color>
        <scale>1</scale>
        <Icon>
          <href>https://www.gstatic.com/mapspro/images/stock/503-wht-blank_maps.png</href>
        </Icon>
        <hotSpot x="32" xunits="pixels" y="64" yunits="insetPixels"/>
      </IconStyle>
      <LabelStyle>
        <scale>0</scale>
      </LabelStyle>
    </Style>
    <Style id="icon-1899-DB4436-highlight">
      <IconStyle>
        <color>ff3644db</color>
        <scale>1</scale>
        <Icon>
          <href>https://www.gstatic.com/mapspro/images/stock/503-wht-blank_maps.png</href>
        </Icon>
        <hotSpot x="32" xunits="pixels" y="64" yunits="insetPixels"/>
      </IconStyle>
      <LabelStyle>
        <scale>1</scale>
      </LabelStyle>
    </Style>
    <StyleMap id="icon-1899-DB4436">
      <Pair>
        <key>normal</key>
        <styleUrl>#icon-1899-DB4436-normal</styleUrl>
      </Pair>
      <Pair>
        <key>highlight</key>
        <styleUrl>#icon-1899-DB4436-highlight</styleUrl>
      </Pair>
    </StyleMap>
    <Style id="icon-1899-DB4436-nodesc-normal">
      <IconStyle>
        <color>ff3644db</color>
        <scale>1</scale>
        <Icon>
          <href>https://www.gstatic.com/mapspro/images/stock/503-wht-blank_maps.png</href>
        </Icon>
        <hotSpot x="32" xunits="pixels" y="64" yunits="insetPixels"/>
      </IconStyle>
      <LabelStyle>
        <scale>0</scale>
      </LabelStyle>
      <BalloonStyle>
        <text><![CDATA[<h3>$[name]</h3>]]></text>
      </BalloonStyle>
    </Style>
    <Style id="icon-1899-DB4436-nodesc-highlight">
      <IconStyle>
        <color>ff3644db</color>
        <scale>1</scale>
        <Icon>
          <href>https://www.gstatic.com/mapspro/images/stock/503-wht-blank_maps.png</href>
        </Icon>
        <hotSpot x="32" xunits="pixels" y="64" yunits="insetPixels"/>
      </IconStyle>
      <LabelStyle>
        <scale>1</scale>
      </LabelStyle>
      <BalloonStyle>
        <text><![CDATA[<h3>$[name]</h3>]]></text>
      </BalloonStyle>
    </Style>
    <StyleMap id="icon-1899-DB4436-nodesc">
      <Pair>
        <key>normal</key>
        <styleUrl>#icon-1899-DB4436-nodesc-normal</styleUrl>
      </Pair>
      <Pair>
        <key>highlight</key>
        <styleUrl>#icon-1899-DB4436-nodesc-highlight</styleUrl>
      </Pair>
    </StyleMap>
    <Style id="line-0F9D58-1969-nodesc-normal">
      <LineStyle>
        <color>ff589d0f</color>
        <width>1.969</width>
      </LineStyle>
      <BalloonStyle>
        <text><![CDATA[<h3>$[name]</h3>]]></text>
      </BalloonStyle>
    </Style>
    <Style id="line-0F9D58-1969-nodesc-highlight">
      <LineStyle>
        <color>ff589d0f</color>
        <width>2.9535</width>
      </LineStyle>
      <BalloonStyle>
        <text><![CDATA[<h3>$[name]</h3>]]></text>
      </BalloonStyle>
    </Style>
    <StyleMap id="line-0F9D58-1969-nodesc">
      <Pair>
        <key>normal</key>
        <styleUrl>#line-0F9D58-1969-nodesc-normal</styleUrl>
      </Pair>
      <Pair>
        <key>highlight</key>
        <styleUrl>#line-0F9D58-1969-nodesc-highlight</styleUrl>
      </Pair>
    </StyleMap>
    <Style id="line-0F9D58-2163-nodesc-normal">
      <LineStyle>
        <color>ff589d0f</color>
        <width>2.163</width>
      </LineStyle>
      <BalloonStyle>
        <text><![CDATA[<h3>$[name]</h3>]]></text>
      </BalloonStyle>
    </Style>
    <Style id="line-0F9D58-2163-nodesc-highlight">
      <LineStyle>
        <color>ff589d0f</color>
        <width>3.2445</width>
      </LineStyle>
      <BalloonStyle>
        <text><![CDATA[<h3>$[name]</h3>]]></text>
      </BalloonStyle>
    </Style>
    <StyleMap id="line-0F9D58-2163-nodesc">
      <Pair>
        <key>normal</key>
        <styleUrl>#line-0F9D58-2163-nodesc-normal</styleUrl>
      </Pair>
      <Pair>
        <key>highlight</key>
        <styleUrl>#line-0F9D58-2163-nodesc-highlight</styleUrl>
      </Pair>
    </StyleMap>
    <Style id="line-0F9D58-2356-nodesc-normal">
      <LineStyle>
        <color>ff589d0f</color>
        <width>2.356</width>
      </LineStyle>
      <BalloonStyle>
        <text><![CDATA[<h3>$[name]</h3>]]></text>
      </BalloonStyle>
    </Style>
    <Style id="line-0F9D58-2356-nodesc-highlight">
      <LineStyle>
        <color>ff589d0f</color>
        <width>3.534</width>
      </LineStyle>
      <BalloonStyle>
        <text><![CDATA[<h3>$[name]</h3>]]></text>
      </BalloonStyle>
    </Style>
    <StyleMap id="line-0F9D58-2356-nodesc">
      <Pair>
        <key>normal</key>
        <styleUrl>#line-0F9D58-2356-nodesc-normal</styleUrl>
      </Pair>
      <Pair>
        <key>highlight</key>
        <styleUrl>#line-0F9D58-2356-nodesc-highlight</styleUrl>
      </Pair>
    </StyleMap>
    <Style id="line-1A237E-2163-nodesc-normal">
      <LineStyle>
        <color>ff7e231a</color>
        <width>2.163</width>
      </LineStyle>
      <BalloonStyle>
        <text><![CDATA[<h3>$[name]</h3>]]></text>
      </BalloonStyle>
    </Style>
    <Style id="line-1A237E-2163-nodesc-highlight">
      <LineStyle>
        <color>ff7e231a</color>
        <width>3.2445</width>
      </LineStyle>
      <BalloonStyle>
        <text><![CDATA[<h3>$[name]</h3>]]></text>
      </BalloonStyle>
    </Style>
    <StyleMap id="line-1A237E-2163-nodesc">
      <Pair>
        <key>normal</key>
        <styleUrl>#line-1A237E-2163-nodesc-normal</styleUrl>
      </Pair>
      <Pair>
        <key>highlight</key>
        <styleUrl>#line-1A237E-2163-nodesc-highlight</styleUrl>
      </Pair>
    </StyleMap>
    <Style id="line-1A237E-3131-normal">
      <LineStyle>
        <color>ff7e231a</color>
        <width>3.131</width>
      </LineStyle>
    </Style>
    <Style id="line-1A237E-3131-highlight">
      <LineStyle>
        <color>ff7e231a</color>
        <width>4.6965</width>
      </LineStyle>
    </Style>
    <StyleMap id="line-1A237E-3131">
      <Pair>
        <key>normal</key>
        <styleUrl>#line-1A237E-3131-normal</styleUrl>
      </Pair>
      <Pair>
        <key>highlight</key>
        <styleUrl>#line-1A237E-3131-highlight</styleUrl>
      </Pair>
    </StyleMap>
    <Style id="line-1A237E-3325-normal">
      <LineStyle>
        <color>ff7e231a</color>
        <width>3.325</width>
      </LineStyle>
    </Style>
    <Style id="line-1A237E-3325-highlight">
      <LineStyle>
        <color>ff7e231a</color>
        <width>4.9875</width>
      </LineStyle>
    </Style>
    <StyleMap id="line-1A237E-3325">
      <Pair>
        <key>normal</key>
        <styleUrl>#line-1A237E-3325-normal</styleUrl>
      </Pair>
      <Pair>
        <key>highlight</key>
        <styleUrl>#line-1A237E-3325-highlight</styleUrl>
      </Pair>
    </StyleMap>
    <Style id="line-1A237E-3519-normal">
      <LineStyle>
        <color>ff7e231a</color>
        <width>3.519</width>
      </LineStyle>
    </Style>
    <Style id="line-1A237E-3519-highlight">
      <LineStyle>
        <color>ff7e231a</color>
        <width>5.2785</width>
      </LineStyle>
    </Style>
    <StyleMap id="line-1A237E-3519">
      <Pair>
        <key>normal</key>
        <styleUrl>#line-1A237E-3519-normal</styleUrl>
      </Pair>
      <Pair>
        <key>highlight</key>
        <styleUrl>#line-1A237E-3519-highlight</styleUrl>
      </Pair>
    </StyleMap>
    <Style id="line-1A237E-3713-normal">
      <LineStyle>
        <color>ff7e231a</color>
        <width>3.713</width>
      </LineStyle>
    </Style>
    <Style id="line-1A237E-3713-highlight">
      <LineStyle>
        <color>ff7e231a</color>
        <width>5.5695</width>
      </LineStyle>
    </Style>
    <StyleMap id="line-1A237E-3713">
      <Pair>
        <key>normal</key>
        <styleUrl>#line-1A237E-3713-normal</styleUrl>
      </Pair>
      <Pair>
        <key>highlight</key>
        <styleUrl>#line-1A237E-3713-highlight</styleUrl>
      </Pair>
    </StyleMap>
    <Folder>
      <name>Paradas Ruta 801</name>
      <Placemark>
        <name>Parada #063 / Parque Los Pinos</name>
        <description>33 avenida y 39 calle, Colonia El Amparo I, zona 7. Parada con dos rutas: 801 y 802.</description>
        <styleUrl>#icon-1899-DB4436</styleUrl>
        <Point>
          <coordinates>
            -90.528477,14.659797,0
          </coordinates>
        </Point>
      </Placemark>
      <Placemark>
        <name>Parada #064 / Col. Sakerty I</name>
        <description>33 avenida y 36 calle, Colonia Sakerty I, zona 7. Parada con dos rutas: 801 y 802.</description>
        <styleUrl>#icon-1899-DB4436</styleUrl>
        <Point>
          <coordinates>
            -90.529952,14.657044,0
          </coordinates>
        </Point>
      </Placemark>
      <Placemark>
        <name>Parada #065 / Col. Sakerty II</name>
        <description><![CDATA[33 avenida y 35 calle "A", zona 7. Parada con dos rutas: 801 y 802.]]></description>
        <styleUrl>#icon-1899-DB4436</styleUrl>
        <Point>
          <coordinates>
            -90.531066,14.654922,0
          </coordinates>
        </Point>
      </Placemark>
      <Placemark>
        <name>Parada #066 / Col. Banvi I</name>
        <description><![CDATA[33 avenida y 33 calle "A", Colonia Banvi I, frente al Parque Tecún Umán, zona 7. Parada con dos o más rutas: 801 y 802.]]></description>
        <styleUrl>#icon-1899-DB4436</styleUrl>
        <Point>
          <coordinates>
            -90.533102,14.651214,0
          </coordinates>
        </Point>
      </Placemark>
      <Placemark>
        <name>Parada #067 / Col. Bethania</name>
        <description>33 avenida y 31 calle, Colonia Bethania, zona 7. Parada con dos rutas: 801 y 802.</description>
        <styleUrl>#icon-1899-DB4436</styleUrl>
        <Point>
          <coordinates>
            -90.534145,14.649813,0
          </coordinates>
        </Point>
      </Placemark>
      <Placemark>
        <name>Parada #068 / Col. Bethania</name>
        <description>33 avenida y 26 calle, Colonia Bethania, zona 7. Parada con dos rutas: 801 y 802.</description>
        <styleUrl>#icon-1899-DB4436</styleUrl>
        <Point>
          <coordinates>
            -90.535628,14.647769,0
          </coordinates>
        </Point>
      </Placemark>
      <Placemark>
        <name>Parada #069 / Col. Kjell Laugerud</name>
        <description>33 avenida y 24 calle, Colonia Kjell Laugerud, zona 7. Cercanía con Transmetro a ±0 minutos caminando: Estación Bethania en dirección a USAC Periférico de Línea 7.</description>
        <styleUrl>#icon-1899-DB4436</styleUrl>
        <Point>
          <coordinates>
            -90.536846,14.646152,0
          </coordinates>
        </Point>
      </Placemark>
      <Placemark>
        <name>Parada #070 / Col. Niño Dormido</name>
        <description>Anillo Periférico y 22 calle, Colonia Niño Dormido, zona 7. Cercanía con Transmetro a ±1 minutos caminando: Estación 4 de Febrero en dirección a USAC Periférico de Línea 7.</description>
        <styleUrl>#icon-1899-DB4436</styleUrl>
        <Point>
          <coordinates>
            -90.539993,14.645051,0
          </coordinates>
        </Point>
      </Placemark>
      <Placemark>
        <name>Parada #071 / Col. El Incienso</name>
        <description>Anillo Periférico sur y 31 avenida, Colonia El Incienso, zona 7.</description>
        <styleUrl>#icon-1899-DB4436</styleUrl>
        <Point>
          <coordinates>
            -90.542134,14.643849,0
          </coordinates>
        </Point>
      </Placemark>
      <Placemark>
        <name>Parada #072 / Cond. Bosques de Linda Villa</name>
        <description>Anillo Periférico sur y 20 calle, Condominio Bosques de Linda Villa, zona 7. Cercanía con Transmetro a ±0 minutos caminando: Estación Villa Linda en dirección a USAC Periférico de Línea 7.</description>
        <styleUrl>#icon-1899-DB4436</styleUrl>
        <Point>
          <coordinates>
            -90.545315,14.6425,0
          </coordinates>
        </Point>
      </Placemark>
      <Placemark>
        <name>Parada #073 / Col. Ciudad de Plata II</name>
        <description>16 calle y diagonal 24, Colonia Ciudad de Plata II, zona 7.</description>
        <styleUrl>#icon-1899-DB4436</styleUrl>
        <Point>
          <coordinates>
            -90.54735,14.640516,0
          </coordinates>
        </Point>
      </Placemark>
      <Placemark>
        <name>Parada #074 / Col. Ciudad de Plata I</name>
        <description>Diagonal 24 y 14 calle, Colonia Ciudad de Plata I, zona 7.</description>
        <styleUrl>#icon-1899-DB4436</styleUrl>
        <Point>
          <coordinates>
            -90.546683,14.637743,0
          </coordinates>
        </Point>
      </Placemark>
      <Placemark>
        <name>Parada #075 / Col. Ciudad de Plata I</name>
        <description>Parque Kaminaljuyú, diagonal 24 y 13 calle, Colonia Ciudad de Plata I, zona 7.</description>
        <styleUrl>#icon-1899-DB4436</styleUrl>
        <Point>
          <coordinates>
            -90.547598,14.634277,0
          </coordinates>
        </Point>
      </Placemark>
      <Placemark>
        <name>Parada #076 / Col. Quinta Samayoa</name>
        <description>9ª calle y 14 avenida, Colonia Quinta Samayoa, zona 7.</description>
        <styleUrl>#icon-1899-DB4436</styleUrl>
        <Point>
          <coordinates>
            -90.545297,14.628732,0
          </coordinates>
        </Point>
      </Placemark>
      <Placemark>
        <name>Parada #077 / Col. Quinta Samayoa</name>
        <description>9ª calle y 12 avenida, Colonia Quinta Samayoa, zona 7.</description>
        <styleUrl>#icon-1899-DB4436</styleUrl>
        <Point>
          <coordinates>
            -90.543059,14.6259236,0
          </coordinates>
        </Point>
      </Placemark>
      <Placemark>
        <name>Parada #078 / 9ª Avenida</name>
        <description><![CDATA[9ª avenida y 6ª calle "A", zona 7.]]></description>
        <styleUrl>#icon-1899-DB4436</styleUrl>
        <Point>
          <coordinates>
            -90.5417077,14.6219794,0
          </coordinates>
        </Point>
      </Placemark>
      <Placemark>
        <name>Parada #079 / 9ª Avenida</name>
        <description>9ª avenida y 4ª calle, zona 7.</description>
        <styleUrl>#icon-1899-DB4436</styleUrl>
        <Point>
          <coordinates>
            -90.543529,14.620595,0
          </coordinates>
        </Point>
      </Placemark>
      <Placemark>
        <name>Parada #080 / Calz. San Juan</name>
        <description>Calzada San Juan y 11 avenida, zona 7.</description>
        <styleUrl>#icon-1899-DB4436</styleUrl>
        <Point>
          <coordinates>
            -90.543187,14.619092,0
          </coordinates>
        </Point>
      </Placemark>
      <Placemark>
        <name>Parada #081 / Calz. Roosevelt</name>
        <description>Pasarela Hosp. Roosevelt, 6ª avenida Colonia El Progreso, zona 11.</description>
        <styleUrl>#icon-1899-DB4436</styleUrl>
        <Point>
          <coordinates>
            -90.540316,14.61647,0
          </coordinates>
        </Point>
      </Placemark>
      <Placemark>
        <name>Parada #082 / Calz. Roosevelt</name>
        <description>Calzada Roosevelt, cuchilla antes del puente El Trébol, zona 11. Cercanía con Transmetro a ±4 minutos caminando: Estación Trébol de Línea 12.</description>
        <styleUrl>#icon-1899-DB4436</styleUrl>
        <Point>
          <coordinates>
            -90.535921,14.61384,0
          </coordinates>
        </Point>
      </Placemark>
      <Placemark>
        <name>Parada #083 / Blvr. Liberación</name>
        <description>Bulevar Liberación, después del puente Trébol, zona 12. Cercanía con Transmetro a ±7 minutos caminando: Estación Trébol de Línea 12.</description>
        <styleUrl>#icon-1899-DB4436</styleUrl>
        <Point>
          <coordinates>
            -90.534638,14.612177,0
          </coordinates>
        </Point>
      </Placemark>
      <Placemark>
        <name>Parada #084 / Blvr. Liberación</name>
        <description>Bulevar Liberación, antes de la pasarela IGSS Pamplona, zona 12. Parada con dos o más rutas: 402 y 801.</description>
        <styleUrl>#icon-1899-DB4436</styleUrl>
        <Point>
          <coordinates>
            -90.5320664,14.6086514,0
          </coordinates>
        </Point>
      </Placemark>
      <Placemark>
        <name>Parada #085 / Avenida La Castellana</name>
        <description>Avenida La Castellana y 9ª calle, Cantón Tívoli, zona 9.</description>
        <styleUrl>#icon-1899-DB4436</styleUrl>
        <Point>
          <coordinates>
            -90.527203,14.606431,0
          </coordinates>
        </Point>
      </Placemark>
      <Placemark>
        <name>Parada #086 / Avenida La Castellana</name>
        <description>Parque de la Industria, avenida La Castellana y 8ª calle, Cantón Guarda Viejo, zona 9.</description>
        <styleUrl>#icon-1899-DB4436</styleUrl>
        <Point>
          <coordinates>
            -90.526215,14.60854,0
          </coordinates>
        </Point>
      </Placemark>
      <Placemark>
        <name>Parada #087 / Terminal</name>
        <description>4ª avenida y 4ª calle, Cantón Tívoli, zona 9. Cercanía con Transmetro a ±5 y 7 minutos caminando: Estaciones Industria y Seis 26 de Línea 13.</description>
        <styleUrl>#icon-1899-DB4436</styleUrl>
        <Point>
          <coordinates>
            -90.5212,14.610788,0
          </coordinates>
        </Point>
      </Placemark>
      <Placemark>
        <name>Parada #088 / Cantón Tívoli</name>
        <description>5ª calle y 2ª avenida, Cantón Tívoli, zona 9.</description>
        <styleUrl>#icon-1899-DB4436</styleUrl>
        <Point>
          <coordinates>
            -90.523074,14.61083,0
          </coordinates>
        </Point>
      </Placemark>
      <Placemark>
        <name>Parada #089 / Avenida La Castellana</name>
        <description>Parque de la Industria, avenida la Castellana y 39 calle, Cantón Guarda Viejo, zona 8.</description>
        <styleUrl>#icon-1899-DB4436</styleUrl>
        <Point>
          <coordinates>
            -90.525858,14.609842,0
          </coordinates>
        </Point>
      </Placemark>
      <Placemark>
        <name>Parada #090 / Avenida La Castellana</name>
        <description>Avenida la Castellana y 41 calle, Cantón Guarda Viejo, zona 8.</description>
        <styleUrl>#icon-1899-DB4436</styleUrl>
        <Point>
          <coordinates>
            -90.527709,14.60591,0
          </coordinates>
        </Point>
      </Placemark>
      <Placemark>
        <name>Parada #091 / Blvr. Liberación</name>
        <description>Bulevar Liberación y 11 avenida, zona 8.</description>
        <styleUrl>#icon-1899-DB4436</styleUrl>
        <Point>
          <coordinates>
            -90.5317791,14.6090215,0
          </coordinates>
        </Point>
      </Placemark>
      <Placemark>
        <name>Parada #092 / Blvr. Liberación</name>
        <description>Bulevar Liberación y 4ª avenida, zona 8. Cercanía con Transmetro a ±9 minutos caminando: Estación Trébol de Línea 12.</description>
        <styleUrl>#icon-1899-DB4436</styleUrl>
        <Point>
          <coordinates>
            -90.533961,14.612242,0
          </coordinates>
        </Point>
      </Placemark>
      <Placemark>
        <name>Parada #093 / Calz. Roosevelt</name>
        <description>Calzada Roosevelt, cuchilla Trébol, zona 8. Cercanía con Transmetro a ±5 minutos caminando: Estación Santa Cecilia de Línea 12.</description>
        <styleUrl>#icon-1899-DB4436</styleUrl>
        <Point>
          <coordinates>
            -90.535466,14.614043,0
          </coordinates>
        </Point>
      </Placemark>
      <Placemark>
        <name>Parada #094 / Calz. Roosevelt</name>
        <description>Pasarela Hosp. Roosevelt, 4ª avenida Colonia Landívar, zona 7.</description>
        <styleUrl>#icon-1899-DB4436</styleUrl>
        <Point>
          <coordinates>
            -90.538006,14.61589,0
          </coordinates>
        </Point>
      </Placemark>
      <Placemark>
        <name>Parada #095 / Col. Quinta Samayoa</name>
        <description>Calzada San Juan y 8ª avenida, Colonia Quinta Samayoa, zona 7.</description>
        <styleUrl>#icon-1899-DB4436</styleUrl>
        <Point>
          <coordinates>
            -90.5426927,14.6190266,0
          </coordinates>
        </Point>
      </Placemark>
      <Placemark>
        <name>Parada #096 / Col. Quinta Samayoa</name>
        <description>10 Avenida y 6ª calle, Colonia Quinta Samayoa, zona 7.</description>
        <styleUrl>#icon-1899-DB4436</styleUrl>
        <Point>
          <coordinates>
            -90.5436798,14.6222846,0
          </coordinates>
        </Point>
      </Placemark>
      <Placemark>
        <name>Parada #097 / Col. Quinta Samayoa</name>
        <description><![CDATA[10ª Avenida y 7ª calle "A", Colonia Quinta Samayoa, zona 7.]]></description>
        <styleUrl>#icon-1899-DB4436</styleUrl>
        <Point>
          <coordinates>
            -90.542322,14.623307,0
          </coordinates>
        </Point>
      </Placemark>
      <Placemark>
        <name>Parada #098 / Col. Castillo Lara</name>
        <description>9ª calle y Calle de La Verbena, Colonia Castillo Lara, zona 7.</description>
        <styleUrl>#icon-1899-DB4436</styleUrl>
        <Point>
          <coordinates>
            -90.542945,14.626064,0
          </coordinates>
        </Point>
      </Placemark>
      <Placemark>
        <name>Parada #099 / Col. Quinta Samayoa</name>
        <description>9ª calle y 15 avenida, Colonia Quinta Samayoa, zona 7.</description>
        <styleUrl>#icon-1899-DB4436</styleUrl>
        <Point>
          <coordinates>
            -90.545939,14.629781,0
          </coordinates>
        </Point>
      </Placemark>
      <Placemark>
        <name>Parada #100 / Col. Kaminal Juyú II</name>
        <description>Diagonal 24 y 13 calle, Colonia Kaminal Juyú II, zona 7.</description>
        <styleUrl>#icon-1899-DB4436</styleUrl>
        <Point>
          <coordinates>
            -90.547428,14.63451,0
          </coordinates>
        </Point>
      </Placemark>
      <Placemark>
        <name>Parada #101 / Col. Ciudad de Plata II</name>
        <description>Diagonal 24 y 14 calle, Colonia Ciudad de Plata II, zona 7.</description>
        <styleUrl>#icon-1899-DB4436</styleUrl>
        <Point>
          <coordinates>
            -90.546556,14.637737,0
          </coordinates>
        </Point>
      </Placemark>
      <Placemark>
        <name>Parada #102 / Col. Mario Julio Salazar</name>
        <description>31 avenida y 18 calle, Colonia Mario Julio Salazar, zona 7. Cercanía con Transmetro a ±0 minutos caminando: Estación Villa Linda en dirección a La Merced de Línea 7.</description>
        <styleUrl>#icon-1899-DB4436</styleUrl>
        <Point>
          <coordinates>
            -90.54621,14.640923,0
          </coordinates>
        </Point>
      </Placemark>
      <Placemark>
        <name>Parada #103 / Col. El Incienso</name>
        <description>Anillo Periférico y 21 calle, Colonia El Incienso, zona 7.</description>
        <styleUrl>#icon-1899-DB4436</styleUrl>
        <Point>
          <coordinates>
            -90.542633,14.643297,0
          </coordinates>
        </Point>
      </Placemark>
      <Placemark>
        <name>Parada #104 / Col. 4 de Febrero</name>
        <description>Anillo Periférico y 30 avenida, Colonia 4 de Febrero, zona 7. Cercanía con Transmetro a ±0 minutos caminando: Estación 4 de Febrero en dirección a La Merced de Línea 7.</description>
        <styleUrl>#icon-1899-DB4436</styleUrl>
        <Point>
          <coordinates>
            -90.539829,14.64477,0
          </coordinates>
        </Point>
      </Placemark>
      <Placemark>
        <name>Parada #105 / Alcaldía Auxiliar Z.7</name>
        <description>Alcaldía Auxiliar Z.7, 33 avenida y 26 calle, Colonia Bethania, zona 7. Parada con dos o más rutas: 801 y 802.</description>
        <styleUrl>#icon-1899-DB4436</styleUrl>
        <Point>
          <coordinates>
            -90.5358312,14.6473865,0
          </coordinates>
        </Point>
      </Placemark>
      <Placemark>
        <name>Parada #106 / Col. Bethania</name>
        <description>33 avenida y 30 calle, Colonia Bethania, zona 7. Parada con dos rutas: 801 y 802.</description>
        <styleUrl>#icon-1899-DB4436</styleUrl>
        <Point>
          <coordinates>
            -90.534113,14.649547,0
          </coordinates>
        </Point>
      </Placemark>
      <Placemark>
        <name>Parada #107 / Parque Tecún Umán</name>
        <description><![CDATA[Parque Tecún Umán, 33 avenida y 33 calle "A", zona 7. Parada con dos o más rutas: 801 y 802.]]></description>
        <styleUrl>#icon-1899-DB4436</styleUrl>
        <Point>
          <coordinates>
            -90.532673,14.65149,0
          </coordinates>
        </Point>
      </Placemark>
      <Placemark>
        <name>Parada #108 / Col. Sakerty II</name>
        <description><![CDATA[33 avenida y 35 calle "B", Colonia Sakerty II, zona 7. Parada con dos rutas: 801 y 802.]]></description>
        <styleUrl>#icon-1899-DB4436</styleUrl>
        <Point>
          <coordinates>
            -90.5307587,14.6550897,0
          </coordinates>
        </Point>
      </Placemark>
      <Placemark>
        <name>Parada #109 / Col. Sakerty I</name>
        <description><![CDATA[33 avenida y 36 calle "A", Colonia Sakerty I, zona 7. Parada con dos rutas: 801 y 802.]]></description>
        <styleUrl>#icon-1899-DB4436</styleUrl>
        <Point>
          <coordinates>
            -90.529628,14.657175,0
          </coordinates>
        </Point>
      </Placemark>
      <Placemark>
        <name>Ruta 801</name>
        <styleUrl>#line-1A237E-2163-nodesc</styleUrl>
        <LineString>
          <tessellate>1</tessellate>
          <coordinates>
            -90.528292,14.659809,0
            -90.528359,14.659678,0
            -90.528998,14.658452,0
            -90.529861,14.656801,0
            -90.530585,14.65543,0
            -90.530833,14.654988,0
            -90.531096,14.654554,0
            -90.531114,14.654525,0
            -90.531131,14.654495,0
            -90.531146,14.654464,0
            -90.53116,14.654433,0
            -90.531174,14.654401,0
            -90.531186,14.654369,0
            -90.531196,14.654337,0
            -90.531206,14.654304,0
            -90.531215,14.654271,0
            -90.531222,14.654238,0
            -90.531228,14.654204,0
            -90.531242,14.654131,0
            -90.531257,14.654058,0
            -90.531275,14.653985,0
            -90.531296,14.653913,0
            -90.531318,14.653842,0
            -90.531336,14.653791,0
            -90.531356,14.653741,0
            -90.531378,14.653692,0
            -90.531401,14.653643,0
            -90.531426,14.653595,0
            -90.531452,14.653548,0
            -90.532211,14.652264,0
            -90.532672,14.651525,0
            -90.532686,14.651504,0
            -90.5327,14.651483,0
            -90.532715,14.651463,0
            -90.532987,14.651099,0
            -90.533091,14.650961,0
            -90.533484,14.650436,0
            -90.533632,14.650236,0
            -90.534007,14.649735,0
            -90.534135,14.649562,0
            -90.534522,14.649042,0
            -90.534646,14.648878,0
            -90.535007,14.648392,0
            -90.535551,14.647651,0
            -90.535562,14.647635,0
            -90.535574,14.64762,0
            -90.535587,14.647604,0
            -90.5356,14.647589,0
            -90.535614,14.647575,0
            -90.535628,14.647561,0
            -90.535642,14.647547,0
            -90.535657,14.647534,0
            -90.535673,14.647521,0
            -90.535689,14.647509,0
            -90.535705,14.647498,0
            -90.53583,14.647412,0
            -90.536305,14.6471,0
            -90.53632,14.647089,0
            -90.536335,14.647077,0
            -90.536349,14.647065,0
            -90.536363,14.647053,0
            -90.536377,14.64704,0
            -90.53639,14.647027,0
            -90.536403,14.647013,0
            -90.536415,14.646999,0
            -90.536426,14.646984,0
            -90.536438,14.646969,0
            -90.536448,14.646954,0
            -90.536459,14.646939,0
            -90.536468,14.646925,0
            -90.536485,14.646899,0
            -90.536501,14.646872,0
            -90.536517,14.646845,0
            -90.536531,14.646818,0
            -90.536545,14.64679,0
            -90.536557,14.646761,0
            -90.536569,14.646733,0
            -90.536579,14.646703,0
            -90.536589,14.646674,0
            -90.536598,14.646644,0
            -90.536605,14.646614,0
            -90.536612,14.646584,0
            -90.536617,14.646554,0
            -90.536645,14.646372,0
            -90.536678,14.646191,0
            -90.536717,14.646012,0
            -90.536761,14.645834,0
            -90.536811,14.645657,0
            -90.53682,14.645629,0
            -90.536829,14.645601,0
            -90.53684,14.645574,0
            -90.536852,14.645548,0
            -90.536864,14.645521,0
            -90.536878,14.645496,0
            -90.536892,14.64547,0
            -90.536908,14.645445,0
            -90.536924,14.645421,0
            -90.536941,14.645397,0
            -90.536959,14.645374,0
            -90.536978,14.645352,0
            -90.536998,14.64533,0
            -90.537016,14.645314,0
            -90.537035,14.645299,0
            -90.537055,14.645284,0
            -90.537075,14.64527,0
            -90.537096,14.645257,0
            -90.537116,14.645245,0
            -90.537138,14.645233,0
            -90.53716,14.645222,0
            -90.537182,14.645211,0
            -90.537204,14.645201,0
            -90.537227,14.645192,0
            -90.53725,14.645184,0
            -90.537274,14.645177,0
            -90.537362,14.645149,0
            -90.53745,14.645119,0
            -90.537529,14.64509,0
            -90.53761,14.645063,0
            -90.537692,14.645039,0
            -90.537774,14.645018,0
            -90.537857,14.644999,0
            -90.53794,14.644983,0
            -90.538349,14.644911,0
            -90.538356,14.64491,0
            -90.538364,14.644909,0
            -90.538371,14.644908,0
            -90.538379,14.644907,0
            -90.538386,14.644907,0
            -90.538394,14.644907,0
            -90.538401,14.644907,0
            -90.538408,14.644907,0
            -90.538416,14.644908,0
            -90.538423,14.644909,0
            -90.538431,14.64491,0
            -90.538438,14.644912,0
            -90.538445,14.644913,0
            -90.538452,14.644915,0
            -90.538459,14.644917,0
            -90.538466,14.64492,0
            -90.538473,14.644922,0
            -90.53848,14.644925,0
            -90.538487,14.644928,0
            -90.538494,14.644931,0
            -90.5385,14.644935,0
            -90.538506,14.644939,0
            -90.538513,14.644943,0
            -90.538519,14.644947,0
            -90.538525,14.644951,0
            -90.538531,14.644956,0
            -90.538536,14.64496,0
            -90.538542,14.644965,0
            -90.538547,14.64497,0
            -90.538552,14.644976,0
            -90.538557,14.644981,0
            -90.538562,14.644987,0
            -90.538566,14.644992,0
            -90.53857,14.644998,0
            -90.538579,14.64501,0
            -90.538587,14.645021,0
            -90.538596,14.645031,0
            -90.538605,14.645042,0
            -90.538615,14.645052,0
            -90.538625,14.645062,0
            -90.538635,14.645071,0
            -90.538646,14.64508,0
            -90.538657,14.645089,0
            -90.538668,14.645097,0
            -90.53868,14.645105,0
            -90.538691,14.645113,0
            -90.538703,14.64512,0
            -90.538716,14.645127,0
            -90.538728,14.645133,0
            -90.538745,14.645141,0
            -90.538762,14.645149,0
            -90.53878,14.645156,0
            -90.538797,14.645162,0
            -90.538815,14.645168,0
            -90.538833,14.645173,0
            -90.538852,14.645177,0
            -90.53887,14.645181,0
            -90.538888,14.645185,0
            -90.538907,14.645187,0
            -90.538926,14.645189,0
            -90.538944,14.645191,0
            -90.538963,14.645192,0
            -90.538982,14.645192,0
            -90.539001,14.645191,0
            -90.53902,14.64519,0
            -90.539038,14.645189,0
            -90.539057,14.645186,0
            -90.539076,14.645184,0
            -90.539094,14.64518,0
            -90.539112,14.645176,0
            -90.539131,14.645171,0
            -90.539203,14.64515,0
            -90.539275,14.645126,0
            -90.539346,14.6451,0
            -90.539416,14.645071,0
            -90.539485,14.64504,0
            -90.539553,14.645007,0
            -90.539619,14.644972,0
            -90.539684,14.644934,0
            -90.540484,14.644456,0
            -90.540946,14.644193,0
            -90.54178,14.64377,0
            -90.543245,14.643039,0
            -90.54354,14.642908,0
            -90.543963,14.642761,0
            -90.544538,14.642584,0
            -90.544615,14.642554,0
            -90.544691,14.642521,0
            -90.544766,14.642486,0
            -90.544839,14.642448,0
            -90.544911,14.642408,0
            -90.544982,14.642365,0
            -90.545051,14.64232,0
            -90.545119,14.642273,0
            -90.545184,14.642224,0
            -90.545248,14.642172,0
            -90.54531,14.642118,0
            -90.545616,14.641844,0
            -90.545848,14.641623,0
            -90.545859,14.641612,0
            -90.54587,14.641601,0
            -90.54588,14.64159,0
            -90.54589,14.641578,0
            -90.545899,14.641565,0
            -90.545908,14.641553,0
            -90.545917,14.64154,0
            -90.545925,14.641527,0
            -90.545933,14.641513,0
            -90.54594,14.6415,0
            -90.545947,14.641486,0
            -90.545953,14.641472,0
            -90.545959,14.641458,0
            -90.545964,14.641443,0
            -90.545968,14.641429,0
            -90.545973,14.641414,0
            -90.545976,14.641399,0
            -90.54598,14.641384,0
            -90.545987,14.641343,0
            -90.545991,14.641328,0
            -90.545994,14.641312,0
            -90.545999,14.641297,0
            -90.546004,14.641283,0
            -90.546009,14.641268,0
            -90.546015,14.641253,0
            -90.546021,14.641239,0
            -90.546028,14.641225,0
            -90.546035,14.641211,0
            -90.546043,14.641198,0
            -90.546052,14.641184,0
            -90.54606,14.641171,0
            -90.54607,14.641159,0
            -90.546426,14.640687,0
            -90.546432,14.640679,0
            -90.546437,14.640671,0
            -90.546582,14.640462,0
            -90.546586,14.640456,0
            -90.54659,14.64045,0
            -90.546594,14.640443,0
            -90.546598,14.640437,0
            -90.546602,14.64043,0
            -90.546605,14.640423,0
            -90.546608,14.640416,0
            -90.546611,14.640409,0
            -90.546613,14.640404,0
            -90.546615,14.640398,0
            -90.546617,14.640393,0
            -90.546618,14.640387,0
            -90.54662,14.640381,0
            -90.546621,14.640375,0
            -90.546622,14.64037,0
            -90.546623,14.640364,0
            -90.546623,14.640358,0
            -90.546623,14.640352,0
            -90.546624,14.640346,0
            -90.546626,14.640144,0
            -90.546651,14.639455,0
            -90.546619,14.637996,0
            -90.546614,14.637749,0
            -90.546614,14.637637,0
            -90.546617,14.637525,0
            -90.546624,14.637413,0
            -90.546635,14.637302,0
            -90.54664,14.637261,0
            -90.546647,14.63722,0
            -90.546655,14.63718,0
            -90.546664,14.63714,0
            -90.546675,14.6371,0
            -90.546687,14.637061,0
            -90.546701,14.637022,0
            -90.546716,14.636984,0
            -90.546732,14.636946,0
            -90.54675,14.636908,0
            -90.546768,14.636872,0
            -90.546981,14.636471,0
            -90.547189,14.636073,0
            -90.547214,14.636019,0
            -90.547236,14.635964,0
            -90.547256,14.635909,0
            -90.547275,14.635853,0
            -90.547291,14.635797,0
            -90.547306,14.63574,0
            -90.547398,14.635119,0
            -90.547421,14.634956,0
            -90.547458,14.634692,0
            -90.547482,14.634518,0
            -90.547531,14.634172,0
            -90.547566,14.633926,0
            -90.547601,14.633702,0
            -90.547629,14.633478,0
            -90.547636,14.633416,0
            -90.547642,14.633353,0
            -90.547645,14.63329,0
            -90.547646,14.633227,0
            -90.547645,14.633164,0
            -90.547642,14.633102,0
            -90.547637,14.633039,0
            -90.547619,14.63293,0
            -90.547597,14.632821,0
            -90.547572,14.632713,0
            -90.547542,14.632606,0
            -90.547522,14.632545,0
            -90.547501,14.632485,0
            -90.547477,14.632426,0
            -90.547451,14.632368,0
            -90.547423,14.63231,0
            -90.547393,14.632254,0
            -90.547361,14.632198,0
            -90.547323,14.632135,0
            -90.547283,14.632072,0
            -90.547241,14.632011,0
            -90.547197,14.631951,0
            -90.547151,14.631892,0
            -90.547103,14.631835,0
            -90.547025,14.631754,0
            -90.546943,14.631676,0
            -90.54686,14.6316,0
            -90.546774,14.631527,0
            -90.546725,14.631486,0
            -90.546676,14.631444,0
            -90.546629,14.6314,0
            -90.546583,14.631355,0
            -90.546539,14.631309,0
            -90.546496,14.631262,0
            -90.546486,14.63125,0
            -90.546476,14.631238,0
            -90.546467,14.631226,0
            -90.546459,14.631213,0
            -90.54645,14.6312,0
            -90.546443,14.631187,0
            -90.546435,14.631173,0
            -90.546428,14.63116,0
            -90.546422,14.631146,0
            -90.546405,14.631105,0
            -90.546389,14.631064,0
            -90.546375,14.631023,0
            -90.546362,14.630981,0
            -90.546351,14.630939,0
            -90.54634,14.630896,0
            -90.546332,14.630853,0
            -90.546324,14.63081,0
            -90.546318,14.630767,0
            -90.546314,14.630723,0
            -90.546297,14.630506,0
            -90.546286,14.630324,0
            -90.546288,14.630309,0
            -90.54629,14.630294,0
            -90.546291,14.630279,0
            -90.546292,14.630264,0
            -90.546292,14.630249,0
            -90.546291,14.630234,0
            -90.54629,14.63022,0
            -90.546288,14.630205,0
            -90.546286,14.63019,0
            -90.546284,14.630175,0
            -90.54628,14.630161,0
            -90.546277,14.630146,0
            -90.546272,14.630132,0
            -90.546268,14.630117,0
            -90.546262,14.630103,0
            -90.546256,14.63009,0
            -90.54625,14.630076,0
            -90.546243,14.630063,0
            -90.546236,14.630049,0
            -90.546228,14.630036,0
            -90.54622,14.630024,0
            -90.546212,14.630011,0
            -90.54611,14.629871,0
            -90.545995,14.629701,0
            -90.545588,14.629182,0
            -90.545451,14.629009,0
            -90.545446,14.629003,0
            -90.545441,14.628997,0
            -90.545436,14.628991,0
            -90.54543,14.628986,0
            -90.545424,14.628981,0
            -90.545418,14.628975,0
            -90.545412,14.628971,0
            -90.545406,14.628966,0
            -90.5454,14.628961,0
            -90.545393,14.628957,0
            -90.54537,14.628943,0
            -90.545347,14.62893,0
            -90.545323,14.628918,0
            -90.545299,14.628906,0
            -90.545274,14.628896,0
            -90.545249,14.628886,0
            -90.545224,14.628877,0
            -90.545198,14.628869,0
            -90.545172,14.628861,0
            -90.545146,14.628855,0
            -90.545119,14.62885,0
            -90.545093,14.628845,0
            -90.545066,14.628841,0
            -90.545039,14.628838,0
            -90.545012,14.628836,0
            -90.545007,14.628836,0
            -90.545001,14.628835,0
            -90.544995,14.628834,0
            -90.54499,14.628833,0
            -90.544984,14.628832,0
            -90.544979,14.628831,0
            -90.544973,14.628829,0
            -90.544968,14.628827,0
            -90.544962,14.628826,0
            -90.544957,14.628823,0
            -90.544952,14.628821,0
            -90.544947,14.628819,0
            -90.544942,14.628816,0
            -90.544937,14.628813,0
            -90.544932,14.62881,0
            -90.544927,14.628807,0
            -90.544923,14.628804,0
            -90.544918,14.628801,0
            -90.544914,14.628797,0
            -90.544909,14.628793,0
            -90.544905,14.62879,0
            -90.544901,14.628786,0
            -90.544897,14.628781,0
            -90.544894,14.628777,0
            -90.54489,14.628773,0
            -90.544887,14.628768,0
            -90.544884,14.628764,0
            -90.544881,14.628759,0
            -90.544878,14.628754,0
            -90.544875,14.628749,0
            -90.544872,14.628744,0
            -90.54487,14.628739,0
            -90.544868,14.628734,0
            -90.544866,14.628729,0
            -90.544864,14.628724,0
            -90.544862,14.628718,0
            -90.544848,14.628661,0
            -90.544832,14.628604,0
            -90.544815,14.628547,0
            -90.544795,14.628491,0
            -90.544773,14.628436,0
            -90.54475,14.628381,0
            -90.544725,14.628328,0
            -90.544698,14.628275,0
            -90.544669,14.628222,0
            -90.544638,14.628171,0
            -90.544606,14.628121,0
            -90.544572,14.628072,0
            -90.543043,14.62614,0
            -90.541418,14.624123,0
            -90.541416,14.62412,0
            -90.541414,14.624118,0
            -90.541413,14.624115,0
            -90.541411,14.624112,0
            -90.541409,14.62411,0
            -90.541408,14.624107,0
            -90.541407,14.624104,0
            -90.541405,14.624101,0
            -90.541404,14.624098,0
            -90.541403,14.624095,0
            -90.541402,14.624092,0
            -90.541401,14.62409,0
            -90.541401,14.624086,0
            -90.5414,14.624083,0
            -90.541399,14.62408,0
            -90.541399,14.624077,0
            -90.541399,14.624074,0
            -90.541399,14.624071,0
            -90.541398,14.624068,0
            -90.541398,14.624065,0
            -90.541399,14.624062,0
            -90.541399,14.624059,0
            -90.541399,14.624056,0
            -90.5414,14.624053,0
            -90.5414,14.62405,0
            -90.541401,14.624047,0
            -90.541402,14.624044,0
            -90.541402,14.624041,0
            -90.541403,14.624038,0
            -90.541405,14.624035,0
            -90.541406,14.624032,0
            -90.541407,14.624029,0
            -90.541408,14.624026,0
            -90.54141,14.624023,0
            -90.541411,14.624021,0
            -90.541413,14.624018,0
            -90.541415,14.624016,0
            -90.541417,14.624013,0
            -90.541419,14.624011,0
            -90.541421,14.624008,0
            -90.541423,14.624006,0
            -90.541425,14.624004,0
            -90.541427,14.624001,0
            -90.54143,14.623999,0
            -90.541432,14.623997,0
            -90.541435,14.623995,0
            -90.542612,14.623111,0
            -90.542756,14.623005,0
            -90.543069,14.622768,0
            -90.543224,14.622654,0
            -90.543519,14.622434,0
            -90.543656,14.622321,0
            -90.543974,14.622082,0
            -90.54412,14.621975,0
            -90.544442,14.621729,0
            -90.544569,14.62163,0
            -90.544845,14.621422,0
            -90.545436,14.620976,0
            -90.545438,14.620975,0
            -90.54544,14.620973,0
            -90.545442,14.620971,0
            -90.545443,14.62097,0
            -90.545445,14.620968,0
            -90.545447,14.620966,0
            -90.545449,14.620964,0
            -90.54545,14.620962,0
            -90.545452,14.62096,0
            -90.545453,14.620958,0
            -90.545454,14.620956,0
            -90.545456,14.620954,0
            -90.545457,14.620951,0
            -90.545458,14.620949,0
            -90.545459,14.620947,0
            -90.54546,14.620944,0
            -90.545461,14.620942,0
            -90.545461,14.62094,0
            -90.545462,14.620937,0
            -90.545463,14.620935,0
            -90.545463,14.620932,0
            -90.545464,14.62093,0
            -90.545464,14.620927,0
            -90.545464,14.620925,0
            -90.545464,14.620922,0
            -90.545464,14.62092,0
            -90.545464,14.620917,0
            -90.545464,14.620915,0
            -90.545464,14.620912,0
            -90.545464,14.62091,0
            -90.545463,14.620907,0
            -90.545463,14.620905,0
            -90.545462,14.620902,0
            -90.545462,14.6209,0
            -90.545461,14.620898,0
            -90.54546,14.620895,0
            -90.545459,14.620893,0
            -90.545458,14.62089,0
            -90.545457,14.620888,0
            -90.545456,14.620886,0
            -90.545455,14.620884,0
            -90.545454,14.620882,0
            -90.545452,14.620879,0
            -90.545451,14.620877,0
            -90.545449,14.620875,0
            -90.545448,14.620873,0
            -90.545446,14.620871,0
            -90.545444,14.62087,0
            -90.545442,14.620868,0
            -90.54544,14.620866,0
            -90.544868,14.620354,0
            -90.544521,14.620083,0
            -90.543952,14.619744,0
            -90.543198,14.619303,0
            -90.54262,14.618941,0
            -90.54207,14.61855,0
            -90.541703,14.618253,0
            -90.541372,14.617972,0
            -90.541061,14.617716,0
            -90.541057,14.617713,0
            -90.541054,14.61771,0
            -90.540738,14.617438,0
            -90.540615,14.617337,0
            -90.540056,14.61689,0
            -90.539847,14.616719,0
            -90.539703,14.616633,0
            -90.539562,14.616552,0
            -90.539361,14.616454,0
            -90.5391,14.616318,0
            -90.538709,14.616132,0
            -90.538509,14.616044,0
            -90.538371,14.615986,0
            -90.537922,14.615816,0
            -90.537393,14.615619,0
            -90.537316,14.615589,0
            -90.53724,14.615556,0
            -90.537165,14.61552,0
            -90.536696,14.615286,0
            -90.536432,14.615174,0
            -90.536375,14.615143,0
            -90.536318,14.61511,0
            -90.536263,14.615075,0
            -90.536209,14.615038,0
            -90.536156,14.615,0
            -90.536105,14.614959,0
            -90.536055,14.614917,0
            -90.536006,14.614874,0
            -90.53596,14.614829,0
            -90.535914,14.614782,0
            -90.535871,14.614733,0
            -90.535837,14.614686,0
            -90.535804,14.614637,0
            -90.535773,14.614587,0
            -90.535744,14.614536,0
            -90.535717,14.614485,0
            -90.535691,14.614432,0
            -90.535667,14.614379,0
            -90.535645,14.614325,0
            -90.535552,14.614123,0
            -90.535452,14.613918,0
            -90.535402,14.613839,0
            -90.535349,14.613761,0
            -90.535293,14.613685,0
            -90.535234,14.613611,0
            -90.535169,14.613522,0
            -90.534684,14.612865,0
            -90.534441,14.612592,0
            -90.534036,14.61215,0
            -90.533275,14.611432,0
            -90.533099,14.611241,0
            -90.532916,14.611024,0
            -90.532577,14.610566,0
            -90.532471,14.610407,0
            -90.532282,14.610089,0
            -90.532215,14.609967,0
            -90.532151,14.609839,0
            -90.532097,14.60973,0
            -90.532054,14.609625,0
            -90.531938,14.609311,0
            -90.531816,14.608962,0
            -90.531724,14.608634,0
            -90.53166,14.608394,0
            -90.531556,14.608026,0
            -90.531441,14.607687,0
            -90.531425,14.607642,0
            -90.531407,14.607598,0
            -90.531388,14.607554,0
            -90.531368,14.607511,0
            -90.531346,14.607468,0
            -90.531323,14.607426,0
            -90.531299,14.607385,0
            -90.531273,14.607344,0
            -90.531155,14.607168,0
            -90.531032,14.606995,0
            -90.530967,14.606909,0
            -90.530899,14.606825,0
            -90.530828,14.606744,0
            -90.530701,14.6066,0
            -90.530579,14.606454,0
            -90.53046,14.606304,0
            -90.530155,14.605934,0
            -90.529686,14.605375,0
            -90.52925,14.604953,0
            -90.529101,14.604801,0
            -90.528978,14.604647,0
            -90.528703,14.604324,0
            -90.528699,14.604319,0
            -90.528694,14.604314,0
            -90.528689,14.604309,0
            -90.528684,14.604304,0
            -90.528679,14.6043,0
            -90.528673,14.604295,0
            -90.528668,14.604291,0
            -90.528662,14.604287,0
            -90.528656,14.604283,0
            -90.52865,14.60428,0
            -90.528644,14.604276,0
            -90.528638,14.604273,0
            -90.528631,14.60427,0
            -90.528625,14.604268,0
            -90.528618,14.604265,0
            -90.528612,14.604263,0
            -90.528605,14.604261,0
            -90.528598,14.604259,0
            -90.528591,14.604257,0
            -90.528585,14.604256,0
            -90.528578,14.604255,0
            -90.528571,14.604254,0
            -90.528564,14.604253,0
            -90.528557,14.604253,0
            -90.52855,14.604253,0
            -90.528543,14.604253,0
            -90.528536,14.604253,0
            -90.528529,14.604254,0
            -90.528522,14.604255,0
            -90.528515,14.604256,0
            -90.528508,14.604257,0
            -90.528501,14.604258,0
            -90.528494,14.60426,0
            -90.528487,14.604262,0
            -90.528481,14.604264,0
            -90.528474,14.604267,0
            -90.528468,14.604269,0
            -90.528461,14.604272,0
            -90.528455,14.604275,0
            -90.528449,14.604278,0
            -90.528443,14.604282,0
            -90.528437,14.604286,0
            -90.528431,14.604289,0
            -90.528425,14.604294,0
            -90.52842,14.604298,0
            -90.528414,14.604302,0
            -90.528409,14.604307,0
            -90.528404,14.604312,0
            -90.528399,14.604317,0
            -90.528395,14.604322,0
            -90.52839,14.604327,0
            -90.528386,14.604333,0
            -90.528382,14.604338,0
            -90.528378,14.604344,0
            -90.528374,14.60435,0
            -90.528371,14.604356,0
            -90.528368,14.604362,0
            -90.528365,14.604368,0
            -90.528362,14.604374,0
            -90.528157,14.604805,0
            -90.528082,14.604969,0
            -90.527764,14.605637,0
            -90.527673,14.605828,0
            -90.527365,14.60649,0
            -90.527196,14.606856,0
            -90.526679,14.607972,0
            -90.526447,14.608479,0
            -90.52638,14.608622,0
            -90.526158,14.609109,0
            -90.525869,14.609718,0
            -90.525616,14.610216,0
            -90.52558,14.610289,0
            -90.525546,14.610362,0
            -90.525514,14.610437,0
            -90.525486,14.610513,0
            -90.525289,14.610981,0
            -90.525286,14.610989,0
            -90.525283,14.610996,0
            -90.525279,14.611003,0
            -90.525275,14.61101,0
            -90.525271,14.611016,0
            -90.525266,14.611023,0
            -90.525262,14.61103,0
            -90.525257,14.611036,0
            -90.525252,14.611042,0
            -90.525246,14.611048,0
            -90.525241,14.611054,0
            -90.525235,14.61106,0
            -90.525229,14.611065,0
            -90.525223,14.61107,0
            -90.525217,14.611075,0
            -90.52521,14.61108,0
            -90.525204,14.611085,0
            -90.525197,14.611089,0
            -90.52519,14.611093,0
            -90.525183,14.611097,0
            -90.525176,14.611101,0
            -90.525168,14.611104,0
            -90.525161,14.611107,0
            -90.525153,14.61111,0
            -90.525145,14.611113,0
            -90.525138,14.611116,0
            -90.52513,14.611118,0
            -90.525122,14.61112,0
            -90.525114,14.611121,0
            -90.525106,14.611123,0
            -90.525098,14.611124,0
            -90.52509,14.611125,0
            -90.525082,14.611125,0
            -90.525074,14.611125,0
            -90.525065,14.611125,0
            -90.525057,14.611125,0
            -90.525049,14.611125,0
            -90.52342,14.61083,0
            -90.523118,14.610775,0
            -90.522359,14.610637,0
            -90.521178,14.610422,0
            -90.520405,14.61028,0
            -90.520402,14.610279,0
            -90.520398,14.610279,0
            -90.520395,14.610278,0
            -90.520392,14.610278,0
            -90.520389,14.610278,0
            -90.520386,14.610278,0
            -90.520383,14.610278,0
            -90.520379,14.610279,0
            -90.520376,14.610279,0
            -90.520373,14.610279,0
            -90.52037,14.61028,0
            -90.520367,14.61028,0
            -90.520364,14.610281,0
            -90.520361,14.610282,0
            -90.520358,14.610283,0
            -90.520355,14.610284,0
            -90.520352,14.610285,0
            -90.520349,14.610286,0
            -90.520346,14.610288,0
            -90.520343,14.610289,0
            -90.52034,14.610291,0
            -90.520338,14.610292,0
            -90.520335,14.610294,0
            -90.520332,14.610296,0
            -90.52033,14.610298,0
            -90.520327,14.6103,0
            -90.520325,14.610302,0
            -90.520323,14.610304,0
            -90.520321,14.610306,0
            -90.520318,14.610308,0
            -90.520316,14.610311,0
            -90.520314,14.610313,0
            -90.520312,14.610315,0
            -90.520311,14.610318,0
            -90.520309,14.610321,0
            -90.520307,14.610323,0
            -90.520306,14.610326,0
            -90.520304,14.610329,0
            -90.520303,14.610331,0
            -90.520302,14.610334,0
            -90.5203,14.610337,0
            -90.520299,14.61034,0
            -90.520298,14.610343,0
            -90.520298,14.610346,0
            -90.520297,14.610349,0
            -90.520296,14.610352,0
            -90.520186,14.610931,0
            -90.520186,14.610934,0
            -90.520185,14.610938,0
            -90.520185,14.610941,0
            -90.520185,14.610944,0
            -90.520185,14.610947,0
            -90.520185,14.61095,0
            -90.520185,14.610953,0
            -90.520185,14.610956,0
            -90.520185,14.61096,0
            -90.520186,14.610963,0
            -90.520186,14.610966,0
            -90.520187,14.610969,0
            -90.520188,14.610972,0
            -90.520189,14.610975,0
            -90.52019,14.610978,0
            -90.520191,14.610981,0
            -90.520192,14.610984,0
            -90.520194,14.610987,0
            -90.520195,14.610989,0
            -90.520197,14.610992,0
            -90.520198,14.610995,0
            -90.5202,14.610997,0
            -90.520202,14.611,0
            -90.520204,14.611003,0
            -90.520206,14.611005,0
            -90.520208,14.611007,0
            -90.52021,14.61101,0
            -90.520212,14.611012,0
            -90.520215,14.611014,0
            -90.520217,14.611016,0
            -90.520219,14.611018,0
            -90.520222,14.61102,0
            -90.520225,14.611022,0
            -90.520227,14.611024,0
            -90.52023,14.611025,0
            -90.520233,14.611027,0
            -90.520236,14.611028,0
            -90.520239,14.61103,0
            -90.520242,14.611031,0
            -90.520245,14.611032,0
            -90.520248,14.611033,0
            -90.520251,14.611034,0
            -90.520254,14.611035,0
            -90.520257,14.611036,0
            -90.52026,14.611037,0
            -90.521045,14.611181,0
            -90.521048,14.611182,0
            -90.521051,14.611182,0
            -90.521055,14.611182,0
            -90.521058,14.611182,0
            -90.521061,14.611183,0
            -90.521064,14.611183,0
            -90.521067,14.611182,0
            -90.52107,14.611182,0
            -90.521074,14.611182,0
            -90.521077,14.611182,0
            -90.52108,14.611181,0
            -90.521083,14.61118,0
            -90.521086,14.61118,0
            -90.521089,14.611179,0
            -90.521092,14.611178,0
            -90.521095,14.611177,0
            -90.521098,14.611176,0
            -90.521101,14.611174,0
            -90.521104,14.611173,0
            -90.521107,14.611172,0
            -90.521109,14.61117,0
            -90.521112,14.611169,0
            -90.521115,14.611167,0
            -90.521117,14.611165,0
            -90.52112,14.611163,0
            -90.521122,14.611161,0
            -90.521125,14.611159,0
            -90.521127,14.611157,0
            -90.521129,14.611155,0
            -90.521131,14.611153,0
            -90.521133,14.61115,0
            -90.521135,14.611148,0
            -90.521137,14.611145,0
            -90.521139,14.611143,0
            -90.521141,14.61114,0
            -90.521143,14.611138,0
            -90.521144,14.611135,0
            -90.521146,14.611132,0
            -90.521147,14.611129,0
            -90.521148,14.611126,0
            -90.521149,14.611124,0
            -90.52115,14.611121,0
            -90.521151,14.611118,0
            -90.521152,14.611115,0
            -90.521153,14.611112,0
            -90.521154,14.611109,0
            -90.521318,14.610245,0
            -90.521413,14.609753,0
            -90.521413,14.60975,0
            -90.521414,14.609747,0
            -90.521415,14.609744,0
            -90.521416,14.609741,0
            -90.521417,14.609738,0
            -90.521418,14.609735,0
            -90.521419,14.609732,0
            -90.521421,14.609729,0
            -90.521422,14.609727,0
            -90.521424,14.609724,0
            -90.521426,14.609721,0
            -90.521427,14.609718,0
            -90.521429,14.609716,0
            -90.521431,14.609713,0
            -90.521433,14.609711,0
            -90.521436,14.609709,0
            -90.521438,14.609706,0
            -90.52144,14.609704,0
            -90.521442,14.609702,0
            -90.521445,14.6097,0
            -90.521447,14.609698,0
            -90.52145,14.609696,0
            -90.521453,14.609694,0
            -90.521455,14.609693,0
            -90.521458,14.609691,0
            -90.521461,14.60969,0
            -90.521464,14.609688,0
            -90.521467,14.609687,0
            -90.52147,14.609686,0
            -90.521473,14.609685,0
            -90.521476,14.609684,0
            -90.521479,14.609683,0
            -90.521482,14.609682,0
            -90.521485,14.609681,0
            -90.521489,14.609681,0
            -90.521492,14.60968,0
            -90.521495,14.60968,0
            -90.521498,14.60968,0
            -90.521501,14.609679,0
            -90.521505,14.609679,0
            -90.521508,14.60968,0
            -90.521511,14.60968,0
            -90.521514,14.60968,0
            -90.521518,14.60968,0
            -90.521521,14.609681,0
            -90.525152,14.610336,0
            -90.525163,14.610339,0
            -90.525174,14.610341,0
            -90.525186,14.610342,0
            -90.525197,14.610343,0
            -90.525209,14.610344,0
            -90.52522,14.610345,0
            -90.525232,14.610345,0
            -90.525243,14.610344,0
            -90.525255,14.610344,0
            -90.525266,14.610342,0
            -90.525278,14.610341,0
            -90.525289,14.610339,0
            -90.525301,14.610337,0
            -90.525312,14.610334,0
            -90.525323,14.610331,0
            -90.525334,14.610328,0
            -90.525345,14.610324,0
            -90.525356,14.61032,0
            -90.525366,14.610316,0
            -90.525377,14.610311,0
            -90.525387,14.610306,0
            -90.525397,14.6103,0
            -90.525407,14.610294,0
            -90.525417,14.610288,0
            -90.525426,14.610282,0
            -90.525436,14.610275,0
            -90.525445,14.610268,0
            -90.525453,14.61026,0
            -90.525462,14.610253,0
            -90.52547,14.610245,0
            -90.525478,14.610237,0
            -90.525486,14.610228,0
            -90.525493,14.610219,0
            -90.5255,14.61021,0
            -90.525507,14.610201,0
            -90.525513,14.610192,0
            -90.525519,14.610182,0
            -90.525525,14.610172,0
            -90.52553,14.610162,0
            -90.525535,14.610152,0
            -90.52554,14.610142,0
            -90.525544,14.610131,0
            -90.525791,14.609502,0
            -90.52583,14.609407,0
            -90.525872,14.609313,0
            -90.525917,14.609221,0
            -90.525964,14.609129,0
            -90.526188,14.608714,0
            -90.526324,14.608419,0
            -90.526548,14.607932,0
            -90.527013,14.606923,0
            -90.527135,14.606658,0
            -90.527222,14.606468,0
            -90.527604,14.605684,0
            -90.527705,14.605513,0
            -90.527727,14.605473,0
            -90.527748,14.605433,0
            -90.527768,14.605392,0
            -90.528233,14.604374,0
            -90.528238,14.604362,0
            -90.528243,14.604349,0
            -90.528249,14.604337,0
            -90.528255,14.604325,0
            -90.528262,14.604313,0
            -90.528269,14.604302,0
            -90.528276,14.60429,0
            -90.528284,14.604279,0
            -90.528292,14.604268,0
            -90.5283,14.604258,0
            -90.528309,14.604248,0
            -90.528319,14.604238,0
            -90.528328,14.604228,0
            -90.528338,14.604219,0
            -90.528348,14.60421,0
            -90.528359,14.604201,0
            -90.52837,14.604193,0
            -90.528381,14.604185,0
            -90.528392,14.604178,0
            -90.528404,14.60417,0
            -90.528416,14.604164,0
            -90.528428,14.604157,0
            -90.528441,14.604151,0
            -90.528453,14.604146,0
            -90.528466,14.604141,0
            -90.528479,14.604136,0
            -90.528492,14.604132,0
            -90.528505,14.604128,0
            -90.528519,14.604125,0
            -90.528532,14.604122,0
            -90.528546,14.60412,0
            -90.528559,14.604118,0
            -90.528573,14.604116,0
            -90.528587,14.604115,0
            -90.528601,14.604115,0
            -90.528614,14.604115,0
            -90.528628,14.604115,0
            -90.528642,14.604116,0
            -90.528656,14.604117,0
            -90.528669,14.604119,0
            -90.528683,14.604121,0
            -90.528696,14.604124,0
            -90.52871,14.604127,0
            -90.528723,14.604131,0
            -90.528736,14.604135,0
            -90.528749,14.604139,0
            -90.528762,14.604144,0
            -90.528775,14.60415,0
            -90.528787,14.604155,0
            -90.528799,14.604162,0
            -90.528811,14.604168,0
            -90.528823,14.604175,0
            -90.528835,14.604183,0
            -90.528846,14.60419,0
            -90.528857,14.604199,0
            -90.528867,14.604207,0
            -90.528878,14.604216,0
            -90.528888,14.604225,0
            -90.528898,14.604235,0
            -90.528907,14.604245,0
            -90.528916,14.604255,0
            -90.528925,14.604265,0
            -90.529132,14.604526,0
            -90.529933,14.605508,0
            -90.530834,14.606569,0
            -90.531134,14.606914,0
            -90.531176,14.606963,0
            -90.531216,14.607014,0
            -90.531254,14.607066,0
            -90.53129,14.60712,0
            -90.531324,14.607174,0
            -90.531357,14.60723,0
            -90.531387,14.607287,0
            -90.531571,14.607624,0
            -90.531698,14.607913,0
            -90.531837,14.608337,0
            -90.532195,14.60944,0
            -90.532216,14.609487,0
            -90.532239,14.609533,0
            -90.532263,14.609579,0
            -90.532289,14.609623,0
            -90.532317,14.609667,0
            -90.532346,14.60971,0
            -90.532376,14.609752,0
            -90.532408,14.609792,0
            -90.532441,14.609832,0
            -90.532476,14.609871,0
            -90.533765,14.61127,0
            -90.534697,14.612381,0
            -90.535482,14.613421,0
            -90.535552,14.613523,0
            -90.535624,14.613622,0
            -90.535701,14.613719,0
            -90.53578,14.613813,0
            -90.535863,14.613905,0
            -90.535949,14.613993,0
            -90.536205,14.614248,0
            -90.536222,14.614269,0
            -90.536239,14.61429,0
            -90.536256,14.61431,0
            -90.536275,14.61433,0
            -90.536294,14.614349,0
            -90.536314,14.614367,0
            -90.536334,14.614385,0
            -90.536355,14.614402,0
            -90.536376,14.614418,0
            -90.536521,14.614525,0
            -90.536911,14.614806,0
            -90.537347,14.615035,0
            -90.538102,14.615443,0
            -90.538817,14.615775,0
            -90.538961,14.615828,0
            -90.539393,14.616001,0
            -90.539716,14.616145,0
            -90.540273,14.616475,0
            -90.54028,14.616478,0
            -90.540287,14.616482,0
            -90.540293,14.616486,0
            -90.5403,14.61649,0
            -90.540306,14.616494,0
            -90.540313,14.616499,0
            -90.540319,14.616504,0
            -90.540325,14.616509,0
            -90.540331,14.616514,0
            -90.540337,14.616519,0
            -90.540342,14.616524,0
            -90.540347,14.61653,0
            -90.540457,14.616655,0
            -90.540563,14.616783,0
            -90.540569,14.616791,0
            -90.540576,14.616798,0
            -90.540582,14.616805,0
            -90.540589,14.616812,0
            -90.540596,14.616819,0
            -90.540604,14.616825,0
            -90.540611,14.616831,0
            -90.540619,14.616837,0
            -90.540627,14.616842,0
            -90.540635,14.616847,0
            -90.540644,14.616852,0
            -90.540709,14.616888,0
            -90.540775,14.616923,0
            -90.540793,14.616932,0
            -90.54081,14.616942,0
            -90.540827,14.616953,0
            -90.540843,14.616964,0
            -90.540859,14.616976,0
            -90.540875,14.616988,0
            -90.54089,14.617001,0
            -90.540905,14.617014,0
            -90.540919,14.617028,0
            -90.540933,14.617042,0
            -90.540946,14.617056,0
            -90.540959,14.617072,0
            -90.540971,14.617087,0
            -90.540983,14.617103,0
            -90.540994,14.617119,0
            -90.541005,14.617136,0
            -90.541014,14.617153,0
            -90.541024,14.61717,0
            -90.541254,14.617651,0
            -90.541262,14.61767,0
            -90.541271,14.617688,0
            -90.54128,14.617706,0
            -90.541291,14.617724,0
            -90.541302,14.617741,0
            -90.541313,14.617758,0
            -90.541325,14.617775,0
            -90.541338,14.617791,0
            -90.541351,14.617806,0
            -90.541364,14.617822,0
            -90.541379,14.617837,0
            -90.541393,14.617851,0
            -90.541409,14.617865,0
            -90.541592,14.618026,0
            -90.5416,14.618034,0
            -90.541609,14.618041,0
            -90.542139,14.618464,0
            -90.542686,14.618845,0
            -90.543259,14.619206,0
            -90.54393,14.61961,0
            -90.544281,14.619837,0
            -90.544284,14.619839,0
            -90.544286,14.619841,0
            -90.544289,14.619843,0
            -90.544291,14.619845,0
            -90.544294,14.619847,0
            -90.544296,14.619849,0
            -90.544298,14.619852,0
            -90.5443,14.619854,0
            -90.544302,14.619856,0
            -90.544304,14.619859,0
            -90.544306,14.619861,0
            -90.544308,14.619864,0
            -90.54431,14.619867,0
            -90.544311,14.619869,0
            -90.544313,14.619872,0
            -90.544314,14.619875,0
            -90.544315,14.619878,0
            -90.544316,14.619881,0
            -90.544318,14.619883,0
            -90.544319,14.619886,0
            -90.544319,14.619889,0
            -90.54432,14.619892,0
            -90.544321,14.619895,0
            -90.544321,14.619899,0
            -90.544322,14.619902,0
            -90.544322,14.619905,0
            -90.544322,14.619908,0
            -90.544323,14.619911,0
            -90.544323,14.619914,0
            -90.544322,14.619917,0
            -90.544322,14.61992,0
            -90.544322,14.619923,0
            -90.544321,14.619926,0
            -90.544321,14.619929,0
            -90.54432,14.619933,0
            -90.54432,14.619936,0
            -90.544319,14.619939,0
            -90.544318,14.619942,0
            -90.544317,14.619944,0
            -90.544315,14.619947,0
            -90.544314,14.61995,0
            -90.544313,14.619953,0
            -90.544311,14.619956,0
            -90.54431,14.619958,0
            -90.544308,14.619961,0
            -90.544306,14.619964,0
            -90.544304,14.619966,0
            -90.544303,14.619969,0
            -90.544301,14.619971,0
            -90.544298,14.619973,0
            -90.544296,14.619976,0
            -90.544294,14.619978,0
            -90.544292,14.61998,0
            -90.544289,14.619982,0
            -90.544287,14.619984,0
            -90.541379,14.622187,0
            -90.540606,14.622769,0
            -90.540604,14.622771,0
            -90.540601,14.622773,0
            -90.540599,14.622775,0
            -90.540597,14.622777,0
            -90.540594,14.622779,0
            -90.540592,14.622782,0
            -90.54059,14.622784,0
            -90.540588,14.622787,0
            -90.540586,14.622789,0
            -90.540585,14.622792,0
            -90.540583,14.622794,0
            -90.540581,14.622797,0
            -90.54058,14.6228,0
            -90.540579,14.622803,0
            -90.540577,14.622805,0
            -90.540576,14.622808,0
            -90.540575,14.622811,0
            -90.540574,14.622814,0
            -90.540573,14.622817,0
            -90.540572,14.62282,0
            -90.540572,14.622823,0
            -90.540571,14.622826,0
            -90.540571,14.62283,0
            -90.54057,14.622833,0
            -90.54057,14.622836,0
            -90.54057,14.622839,0
            -90.54057,14.622842,0
            -90.54057,14.622845,0
            -90.540571,14.622848,0
            -90.540571,14.622851,0
            -90.540571,14.622854,0
            -90.540572,14.622858,0
            -90.540573,14.622861,0
            -90.540573,14.622864,0
            -90.540574,14.622867,0
            -90.540575,14.62287,0
            -90.540576,14.622872,0
            -90.540578,14.622875,0
            -90.540579,14.622878,0
            -90.54058,14.622881,0
            -90.540582,14.622884,0
            -90.540583,14.622887,0
            -90.540585,14.622889,0
            -90.540587,14.622892,0
            -90.540589,14.622894,0
            -90.540996,14.623424,0
            -90.541316,14.623828,0
            -90.54313,14.626075,0
            -90.545223,14.628698,0
            -90.545611,14.629164,0
            -90.546019,14.629684,0
            -90.546134,14.629855,0
            -90.546168,14.6299,0
            -90.546204,14.629944,0
            -90.54624,14.629987,0
            -90.546249,14.630002,0
            -90.546258,14.630018,0
            -90.546266,14.630033,0
            -90.546274,14.630049,0
            -90.546281,14.630065,0
            -90.546288,14.630082,0
            -90.546294,14.630098,0
            -90.546299,14.630115,0
            -90.546304,14.630132,0
            -90.546308,14.630149,0
            -90.546312,14.630166,0
            -90.546315,14.630183,0
            -90.546317,14.630201,0
            -90.546319,14.630218,0
            -90.546321,14.630236,0
            -90.546321,14.630253,0
            -90.546321,14.630271,0
            -90.546321,14.630288,0
            -90.546319,14.630303,0
            -90.546318,14.630318,0
            -90.546317,14.630334,0
            -90.546316,14.630349,0
            -90.546317,14.630364,0
            -90.546317,14.630379,0
            -90.546325,14.630504,0
            -90.546342,14.630721,0
            -90.546345,14.63076,0
            -90.546349,14.630798,0
            -90.546355,14.630837,0
            -90.546362,14.630875,0
            -90.54637,14.630913,0
            -90.54638,14.630951,0
            -90.546391,14.630988,0
            -90.546403,14.631025,0
            -90.546416,14.631062,0
            -90.54643,14.631098,0
            -90.546446,14.631134,0
            -90.546453,14.631147,0
            -90.546459,14.63116,0
            -90.546466,14.631172,0
            -90.546474,14.631185,0
            -90.546482,14.631197,0
            -90.54649,14.631209,0
            -90.546499,14.631221,0
            -90.546508,14.631232,0
            -90.546518,14.631243,0
            -90.54656,14.63129,0
            -90.546604,14.631335,0
            -90.54665,14.63138,0
            -90.546696,14.631423,0
            -90.546744,14.631464,0
            -90.546794,14.631504,0
            -90.546864,14.631562,0
            -90.546933,14.631622,0
            -90.546999,14.631685,0
            -90.547064,14.631749,0
            -90.547125,14.631816,0
            -90.547168,14.631865,0
            -90.547208,14.631916,0
            -90.547247,14.631967,0
            -90.547285,14.63202,0
            -90.54732,14.632074,0
            -90.547353,14.632129,0
            -90.547385,14.632186,0
            -90.547427,14.632266,0
            -90.547466,14.632347,0
            -90.547502,14.632429,0
            -90.547536,14.632513,0
            -90.547567,14.632597,0
            -90.547588,14.632658,0
            -90.547606,14.63272,0
            -90.547622,14.632782,0
            -90.547636,14.632845,0
            -90.547648,14.632908,0
            -90.547658,14.632971,0
            -90.547665,14.633035,0
            -90.547671,14.633099,0
            -90.547674,14.633163,0
            -90.547675,14.633227,0
            -90.547674,14.633291,0
            -90.54767,14.633355,0
            -90.547665,14.633418,0
            -90.547657,14.633482,0
            -90.547594,14.633929,0
            -90.547558,14.634175,0
            -90.547509,14.634521,0
            -90.547485,14.634695,0
            -90.547448,14.63496,0
            -90.547425,14.635123,0
            -90.547334,14.635746,0
            -90.547326,14.635785,0
            -90.547317,14.635824,0
            -90.547306,14.635862,0
            -90.547294,14.6359,0
            -90.547281,14.635938,0
            -90.547266,14.635975,0
            -90.54725,14.636012,0
            -90.547234,14.636048,0
            -90.547216,14.636084,0
            -90.547006,14.636484,0
            -90.546795,14.636882,0
            -90.546776,14.636918,0
            -90.546758,14.636955,0
            -90.546742,14.636992,0
            -90.546727,14.63703,0
            -90.546714,14.637069,0
            -90.546702,14.637107,0
            -90.546691,14.637146,0
            -90.546682,14.637186,0
            -90.546674,14.637226,0
            -90.546668,14.637266,0
            -90.546662,14.637306,0
            -90.546652,14.637417,0
            -90.546646,14.637527,0
            -90.546642,14.637639,0
            -90.546643,14.63775,0
            -90.546647,14.637996,0
            -90.546678,14.639455,0
            -90.546711,14.640145,0
            -90.546711,14.640152,0
            -90.546712,14.640159,0
            -90.546712,14.640166,0
            -90.546714,14.640173,0
            -90.546715,14.64018,0
            -90.546716,14.640187,0
            -90.546718,14.640194,0
            -90.54672,14.640201,0
            -90.546723,14.640208,0
            -90.546725,14.640215,0
            -90.546728,14.640221,0
            -90.546731,14.640228,0
            -90.546734,14.640234,0
            -90.546738,14.64024,0
            -90.546741,14.640246,0
            -90.546745,14.640252,0
            -90.546749,14.640258,0
            -90.546754,14.640264,0
            -90.546758,14.64027,0
            -90.546763,14.640275,0
            -90.546768,14.640281,0
            -90.546773,14.640286,0
            -90.546778,14.640291,0
            -90.546784,14.640295,0
            -90.546789,14.6403,0
            -90.546795,14.640304,0
            -90.546801,14.640309,0
            -90.546807,14.640313,0
            -90.546813,14.640316,0
            -90.546819,14.64032,0
            -90.547387,14.640589,0
            -90.547713,14.640753,0
            -90.547715,14.640755,0
            -90.547718,14.640756,0
            -90.547721,14.640758,0
            -90.547723,14.64076,0
            -90.547726,14.640762,0
            -90.547729,14.640764,0
            -90.547731,14.640766,0
            -90.547733,14.640768,0
            -90.547736,14.64077,0
            -90.547738,14.640772,0
            -90.54774,14.640774,0
            -90.547742,14.640777,0
            -90.547744,14.640779,0
            -90.547746,14.640782,0
            -90.547748,14.640784,0
            -90.547749,14.640787,0
            -90.547751,14.64079,0
            -90.547752,14.640792,0
            -90.547754,14.640795,0
            -90.547755,14.640798,0
            -90.547756,14.640801,0
            -90.547757,14.640804,0
            -90.547758,14.640807,0
            -90.547759,14.64081,0
            -90.54776,14.640813,0
            -90.547761,14.640816,0
            -90.547761,14.640819,0
            -90.547762,14.640822,0
            -90.547762,14.640825,0
            -90.547762,14.640828,0
            -90.547762,14.640831,0
            -90.547762,14.640834,0
            -90.547762,14.640838,0
            -90.547762,14.640841,0
            -90.547762,14.640844,0
            -90.547761,14.640847,0
            -90.547761,14.64085,0
            -90.54776,14.640853,0
            -90.54776,14.640856,0
            -90.547759,14.640859,0
            -90.547758,14.640862,0
            -90.547757,14.640865,0
            -90.547756,14.640868,0
            -90.547754,14.640871,0
            -90.547753,14.640873,0
            -90.547751,14.640876,0
            -90.54775,14.640879,0
            -90.547748,14.640882,0
            -90.547747,14.640884,0
            -90.547745,14.640887,0
            -90.547743,14.640889,0
            -90.547741,14.640892,0
            -90.547739,14.640894,0
            -90.547736,14.640896,0
            -90.547734,14.640898,0
            -90.547732,14.640901,0
            -90.547729,14.640903,0
            -90.547727,14.640905,0
            -90.547724,14.640906,0
            -90.547722,14.640908,0
            -90.547719,14.64091,0
            -90.547716,14.640912,0
            -90.547714,14.640913,0
            -90.546455,14.641572,0
            -90.546387,14.641605,0
            -90.546319,14.641641,0
            -90.546253,14.641678,0
            -90.546188,14.641718,0
            -90.546125,14.64176,0
            -90.546063,14.641804,0
            -90.546003,14.64185,0
            -90.545944,14.641899,0
            -90.545887,14.641948,0
            -90.545461,14.642335,0
            -90.545372,14.642404,0
            -90.545279,14.642469,0
            -90.545185,14.642532,0
            -90.545088,14.642591,0
            -90.54499,14.642648,0
            -90.544889,14.642701,0
            -90.544787,14.642751,0
            -90.544683,14.642798,0
            -90.544578,14.642841,0
            -90.544471,14.64288,0
            -90.544363,14.642917,0
            -90.54374,14.643115,0
            -90.543292,14.643243,0
            -90.542979,14.643358,0
            -90.542966,14.643363,0
            -90.542952,14.643369,0
            -90.542944,14.643372,0
            -90.542936,14.643376,0
            -90.54153,14.644055,0
            -90.540966,14.644348,0
            -90.540308,14.644731,0
            -90.539743,14.645093,0
            -90.539591,14.645193,0
            -90.539435,14.645287,0
            -90.539277,14.645377,0
            -90.539115,14.645462,0
            -90.538951,14.645542,0
            -90.538784,14.645616,0
            -90.538615,14.645685,0
            -90.538443,14.645749,0
            -90.53827,14.645807,0
            -90.538094,14.645859,0
            -90.53795,14.645882,0
            -90.537805,14.645899,0
            -90.537659,14.645912,0
            -90.537512,14.64592,0
            -90.537366,14.645923,0
            -90.537219,14.645921,0
            -90.537073,14.645914,0
            -90.537064,14.645913,0
            -90.537056,14.645913,0
            -90.537047,14.645912,0
            -90.537038,14.645913,0
            -90.53703,14.645913,0
            -90.537021,14.645914,0
            -90.537012,14.645915,0
            -90.537004,14.645916,0
            -90.536995,14.645918,0
            -90.536987,14.64592,0
            -90.536978,14.645922,0
            -90.53697,14.645925,0
            -90.536962,14.645927,0
            -90.536954,14.64593,0
            -90.536946,14.645934,0
            -90.536938,14.645937,0
            -90.53693,14.645941,0
            -90.536923,14.645945,0
            -90.536915,14.64595,0
            -90.536908,14.645954,0
            -90.536901,14.645959,0
            -90.536894,14.645964,0
            -90.536887,14.64597,0
            -90.536881,14.645975,0
            -90.536874,14.645981,0
            -90.536868,14.645987,0
            -90.536862,14.645993,0
            -90.536857,14.646,0
            -90.536851,14.646006,0
            -90.536846,14.646013,0
            -90.536841,14.64602,0
            -90.536836,14.646027,0
            -90.536832,14.646035,0
            -90.536828,14.646042,0
            -90.536824,14.64605,0
            -90.53682,14.646057,0
            -90.536817,14.646065,0
            -90.536814,14.646073,0
            -90.536811,14.646081,0
            -90.536809,14.646089,0
            -90.536806,14.646097,0
            -90.536804,14.646106,0
            -90.536803,14.646114,0
            -90.536802,14.646122,0
            -90.536737,14.646507,0
            -90.536726,14.646558,0
            -90.536713,14.646608,0
            -90.536699,14.646658,0
            -90.536682,14.646707,0
            -90.536664,14.646756,0
            -90.536644,14.646804,0
            -90.536623,14.646852,0
            -90.5366,14.646899,0
            -90.536575,14.646945,0
            -90.536549,14.64699,0
            -90.536535,14.647014,0
            -90.536521,14.647038,0
            -90.536505,14.647061,0
            -90.536489,14.647084,0
            -90.536472,14.647106,0
            -90.536455,14.647128,0
            -90.536436,14.647149,0
            -90.536417,14.647169,0
            -90.536397,14.647189,0
            -90.535933,14.647491,0
            -90.535887,14.647523,0
            -90.535841,14.647555,0
            -90.535797,14.64759,0
            -90.535754,14.647625,0
            -90.535713,14.647662,0
            -90.535672,14.6477,0
            -90.535633,14.64774,0
            -90.535596,14.647781,0
            -90.535559,14.647823,0
            -90.535524,14.647866,0
            -90.535089,14.64845,0
            -90.533713,14.650293,0
            -90.533564,14.650494,0
            -90.533172,14.651017,0
            -90.533069,14.651157,0
            -90.532797,14.651522,0
            -90.532783,14.651542,0
            -90.532769,14.651562,0
            -90.532756,14.651582,0
            -90.532479,14.652026,0
            -90.532057,14.65274,0
            -90.531559,14.653594,0
            -90.531532,14.653642,0
            -90.531507,14.653691,0
            -90.531484,14.653741,0
            -90.531462,14.653791,0
            -90.531443,14.653842,0
            -90.531425,14.653894,0
            -90.531409,14.653947,0
            -90.531394,14.654,0
            -90.531382,14.654053,0
            -90.531372,14.654107,0
            -90.531363,14.654153,0
            -90.531352,14.654199,0
            -90.531341,14.654244,0
            -90.531327,14.654289,0
            -90.531312,14.654334,0
            -90.531296,14.654378,0
            -90.531278,14.654422,0
            -90.531259,14.654465,0
            -90.531239,14.654507,0
            -90.531217,14.654549,0
            -90.530712,14.655493,0
            -90.529996,14.656868,0
            -90.529133,14.65852,0
            -90.528484,14.65974,0
            -90.528418,14.65987,0
            -90.528417,14.659872,0
            -90.528416,14.659874,0
            -90.528415,14.659876,0
            -90.528413,14.659878,0
            -90.528412,14.65988,0
            -90.528411,14.659882,0
            -90.528409,14.659884,0
            -90.528408,14.659886,0
            -90.528406,14.659888,0
            -90.528404,14.659889,0
            -90.528402,14.659891,0
            -90.528401,14.659892,0
            -90.528399,14.659894,0
            -90.528397,14.659895,0
            -90.528395,14.659897,0
            -90.528393,14.659898,0
            -90.528391,14.659899,0
            -90.528388,14.659901,0
            -90.528386,14.659902,0
            -90.528384,14.659903,0
            -90.528382,14.659904,0
            -90.528379,14.659905,0
            -90.528377,14.659905,0
            -90.528375,14.659906,0
            -90.528372,14.659907,0
            -90.52837,14.659907,0
            -90.528368,14.659908,0
            -90.528365,14.659908,0
            -90.528363,14.659908,0
            -90.52836,14.659909,0
            -90.528358,14.659909,0
            -90.528356,14.659909,0
            -90.528353,14.659909,0
            -90.528351,14.659909,0
            -90.528348,14.659909,0
            -90.528346,14.659908,0
            -90.528343,14.659908,0
            -90.528341,14.659908,0
            -90.528338,14.659907,0
            -90.528336,14.659907,0
            -90.528334,14.659906,0
            -90.528331,14.659905,0
            -90.528329,14.659904,0
            -90.528327,14.659903,0
            -90.528325,14.659902,0
            -90.528322,14.659901,0
            -90.52832,14.6599,0
            -90.528318,14.659899,0
            -90.528316,14.659898,0
            -90.528314,14.659896,0
            -90.528312,14.659895,0
            -90.52831,14.659894,0
            -90.528308,14.659892,0
            -90.528306,14.65989,0
            -90.528305,14.659889,0
            -90.528303,14.659887,0
            -90.528301,14.659885,0
            -90.5283,14.659883,0
            -90.528298,14.659882,0
            -90.528297,14.65988,0
            -90.528295,14.659878,0
            -90.528294,14.659876,0
            -90.528293,14.659874,0
            -90.528292,14.659871,0
            -90.528291,14.659869,0
            -90.52829,14.659867,0
            -90.528289,14.659865,0
            -90.528288,14.659863,0
            -90.528287,14.65986,0
            -90.528286,14.659858,0
            -90.528286,14.659856,0
            -90.528285,14.659853,0
            -90.528285,14.659851,0
            -90.528285,14.659849,0
            -90.528284,14.659846,0
            -90.528284,14.659844,0
            -90.528284,14.659842,0
            -90.528284,14.659839,0
            -90.528284,14.659837,0
            -90.528284,14.659834,0
            -90.528284,14.659832,0
            -90.528285,14.65983,0
            -90.528285,14.659827,0
            -90.528286,14.659825,0
            -90.528286,14.659823,0
            -90.528287,14.65982,0
            -90.528288,14.659818,0
            -90.528289,14.659816,0
            -90.528289,14.659814,0
            -90.52829,14.659811,0
            -90.528292,14.659809,0
          </coordinates>
        </LineString>
      </Placemark>
    </Folder>
    <Folder>
      <name>Cercanía con Transmetro a minutos caminando_801</name>
      <Placemark>
        <name>Hacia Estación Bethania en dirección a USAC Periférico de Línea 7</name>
        <styleUrl>#line-0F9D58-2356-nodesc</styleUrl>
        <LineString>
          <tessellate>1</tessellate>
          <coordinates>
            -90.5368385,14.6461331,0
            -90.536868,14.6460202,0
            -90.5368036,14.6460008,0
            -90.5368291,14.645906,0
            -90.5367164,14.6458879,0
          </coordinates>
        </LineString>
      </Placemark>
      <Placemark>
        <name>Estación Bethania en dirección a USAC Periférico de Línea 7
</name>
        <styleUrl>#icon-1899-DB4436-nodesc</styleUrl>
        <Point>
          <coordinates>
            -90.5367231,14.6458749,0
          </coordinates>
        </Point>
      </Placemark>
      <Placemark>
        <name>Hacia Estación 4 de Febrero en dirección a USAC Periférico de Línea 7</name>
        <styleUrl>#line-0F9D58-2356-nodesc</styleUrl>
        <LineString>
          <tessellate>1</tessellate>
          <coordinates>
            -90.5400017,14.6450329,0
            -90.5401666,14.6449758,0
            -90.5409686,14.6445191,0
            -90.5409351,14.6444568,0
            -90.5408787,14.6444893,0
          </coordinates>
        </LineString>
      </Placemark>
      <Placemark>
        <name>Estación 4 de Febrero en dirección a USAC Periférico de Línea 7</name>
        <styleUrl>#icon-1899-DB4436-nodesc</styleUrl>
        <Point>
          <coordinates>
            -90.5408508,14.6445072,0
          </coordinates>
        </Point>
      </Placemark>
      <Placemark>
        <name>Estación 4 de Febrero en dirección a La Merced de Línea 7</name>
        <styleUrl>#line-0F9D58-2356-nodesc</styleUrl>
        <LineString>
          <tessellate>1</tessellate>
          <coordinates>
            -90.5398179,14.6447598,0
            -90.5396117,14.644891,0
          </coordinates>
        </LineString>
      </Placemark>
      <Placemark>
        <name>Estación 4 de Febrero en dirección a La Merced de Línea 7</name>
        <styleUrl>#icon-1899-DB4436-nodesc</styleUrl>
        <Point>
          <coordinates>
            -90.5396117,14.644891,0
          </coordinates>
        </Point>
      </Placemark>
      <Placemark>
        <name>Hacia Estación Villa Linda en dirección a USAC Periférico de Línea 7</name>
        <styleUrl>#line-0F9D58-2356-nodesc</styleUrl>
        <LineString>
          <tessellate>1</tessellate>
          <coordinates>
            -90.5453379,14.6424823,0
            -90.5453634,14.6424576,0
            -90.5453097,14.6423914,0
            -90.5455015,14.6422396,0
          </coordinates>
        </LineString>
      </Placemark>
      <Placemark>
        <name>Estación Villa Linda en dirección a USAC Periférico de Línea 7</name>
        <styleUrl>#icon-1899-DB4436-nodesc</styleUrl>
        <Point>
          <coordinates>
            -90.5455087,14.6422364,0
          </coordinates>
        </Point>
      </Placemark>
      <Placemark>
        <name>Hacia Estación Villa Linda en dirección a La Merced de Línea 7</name>
        <styleUrl>#line-0F9D58-1969-nodesc</styleUrl>
        <LineString>
          <tessellate>1</tessellate>
          <coordinates>
            -90.5461991,14.6409444,0
            -90.5459135,14.641309,0
            -90.5460087,14.641431,0
            -90.5460891,14.6413856,0
          </coordinates>
        </LineString>
      </Placemark>
      <Placemark>
        <name>Estación Villa Linda en dirección a La Merced de Línea 7</name>
        <styleUrl>#icon-1899-DB4436-nodesc</styleUrl>
        <Point>
          <coordinates>
            -90.5461203,14.641387,0
          </coordinates>
        </Point>
      </Placemark>
      <Placemark>
        <name>Hacia Estación Santa Cecilia de Línea 12</name>
        <styleUrl>#line-0F9D58-1969-nodesc</styleUrl>
        <LineString>
          <tessellate>1</tessellate>
          <coordinates>
            -90.5354218,14.6140221,0
            -90.5349873,14.6141895,0
            -90.5344803,14.6139715,0
            -90.533437,14.6145477,0
            -90.5333659,14.6144374,0
            -90.5332023,14.6145321,0
          </coordinates>
        </LineString>
      </Placemark>
      <Placemark>
        <name>Estación Santa Cecilia de Línea 12</name>
        <styleUrl>#icon-1899-DB4436-nodesc</styleUrl>
        <Point>
          <coordinates>
            -90.5331876,14.6145441,0
          </coordinates>
        </Point>
      </Placemark>
      <Placemark>
        <name>Hacia Estación Trébol de Línea 12</name>
        <styleUrl>#line-0F9D58-2356-nodesc</styleUrl>
        <LineString>
          <tessellate>1</tessellate>
          <coordinates>
            -90.5358875,14.6138285,0
            -90.5359868,14.6137325,0
            -90.5360136,14.6129863,0
            -90.536027,14.6128864,0
            -90.5362939,14.6126761,0
            -90.5360927,14.6124088,0
            -90.5359465,14.6125009,0
          </coordinates>
        </LineString>
      </Placemark>
      <Placemark>
        <name>Hacia Estación Trébol de Línea 12</name>
        <styleUrl>#line-0F9D58-2163-nodesc</styleUrl>
        <LineString>
          <tessellate>1</tessellate>
          <coordinates>
            -90.5346338,14.6121438,0
            -90.5350415,14.6117363,0
            -90.5358569,14.6119336,0
            -90.5359025,14.6118232,0
            -90.5359441,14.6118375,0
            -90.5358462,14.6120893,0
            -90.5360836,14.612402,0
            -90.5359347,14.6124955,0
          </coordinates>
        </LineString>
      </Placemark>
      <Placemark>
        <name>Estación Trébol de Línea 12</name>
        <styleUrl>#icon-1899-DB4436-nodesc</styleUrl>
        <Point>
          <coordinates>
            -90.5359322,14.6125185,0
          </coordinates>
        </Point>
      </Placemark>
      <Placemark>
        <name>Hacia Estación Trébol de Línea 12</name>
        <styleUrl>#line-0F9D58-2163-nodesc</styleUrl>
        <LineString>
          <tessellate>1</tessellate>
          <coordinates>
            -90.5339778,14.6122347,0
            -90.5341762,14.6124255,0
            -90.5345437,14.6120647,0
            -90.5346215,14.6121374,0
            -90.5350332,14.6117208,0
            -90.5358486,14.6119194,0
            -90.5358942,14.6118117,0
            -90.5359572,14.6118337,0
            -90.5358573,14.6120884,0
            -90.5360947,14.6124012,0
            -90.5359401,14.6124989,0
          </coordinates>
        </LineString>
      </Placemark>
      <Placemark>
        <name>Hacia Estación Industria de Línea 13</name>
        <styleUrl>#line-0F9D58-1969-nodesc</styleUrl>
        <LineString>
          <tessellate>1</tessellate>
          <coordinates>
            -90.5211943,14.6107162,0
            -90.5212935,14.6102594,0
            -90.5190539,14.609883,0
            -90.5191665,14.6093562,0
            -90.5190566,14.6093354,0
          </coordinates>
        </LineString>
      </Placemark>
      <Placemark>
        <name>Estación Industria de Línea 13</name>
        <styleUrl>#icon-1899-DB4436-nodesc</styleUrl>
        <Point>
          <coordinates>
            -90.5190539,14.6093925,0
          </coordinates>
        </Point>
      </Placemark>
      <Placemark>
        <name>Hacia Estación Seis 26 de Línea 13</name>
        <styleUrl>#line-0F9D58-1969-nodesc</styleUrl>
        <LineString>
          <tessellate>1</tessellate>
          <coordinates>
            -90.5211732,14.6107054,0
            -90.5212725,14.610272,0
            -90.5173404,14.6096101,0
            -90.5174664,14.6090132,0
            -90.517394,14.6090002,0
          </coordinates>
        </LineString>
      </Placemark>
      <Placemark>
        <name>Estación Seis 26 de Línea 13</name>
        <styleUrl>#icon-1899-DB4436-nodesc</styleUrl>
        <Point>
          <coordinates>
            -90.5173886,14.6090573,0
          </coordinates>
        </Point>
      </Placemark>
    </Folder>
    <Folder>
      <name>Flechas_801</name>
      <Placemark>
        <name/>
        <description><![CDATA[descripción: <br>fid: 13]]></description>
        <styleUrl>#line-1A237E-3325</styleUrl>
        <ExtendedData>
          <Data name="descripción">
            <value/>
          </Data>
          <Data name="fid">
            <value>13</value>
          </Data>
        </ExtendedData>
        <LineString>
          <tessellate>1</tessellate>
          <coordinates>
            -90.534512,14.648895,0
            -90.534792,14.648847,0
            -90.534811,14.649122,0
          </coordinates>
        </LineString>
      </Placemark>
      <Placemark>
        <name/>
        <description><![CDATA[descripción: <br>fid: 13]]></description>
        <styleUrl>#line-1A237E-3131</styleUrl>
        <ExtendedData>
          <Data name="descripción">
            <value/>
          </Data>
          <Data name="fid">
            <value>13</value>
          </Data>
        </ExtendedData>
        <LineString>
          <tessellate>1</tessellate>
          <coordinates>
            -90.535183,14.648476,0
            -90.534904,14.648531,0
            -90.534878,14.648257,0
          </coordinates>
        </LineString>
      </Placemark>
      <Placemark>
        <name/>
        <description><![CDATA[descripción: <br>fid: 13]]></description>
        <styleUrl>#line-1A237E-3325</styleUrl>
        <ExtendedData>
          <Data name="descripción">
            <value/>
          </Data>
          <Data name="fid">
            <value>13</value>
          </Data>
        </ExtendedData>
        <LineString>
          <tessellate>1</tessellate>
          <coordinates>
            -90.531571,14.653179,0
            -90.531845,14.653104,0
            -90.531891,14.653376,0
          </coordinates>
        </LineString>
      </Placemark>
      <Placemark>
        <name/>
        <description><![CDATA[descripción: <br>fid: 13]]></description>
        <styleUrl>#line-1A237E-3325</styleUrl>
        <ExtendedData>
          <Data name="descripción">
            <value/>
          </Data>
          <Data name="fid">
            <value>13</value>
          </Data>
        </ExtendedData>
        <LineString>
          <tessellate>1</tessellate>
          <coordinates>
            -90.532214,14.65265,0
            -90.531939,14.652724,0
            -90.531894,14.652452,0
          </coordinates>
        </LineString>
      </Placemark>
      <Placemark>
        <name/>
        <description><![CDATA[descripción: <br>fid: 13]]></description>
        <styleUrl>#line-1A237E-3325</styleUrl>
        <ExtendedData>
          <Data name="descripción">
            <value/>
          </Data>
          <Data name="fid">
            <value>13</value>
          </Data>
        </ExtendedData>
        <LineString>
          <tessellate>1</tessellate>
          <coordinates>
            -90.529043,14.658262,0
            -90.529313,14.658175,0
            -90.529372,14.658445,0
          </coordinates>
        </LineString>
      </Placemark>
      <Placemark>
        <name/>
        <description><![CDATA[descripción: <br>fid: 13]]></description>
        <styleUrl>#line-1A237E-3519</styleUrl>
        <ExtendedData>
          <Data name="descripción">
            <value/>
          </Data>
          <Data name="fid">
            <value>13</value>
          </Data>
        </ExtendedData>
        <LineString>
          <tessellate>1</tessellate>
          <coordinates>
            -90.529625,14.657673,0
            -90.529357,14.657766,0
            -90.529291,14.657498,0
          </coordinates>
        </LineString>
      </Placemark>
      <Placemark>
        <name/>
        <description><![CDATA[descripción: <br>fid: 13]]></description>
        <styleUrl>#line-1A237E-3519</styleUrl>
        <ExtendedData>
          <Data name="descripción">
            <value/>
          </Data>
          <Data name="fid">
            <value>13</value>
          </Data>
        </ExtendedData>
        <LineString>
          <tessellate>1</tessellate>
          <coordinates>
            -90.547638,14.632308,0
            -90.547528,14.632564,0
            -90.547281,14.63243,0
          </coordinates>
        </LineString>
      </Placemark>
      <Placemark>
        <name/>
        <description><![CDATA[descripción: <br>fid: 13]]></description>
        <styleUrl>#line-1A237E-3325</styleUrl>
        <ExtendedData>
          <Data name="descripción">
            <value/>
          </Data>
          <Data name="fid">
            <value>13</value>
          </Data>
        </ExtendedData>
        <LineString>
          <tessellate>1</tessellate>
          <coordinates>
            -90.547477,14.633156,0
            -90.547653,14.632938,0
            -90.547855,14.63313,0
          </coordinates>
        </LineString>
      </Placemark>
      <Placemark>
        <name/>
        <description><![CDATA[descripción: <br>fid: 13]]></description>
        <styleUrl>#line-1A237E-3519</styleUrl>
        <ExtendedData>
          <Data name="descripción">
            <value/>
          </Data>
          <Data name="fid">
            <value>13</value>
          </Data>
        </ExtendedData>
        <LineString>
          <tessellate>1</tessellate>
          <coordinates>
            -90.54671,14.640623,0
            -90.546432,14.640679,0
            -90.546405,14.640405,0
          </coordinates>
        </LineString>
      </Placemark>
      <Placemark>
        <name/>
        <description><![CDATA[descripción: <br>fid: 13]]></description>
        <styleUrl>#line-1A237E-3519</styleUrl>
        <ExtendedData>
          <Data name="descripción">
            <value/>
          </Data>
          <Data name="fid">
            <value>13</value>
          </Data>
        </ExtendedData>
        <LineString>
          <tessellate>1</tessellate>
          <coordinates>
            -90.546588,14.641293,0
            -90.546865,14.641358,0
            -90.546769,14.641617,0
          </coordinates>
        </LineString>
      </Placemark>
      <Placemark>
        <name/>
        <description><![CDATA[descripción: <br>fid: 13]]></description>
        <styleUrl>#line-1A237E-3519</styleUrl>
        <ExtendedData>
          <Data name="descripción">
            <value/>
          </Data>
          <Data name="fid">
            <value>13</value>
          </Data>
        </ExtendedData>
        <LineString>
          <tessellate>1</tessellate>
          <coordinates>
            -90.541488,14.644142,0
            -90.541218,14.644055,0
            -90.541336,14.643804,0
          </coordinates>
        </LineString>
      </Placemark>
      <Placemark>
        <name/>
        <description><![CDATA[descripción: <br>fid: 13]]></description>
        <styleUrl>#line-1A237E-3519</styleUrl>
        <ExtendedData>
          <Data name="descripción">
            <value/>
          </Data>
          <Data name="fid">
            <value>13</value>
          </Data>
        </ExtendedData>
        <LineString>
          <tessellate>1</tessellate>
          <coordinates>
            -90.540556,14.644351,0
            -90.54083,14.644427,0
            -90.540723,14.644682,0
          </coordinates>
        </LineString>
      </Placemark>
      <Placemark>
        <name/>
        <description><![CDATA[descripción: <br>fid: 13]]></description>
        <styleUrl>#line-1A237E-3325</styleUrl>
        <ExtendedData>
          <Data name="descripción">
            <value/>
          </Data>
          <Data name="fid">
            <value>13</value>
          </Data>
        </ExtendedData>
        <LineString>
          <tessellate>1</tessellate>
          <coordinates>
            -90.544677,14.628278,0
            -90.544667,14.628001,0
            -90.544949,14.628021,0
          </coordinates>
        </LineString>
      </Placemark>
      <Placemark>
        <name/>
        <description><![CDATA[descripción: <br>fid: 13]]></description>
        <styleUrl>#line-1A237E-3131</styleUrl>
        <ExtendedData>
          <Data name="descripción">
            <value/>
          </Data>
          <Data name="fid">
            <value>13</value>
          </Data>
        </ExtendedData>
        <LineString>
          <tessellate>1</tessellate>
          <coordinates>
            -90.544265,14.627405,0
            -90.544263,14.627682,0
            -90.543982,14.62765,0
          </coordinates>
        </LineString>
      </Placemark>
      <Placemark>
        <name/>
        <description><![CDATA[descripción: <br>fid: 13]]></description>
        <styleUrl>#line-1A237E-3713</styleUrl>
        <ExtendedData>
          <Data name="descripción">
            <value/>
          </Data>
          <Data name="fid">
            <value>13</value>
          </Data>
        </ExtendedData>
        <LineString>
          <tessellate>1</tessellate>
          <coordinates>
            -90.542196,14.621329,0
            -90.542479,14.621353,0
            -90.542424,14.621623,0
          </coordinates>
        </LineString>
      </Placemark>
      <Placemark>
        <name/>
        <description><![CDATA[descripción: <br>fid: 13]]></description>
        <styleUrl>#line-1A237E-3325</styleUrl>
        <ExtendedData>
          <Data name="descripción">
            <value/>
          </Data>
          <Data name="fid">
            <value>13</value>
          </Data>
        </ExtendedData>
        <LineString>
          <tessellate>1</tessellate>
          <coordinates>
            -90.543631,14.622582,0
            -90.543347,14.622562,0
            -90.543398,14.622291,0
          </coordinates>
        </LineString>
      </Placemark>
      <Placemark>
        <name/>
        <description><![CDATA[descripción: <br>fid: 13]]></description>
        <styleUrl>#line-1A237E-3519</styleUrl>
        <ExtendedData>
          <Data name="descripción">
            <value/>
          </Data>
          <Data name="fid">
            <value>13</value>
          </Data>
        </ExtendedData>
        <LineString>
          <tessellate>1</tessellate>
          <coordinates>
            -90.53816,14.615652,0
            -90.538032,14.615405,0
            -90.538297,14.615309,0
          </coordinates>
        </LineString>
      </Placemark>
      <Placemark>
        <name/>
        <description><![CDATA[descripción: <br>fid: 13]]></description>
        <styleUrl>#line-1A237E-3519</styleUrl>
        <ExtendedData>
          <Data name="descripción">
            <value/>
          </Data>
          <Data name="fid">
            <value>13</value>
          </Data>
        </ExtendedData>
        <LineString>
          <tessellate>1</tessellate>
          <coordinates>
            -90.537388,14.615406,0
            -90.537502,14.615659,0
            -90.537232,14.615742,0
          </coordinates>
        </LineString>
      </Placemark>
      <Placemark>
        <name/>
        <description><![CDATA[descripción: <br>fid: 13]]></description>
        <styleUrl>#line-1A237E-3519</styleUrl>
        <ExtendedData>
          <Data name="descripción">
            <value/>
          </Data>
          <Data name="fid">
            <value>13</value>
          </Data>
        </ExtendedData>
        <LineString>
          <tessellate>1</tessellate>
          <coordinates>
            -90.533457,14.61123,0
            -90.533473,14.610953,0
            -90.533752,14.610999,0
          </coordinates>
        </LineString>
      </Placemark>
      <Placemark>
        <name/>
        <description><![CDATA[descripción: <br>fid: 13]]></description>
        <styleUrl>#line-1A237E-3713</styleUrl>
        <ExtendedData>
          <Data name="descripción">
            <value/>
          </Data>
          <Data name="fid">
            <value>13</value>
          </Data>
        </ExtendedData>
        <LineString>
          <tessellate>1</tessellate>
          <coordinates>
            -90.532936,14.610748,0
            -90.532916,14.611024,0
            -90.532638,14.610975,0
          </coordinates>
        </LineString>
      </Placemark>
      <Placemark>
        <name/>
        <description><![CDATA[descripción: <br>fid: 13]]></description>
        <styleUrl>#line-1A237E-3519</styleUrl>
        <ExtendedData>
          <Data name="descripción">
            <value/>
          </Data>
          <Data name="fid">
            <value>13</value>
          </Data>
        </ExtendedData>
        <LineString>
          <tessellate>1</tessellate>
          <coordinates>
            -90.523838,14.610287,0
            -90.523664,14.610068,0
            -90.523905,14.609924,0
          </coordinates>
        </LineString>
      </Placemark>
      <Placemark>
        <name/>
        <description><![CDATA[descripción: <br>fid: 13]]></description>
        <styleUrl>#line-1A237E-3519</styleUrl>
        <ExtendedData>
          <Data name="descripción">
            <value/>
          </Data>
          <Data name="fid">
            <value>13</value>
          </Data>
        </ExtendedData>
        <LineString>
          <tessellate>1</tessellate>
          <coordinates>
            -90.522814,14.610528,0
            -90.522984,14.610751,0
            -90.522739,14.610889,0
          </coordinates>
        </LineString>
      </Placemark>
      <Placemark>
        <name/>
        <description><![CDATA[descripción: <br>fid: 13]]></description>
        <styleUrl>#line-1A237E-3713</styleUrl>
        <ExtendedData>
          <Data name="descripción">
            <value/>
          </Data>
          <Data name="fid">
            <value>13</value>
          </Data>
        </ExtendedData>
        <LineString>
          <tessellate>1</tessellate>
          <coordinates>
            -90.520639,14.610126,0
            -90.520802,14.610353,0
            -90.520555,14.610486,0
          </coordinates>
        </LineString>
      </Placemark>
      <Placemark>
        <name/>
        <description><![CDATA[descripción: <br>fid: 13]]></description>
        <styleUrl>#line-1A237E-3713</styleUrl>
        <ExtendedData>
          <Data name="descripción">
            <value/>
          </Data>
          <Data name="fid">
            <value>13</value>
          </Data>
        </ExtendedData>
        <LineString>
          <tessellate>1</tessellate>
          <coordinates>
            -90.52078,14.61133,0
            -90.520618,14.611103,0
            -90.520867,14.610972,0
          </coordinates>
        </LineString>
      </Placemark>
      <Placemark>
        <name/>
        <description><![CDATA[descripción: <br>fid: 13]]></description>
        <styleUrl>#line-1A237E-3519</styleUrl>
        <ExtendedData>
          <Data name="descripción">
            <value/>
          </Data>
          <Data name="fid">
            <value>13</value>
          </Data>
        </ExtendedData>
        <LineString>
          <tessellate>1</tessellate>
          <coordinates>
            -90.527078,14.607231,0
            -90.526819,14.607345,0
            -90.52673,14.607083,0
          </coordinates>
        </LineString>
      </Placemark>
      <Placemark>
        <name/>
        <description><![CDATA[descripción: <br>fid: 13]]></description>
        <styleUrl>#line-1A237E-3519</styleUrl>
        <ExtendedData>
          <Data name="descripción">
            <value/>
          </Data>
          <Data name="fid">
            <value>13</value>
          </Data>
        </ExtendedData>
        <LineString>
          <tessellate>1</tessellate>
          <coordinates>
            -90.526478,14.60795,0
            -90.526739,14.607842,0
            -90.526822,14.608105,0
          </coordinates>
        </LineString>
      </Placemark>
    </Folder>
  </Document>
</kml>
